:020000021000EC
:1000000000000000000000000000000000000000F0
:1000100000000000000000000000000000000000E0
:1000200000000000000000000000000000000000D0
:1000300000000000000000000000000000000000C0
:1000400000000000000000000000000000000000B0
:1000500000000000000000000000000000000000A0
:100060000000000000000000000000000000000090
:100070000000000000000000000000000000000080
:100080000000000000000000000000000000000070
:100090000000000000000000000000000000000060
:1000A0000000000000000000000000000000000050
:1000B0000000000000000000000000000000000040
:1000C0000000000000000000000000000000000030
:1000D0000000000000000000000000000000000020
:1000E0000000000000000000000000000000000010
:1000F0000000000000000000000000000000000000
:1001000000000000000000000000000000000000EF
:1001100000000000000000000000000000000000DF
:1001200000000000000000000000000000000000CF
:1001300000000000000000000000000000000000BF
:1001400000000000000000000000000000000000AF
:10015000000000000000000000000000000000009F
:10016000000000000000000000000000000000008F
:10017000000000000000000000000000000000007F
:10018000000000000000000000000000000000006F
:10019000000000000000000000000000000000005F
:1001A000000000000000000000000000000000004F
:1001B000000000000000000000000000000000003F
:1001C000000000000000000000000000000000002F
:1001D000000000000000000000000000000000001F
:1001E000000000000000000000000000000000000F
:1001F00000000000000000000000000000000000FF
:10020000102A0020911101000B9701007D110100BF
:100210007D1101007D1101007D1101007D110100A2
:100220000000000000000000000000006912010052
:100230007D11010000000000311401007D1101005A
:10024000B1140100B1140100B1140100B114010096
:10025000B1140100B1140100B1140100B114010086
:10026000B1140100B1140100B1140100B114010076
:10027000B1140100B1140100B1140100B114010066
:10028000B1140100B1140100B1140100B114010056
:10029000B1140100B1140100B1140100B114010046
:1002A000B1140100B1140100B1140100B114010036
:1002B000B1140100B1140100B1140100B114010026
:1002C000B1140100B1140100B1140100B114010016
:1002D000B1140100B1140100B1140100B114010006
:1002E000B1140100B1140100B1140100B1140100F6
:1002F000B1140100B1140100B1140100B1140100E6
:10030000B1140100B1140100B1140100B1140100D5
:10031000B1140100B1140100B1140100B1140100C5
:10032000B1140100B1140100B1140100B1140100B5
:10033000B1140100B1140100B1140100B1140100A5
:10034000B1140100B1140100B1140100B114010095
:04035000B1140100E3
:1003540053B94AB9002908BF00281CBF4FF0FF3128
:100364004FF0FF3000F00CB8ADF1080C6DE904CE8D
:1003740000F012F8DDF804E0DDE9022304B0704770
:10038400704700BF10F8012B11F8013B012A28BF68
:100394009A42F7D0D01A70472DE9F0478C468E4622
:1003A400089E154604461946002B40F0D08072453D
:1003B40047D9B2FA82F74FB1C7F120030EFA07FC0E
:1003C400BD40BC4020FA03F343EA0C0C4FEA154E3F
:1003D400A8B2230CBCFBFEF80EFB18CC08FB00F9FA
:1003E40043EA0C43994528D9EB1808F1FF3204D2AB
:1003F400994502D9A8F102022B44A3EB0903A4B244
:10040400B3FBFEFC0EFB1C330CFB00F044EA03447C
:10041400A04214D92C190CF1FF3304D2A04202D902
:10042400ACF102032C44241A43EA02401EB1FC40FE
:10043400002334607360BDE8F0874246DDE763461D
:10044400F1E7002A79D0B2FA82F3002B3FD01946A3
:10045400C1F1200302FA01F500FA01F42EFA03F2C5
:100464000EFA01FE20FA03F3AFB243EA0E034FEA99
:10047400154EB2FBFEFC0EFB1C201A0C0CFB07F8FD
:1004840042EA004290455AD9AA180CF1FF3004D22E
:10049400904502D9ACF102002A44A2EB08029BB2B7
:1004A400B2FBFEFC0EFB1C220CFB07F743EA0243E3
:1004B4009F4246D9EB180CF1FF3204D29F4202D975
:1004C400ACF102022B44DB1B42EA004202E0AEEB39
:1004D400020301224FEA154EAFB2200CB3FBFEFC1F
:1004E4000EFB1C330CFB07F840EA034398452AD95A
:1004F400EB180CF1FF3004D2984502D9ACF102009C
:100504002B44A3EB0803A4B2B3FBFEFC0EFB1C3389
:100514000CFB07F744EA0344A74216D92C190CF143
:10052400FF3304D2A74202D9ACF102032C44E41BEA
:1005340043EA00400F46114678E71F2188E76046EA
:10054400ABE76246BFE76046DBE76346EFE7734528
:1005540006D916B9002108466DE7C6E9000EF9E789
:10056400B3FA83F787B9734501D3824207D8841A53
:100574006EEB030301209C461EB900215BE738465D
:10058400FAE7C6E9004CF8E7C7F1200CBB4000FAD3
:1005940007F422FA0CF520FA0CF1BA401D432EFAA6
:1005A4000CF30EFA07FE4FEA154941EA0E011FFA51
:1005B40085FEB3FBF9F809FB18300B0C08FB0EFAA7
:1005C40043EA00439A4540D9EB1808F1FF3004D2BE
:1005D4009A4502D9A8F102002B44A3EB0A0389B27D
:1005E400B3FBF9F809FB183308FB0EFE41EA03419B
:1005F4008E452CD9691808F1FF3304D28E4502D9EF
:10060400A8F10203294443EA0040A1EB0E01A0FB38
:1006140002984145CE46434602D306D14C4504D206
:100624000138B9EB020E68EB0503002EA5D0B4EB3C
:100634000E0261EB030101FA0CFC22FA07F3F94004
:100644004CEA0303C6E9003197E74046C5E7434651
:10065400D9E700001FB50223019002938DF80C30F6
:1006640007489DF80C30826843F002038DF80C3083
:1006740094683823012201A9A04704B010BD00BF2B
:1006840024DA01002DE9F04136488CB008F06EFE02
:10069400354C20460CF0D3FA002859D042F64123B9
:1006A40002A8ADF80830FFF7D5FF20B14122382168
:1006B4002E4808F05BFE41F2420303A8ADF80C306B
:1006C400FFF7C8FF20B142223821284808F04EFE27
:1006D400002604AD0DF107030693012307930623B7
:1006E40050270A9307232E60AE808DF807708DF88B
:1006F400206009958DF82C309DF82C30A26843F0C9
:1007040002038DF82C30D2F80880382302221648D0
:1007140006A9C04720B13A463821154808F026FEFC
:10072400144808F023FEBDF81010134808F01EFE0C
:10073400BDF81210114808F019FEBDF81410104845
:1007440008F014FE00214FF400400CF05EFDC1E7F8
:1007540021680C4808F00AFE4FF0FF300CB0BDE8E9
:10076400F08100BF6EE4010024DA0100A8E4010076
:10077400E1E4010019E501003AE501004AE5010060
:100784005CE501008EE40100014B1B68184700BFC3
:10079400D0000020014B1860704700BFD00000203B
:1007A40030B5044685B00D461022002168460CF091
:1007B400D4FE02238DF80230044B2A4621466846B3
:1007C400019307F0EFFA05B030BD00BF8D070100BB
:1007D40080B505460E461746984606F0B3FD034617
:1007E40000F076FE0446DFF81890424649F80030DF
:1007F40039463046A84754F8090000F001FE00BF0E
:10080400080000002DE9F047058B04462807174629
:100814000CD501290CBF45F0100545F020052583B2
:1008240087F31188BFF36F8FBDE8F087022905F0C5
:10083400070540F09480204608F0C0FD052864D8E0
:1008440001A353F820F000BF25080100630901004B
:100854000F090100D1080100EB080100FD080100A7
:1008640001F007035A1F012A1FD8002221F00701B3
:10087400062BD4F8008089B2C4E9002209D143468A
:1008840003E0628B013262831B68002BF9D141F0D3
:1008940002012046218308F091FD4FF00009002851
:1008A4006DD041F02001218369E0042B0AD121F0AD
:1008B400070189B22046218308F080FD10B141F080
:1008C400200121834FF00008C14658E02369D3F882
:1008D4000090238B23F0070343F006034FF0000836
:1008E400238346464BE02369D3F80490238B23F0FB
:1008F400070343F00403F1E72369D3F80890238B3B
:1009040023F0070343F00503E8E74FF00008C1466E
:10091400E7E7012243F00803238387F31188BFF339
:100924006F8F002A3BD1B8F1000F4AD1B9F1000F03
:1009340002D020462C49C847EFF31187202383F3C4
:100944001288BFF36F8F238B23F008039BB223839A
:10095400D9063FD523F01002228303F00705666908
:10096400218B002EBFF67CAF00239946D4F800807B
:1009740021F00701C4E9003341F001012183238BF5
:1009840003F0070AAA4502D0A268002AC1D1B8F12F
:10099400000F02D1B9F1000FDAD00022BAE7A16842
:1009A4000029C0D00D680029BDD0334652462046E8
:1009B4004F68B8471DB12B6829461D46F3E72B46FF
:1009C400FAE74146334652462046D8F8008008F0FC
:1009D40021FDA8E79A067FF523AF23F020022283A6
:1009E40003F0070527E700BF45940100014B0360AE
:1009F4000020704798E0010007B51B491B4809F027
:100A040085F870BB1A49194809F080F848BB1949A0
:100A1400164809F07BF820BB1749144809F076F80A
:100A2400F8B90146154A114809F052FBC8B9024603
:100A3400012313490D4809F025FC90B9012301460F
:100A44000093EF220223094808F06AFF48B90748D7
:100A540008F08FFF28B9054803B05DF804EB08F0EF
:100A6400B8BF03B05DF804FB480100202407002050
:100A7400300100201801002000010020D4000020D3
:100A84006DE5010008B5044808F070FC034808F05F
:100A94006DFC002008BD00BF86E50100BBE5010038
:100AA400014806F095BF00BF98E0010038B5044640
:100AB40018B90F4B0F485B6898476168B1F5683FF8
:100AC40010D0B1F5680F0DD00B4DA9420AD011F426
:100AD4006861206807D0014608480CF05BF90023E0
:100AE4002360656038BD14220CF037FDF9E700BFC0
:100AF40040050020E8E501002C5F5CA96811002096
:100B040008B560B34368B3F5683F0ED0B3F5680F1A
:100B140018D0144A934220D000684FF0FF324FF0AF
:100B2400FF3305F083FD58B115E001220368D3E8D3
:100B3400EF1F002903D1C3E8E02F0028F7D10AD121
:100B4400002008BD0368084A1B7803F5807352F837
:100B54002330002BF4D00548F3E70548F1E76FF4A0
:100B6400E040EEE72C5F5CA900000350E98FFFFF33
:100B7400EA8FFFFF08B520B34368B3F5683F09D097
:100B8400B3F5680F13D0114A93421DD0006805F0E5
:100B9400BFFD14E000220368D3E8EF1F012903D14D
:100BA400C3E8E02F0028F7D109D0094808BD002187
:100BB4000368084A1B7803F5807342F82310002069
:100BC400F4E76FF4E040F1E70348EFE72C5F5CA93A
:100BD400E98FFFFF00000350EA8FFFFF10B50446C2
:100BE40018B91D4B1D485B6898476368B3F5683FA7
:100BF4002FD0B3F5680F2CD0194A934219D123682A
:100C040003BB4FF0FF324FF0FF332146154805F088
:100C140015FC08B923681BB90F4B13485B68984748
:100C24001422002120680CF098FC4FF46863636080
:100C340008E0B3F5680F0DD83A2B03D040F6BA623A
:100C44009342DED120680CF004F9636843F03A0360
:100C5400636010BD054AF3E740050020E8E50100A4
:100C64002C5F5CA9681100200EE601003A00003AEE
:100C740008B506494023142205480CF07EF8BDE867
:100C840008400449044806F015BF00BF680C002062
:100C940068110020A0E00100B4E0010008B5034899
:100CA400034A0021121A08F026FD08BDB8070020E7
:100CB400D0160020074808B5074A0849121A08F058
:100CC4001CFDBDE808400648064A0749121A08F008
:100CD40014BD00BF00000020B807002098EB0100FD
:100CE400000000200000002098EB010038B5054604
:100CF4000C4699B1D1E901230F48096808F036FB85
:100D0400D4E90423E1680D4808F030FBE1690C489C
:100D140008F02CFBA1690B4808F028FB012D05D134
:100D2400EFF305810848103908F020FB21462846D6
:100D3400BDE8384005F01CBA3BE601006BE6010053
:100D44009BE60100ABE60100DAE6010030BFFFF7E5
:100D5400FDBF00BF2DE9F04105460B4EDFF82C80A6
:100D6400324606EB0807CC1B204609490CF0E8FB89
:100D7400A01942460021083C0CF0EFFBC5F8AC403A
:100D840007F10800BDE8F081000000000800000041
:100D940000DE010010B5204C204808F0E7FAA36AF1
:100DA400990137D51E4808F0E1FA1E20A36ADA013A
:100DB40003D51C4808F0DAFA1F20174CA36ADB029B
:100DC40003D5194808F0D2FA0220A36A1C0303D5FC
:100DD400164808F0CBFA21200F4CA36A590303D517
:100DE400134808F0C3FA2220A36A9A0303D51148D2
:100DF40008F0BCFA2320084CA36ADB0303D50E4891
:100E040008F0B4FA2420A36A6FEA03436FEA134399
:100E1400A36210BD1D20C9E700ED00E0EEE601006D
:100E240007E701001BE7010036E7010061E7010065
:100E340080E70100A6E70100C1E7010070B5244C7A
:100E4400064624480D4608F091FAA36AD90435D51C
:100E5400214808F08BFA1720A36A1A0503D51F4806
:100E640008F084FA18201A4CA36A9B050FD51C4875
:100E740008F07CFAA16BA36A180407D5194808F096
:100E840075FA1EB1A36A23F40043A3621920104C1F
:100E9400A36A590503D5144808F068FA1A20A36A0E
:100EA400DA050DD5114808F061FA1B20084A936A47
:100EB40043F47F43936200232B7070BD1620CBE76D
:100EC400A36A9B04F2D50A4808F050FA1C20EDE707
:100ED40000ED00E0EDE7010004E8010016E8010080
:100EE4002AE8010044E801005AE8010076E801001C
:100EF4008FE8010070B5264C064626480D4608F0DA
:100F040035FAA36AD80640D5234808F02FFA1120F1
:100F1400A36A190703D5214808F028FA12201C4CAB
:100F2400A36A9A070FD51E4808F020FA616BA36ADA
:100F34001B0607D51B4808F019FA1EB1A36A23F053
:100F44008003A3621320124CA36ADE0703D516485C
:100F540008F00CFA1420A36A9C0603D5134808F081
:100F640005FA15200A4B9A6AD10658BF9A6A9A6AFA
:100F7400920642BF5A6A22F400525A629A6A42F0B6
:100F8400FF029A6200232B7070BD1020C0E700BFDF
:100F940000ED00E0BFE80100D6E8010016E801001A
:100FA4000AE9010023E901003AE901008FE80100A0
:100FB4002DE9F0415D4B04465F6800258AB0C7F314
:100FC400080685F31188BFF36F8F02F07F43B3F1F6
:100FD4007F4F06D102F00C03082B13D1544808F0BC
:100FE400C5F900252C464FF00008F31E8DF8078044
:100FF400092B00F28B80DFE803F00A7F837B898969
:101004008989898710074CBF0C460125EBE74948BD
:10101400464E08F0ABF98DF80780F36A9A0704D5B9
:10102400454808F0A3F900232AE0F36A002B01DA0B
:101034004248F6E7F36A5B00F5D5414808F096F9B3
:101044007369A26943F480737361BFF34F8FBFF375
:101054006F8F32F8023C726922F480727261BFF3BE
:101064004F8FBFF36F8F03F47F42B2F55F4F27D1E9
:10107400DBB2022B24D12168324808F077F92368C7
:101084009DF80720CAB902AE04F120073246206851
:101094006168083403C2BC421646F7D1099A002D90
:1010A40040D0C2F3080121B96FEA52226FEA42220A
:1010B4000992184602A9FFF719FE0AB0BDE8F081AB
:1010C4001A4B9A6AD2B22AB101200DF10701FFF737
:1010D40011FF0FE09A6A12F47F4F05D001200DF141
:1010E4000701FFF7ABFE05E09B6AB3F5803F9AD397
:1010F400FFF750FE0346C3E700200DF10701E6E7C2
:1011040000200DF10701ECE70F488AE70F4B17F4B5
:10111400F87F0F490F4808BF1946A6F1100208F0DE
:1011240025F980E76FF30802C2E700BF00ED00E095
:1011340088E90100B4E90100CCE90100EEE901000D
:10114400FDE901001DEA01003AEA01005AE9010043
:101154006FE901005FEA0100064B5A6942F0100290
:101164005A615A6942F480625A615A6922F008024B
:101174005A61704700ED00E0EFF30880EFF3098156
:1011840001B57246FFF714FF01BD00BF002080F3D4
:101194001488BFF36F8F002080F30A8880F30B88D4
:1011A400104880F3088800200F49087003F056FDAA
:1011B40000200E490860BFF34F8F00F02DF8202067
:1011C40080F311880A484FF40061401880F30988BD
:1011D400EFF314800221084380F31488BFF36F8F68
:1011E40000F0A6F8102A0020CE16002094ED00E0AE
:1011F400D01C0020002318460649D1F89020C2F3E1
:101204000722934200DB7047C1F89830C1F8A00070
:101214000133F6E700ED00E010B572B6002484F364
:101224001388FFF7E7FF23464FF0FF300C4A03F122
:1012340020010133102B42F82100F8D100234FF094
:10124400FF30074A03F160010133102B42F82100FB
:10125400F8D162B6BFF34F8FBFF36F8F10BD00BFDD
:1012640000E100E01EF0040F0CBFEFF30880EFF381
:101274000980816911F8021C0229FFD001B5724668
:1012840008F03DFA01BD00BF40B2002807DB01238E
:101294004109034A00F01F00834042F8213070479F
:1012A40000E100E040B200280CDB012206494309BA
:1012B40000F01F008240203341F82320BFF34F8FFA
:1012C400BFF36F8F704700BF00E100E0054B420998
:1012D40053F82220012300F01F0003FA00F010400D
:1012E400704700BF00E100E040B2002801F10101B5
:1012F400ACBF00F16040064B4FEA4111C9B2ABBF2D
:1013040000F5614000F00F0080F800131954704795
:1013140014ED00E0044B054A23F07F039360BFF310
:101324004F8FBFF36F8F70470002010000ED00E0A4
:1013340008B5FFF7EFFF074AD2F8883023F47003AB
:10134400C2F88830FFF7AAFCFFF7B4FC00F0A2F85B
:1013540004F0D8FF00ED00E042F8203C009B0B496C
:1013640042F81C3C019B21F0010142F8183C029B0D
:1013740042F8081C42F8143C4FF0807342F8043CD5
:101384000023203A0265C0F8B0307047D507010049
:1013940000B50E4B15469860D0F8AC200C4B0E46A9
:1013A4001A60D0F89C3083F30B882C4686F30988A6
:1013B4000020044B98472046002100220023024CC1
:1013C4002047000031970100D5070100381600209E
:1013D400841100201022014B1A61704700ED00E0D7
:1013E400054B5A699B689A421FBF044A536843F0ED
:1013F40080535360704700BF3816002000ED00E0B2
:10140400084B9B6883420BD1EFF3058343B1064B32
:101414005A6842F080525A605A6A22F400425A6270
:1014240005F096BF3816002000ED00E016498A68E2
:101434004FF030001044EFF3098C80E8F01F2020B7
:1014440080F31288BFF36F8F104F4FF000664A6924
:101454008A603E60D2F8AC000D4C2060D2F8B00037
:101464000023C2F8B03080F3118802F1300090E814
:10147400F01F8CF3098802F1000004B508F04EF95E
:10148400BDE80440704700003816002004ED00E079
:1014940084110020002320210348C2180133452B66
:1014A40082F80013F9D1704700E100E008B5EFF3CA
:1014B4000583064A103B02EBC30152F83300496826
:1014C4008847BDE80840FFF78BBF00BFB0DA0100D2
:1014D4000148006870470000841100201FB50121F5
:1014E400094B0A4A0A4800F0F7F80023064A039316
:1014F400084B0121019301A8D31A029300F0F6F8D6
:1015040005B05DF804FB00BF0000072000000020C8
:10151400C4E00100B80700200A7A0B6810B562F332
:1015240004031C46CB68520923F01F0343EA420319
:10153400044A43F00103C2F89800C2F89C40C2F880
:10154400A03010BD00ED00E010B5074BD3F890308B
:10155400C3F30723013B984202D8FFF7DDFF10BD18
:101564006FF01500FBE700BF00ED00E02DE9F04F40
:101574000F46144606464FF000084B4D85B0B8455B
:1015840080F28E80D6F80490B9F1000F35D0B9F10D
:101594001F0F40F2838019F01F0F7FD1D6F800A0EF
:1015A4001AF01F0F7AD1504608F0FCF8834609EB75
:1015B4000A00013808F0F6F883456FD11BF1160FC5
:1015C4006CD05C456ADDC5F898B0D5F89C10C5F8B8
:1015D40098B0D5F8A03021F01F0143F01F0AD6E9D6
:1015E40000321A44994202F1FF391BD1CA4508D18D
:1015F40031465FFA8BF008F0DEF808F101080C368A
:10160400BDE73146C5F898B0D5F89C30E0B263F335
:101614000402C5F89C2008F0CEF810F1160F3DD056
:10162400441CEAE7C5F898B0D5F8A020013B23F0A4
:101634001F0302F01F021343CA453146E0B2C5F846
:10164400A030E8D008F0B7F810F1160F26D0C5F88E
:1016540098B0D5F89C209DF808300AF1FF3A62F35F
:1016640004038DF80830D5F8A0309DF808205B08F5
:1016740063F347128DF80820D6E90032134400932F
:1016840023F01F035344A3EB0903013023F01F038A
:101694006946C0B20393FFF757FFBEE76FF0150426
:1016A400204605B0BDE8F08F00ED00E00522044BB4
:1016B400C3F89420BFF34F8FBFF36F8F704700BF01
:1016C40000ED00E0BFF35F8F0022024BC3F89420CB
:1016D400704700BF00ED00E010B5034C2278FFF71F
:1016E40045FF207010BD00BF901600202DE9F74F74
:1016F400294D8A4606464FF00008AB46274FD04591
:101704001BDAD6F80490B9F1000F3FD031680846CF
:10171400019108F047F80199044609EB01000138EA
:1017240008F040F884424FF014021D4B08D002FB2D
:1017340008F36FF015024BF8032003B0BDE8F08FF7
:1017440014F1160F2C60F8D01978A142F5DD02FBD4
:1017540008B0C7F89840C7F89840D7F89C4000F103
:101764000801007B64F304000871D7F8A0000C7929
:10177400400860F347140C71D7F89C1021F01F0146
:101784006960D7F8A01021F01F01296108F1010850
:1017940014350C36B3E700BF8811002000ED00E0DB
:1017A40090160020F0B55349534DD1F890302C6871
:1017B400C3F307239C4287B000F299800020FFF70F
:1017C40081FF4E4BC1F8C030844216D14C4D01A864
:1017D4002C70FFF70BF9002607464A4CB74213D189
:1017E40000202B784349D1F89020C2F3072293427A
:1017F40077DBFFF75BFF002046E0696801EB00112F
:10180400FFF78AFE0130DFE70199300101EB06138F
:10181400DA682240B2F1807F52D00AD8B2F5001FB4
:1018240034D0B2F5800F3ED0B2F5801F12D001360D
:10183400D4E7B2F1006F43D0B2F1805FF7D15A68B8
:101844009B680958013B22F01F00034423F01F0347
:10185400012032E05A689B680958013B22F01F00BE
:1018640003440120844623F01F0340EA4C10CDE9D1
:1018740002218DF8100002A928780593FFF764FE71
:1018840000282ADA6FF0150007B0F0BD5A689B688B
:101894000958013B22F01F0003444FF0020C0120C1
:1018A40023F01F03E1E75A689B680958013B22F0C3
:1018B4001F000344062023F01F034FF0000CD4E75D
:1018C4005A689B680958013B22F01F0003444FF0FB
:1018D400030C012023F01F03C7E72B7801332B707F
:1018E400A5E7C1F89830C1F8A00001337BE74FF0B9
:1018F400FF30C9E700ED00E0D0E00100AAFF44009A
:10190400901600200000F0FF08B5024B1B689847B2
:10191400002008BD9C110020034B044A18609378F2
:1019240043F00203937070479C1100208001002053
:1019340008B50649064821F00701C1F1005202F535
:10194400E02207F0BFFC002008BD00BF4F3D00208F
:10195400A011002070B541690446867A0A4D59B138
:10196400437ADB0706D4242303FB0653DB691B6895
:101974009B689847002363612420214600FB06509E
:10198400BDE870400BF000BB000700202422024B8E
:1019940002FB0030704700BF000700202DE9F04330
:1019A40085B00546684690461C4603910BF00DFD34
:1019B400DDE90067EFF31189202383F31288BFF375
:1019C4006F8F6B8A002B41D02A8A9A4225D9002234
:1019D4000023284604F0ECFE0446F0B189F3118894
:1019E400BFF36F8F039B002B41D032463B466846C2
:1019F4000BF010FD2421A27A254B204601FB023373
:101A0400DB6903A91B681D68DDE90023A847606141
:101A140070BB2046FFF79EFF24E0698A4B1E6B8251
:101A240089F31188BFF36F8F2B7D2A8A2C6A1B33AD
:101A340023F00303521A02FB0344154B154AEB1A15
:101A44009B105343A3722B7DE372CBE789F3118878
:101A5400BFF36F8F23464246284604F0A9FE04468E
:101A64000028BFD10024204605B0BDE8F08363619F
:101A7400012300252381039B29466382E27A656062
:101A840004F118000BF069FD63692582E360EAE75D
:101A940000070020398EE33870B524250C4C00B9BA
:101AA40070BD037A4668002BFAD0013BDBB20372A7
:101AB400002BF5D1C3604360837A05FB03439B6924
:101AC40013B198473046EAE7FFF744FFFAE700BF4F
:101AD40000070020052370B5144D154E2C780134F1
:101AE400B4FBF3F303EB8303E41A0AF003FB114A98
:101AF400137823B156F82430C01A072814D94FF0AC
:101B04005023D3F8141141B10021C3F81411D3F8B0
:101B140014312C700CB9012313702C780AF0EAFAF2
:101B240046F82400012070BD0020FCE79216002036
:101B3400AC11002091160020054B03EB8000D0F877
:101B4400003223F0E04343F04053C0F800327047C2
:101B540000258450012208B50B4B0C49C3F800251D
:101B640002230020C1F8D036FFF7E6FF1046FFF746
:101B7400E3FFC1F80427C1F80429C1F8002BBDE82C
:101B8400084000F07BB800BF001000500040005037
:101B940007B500220E4B0F49C3F8A821C3F8AC20A7
:101BA4004FF48062C3F8B8254FF400620A48C3F8C2
:101BB4003C250DF107020AF0F1FA002803DB9DF839
:101BC400070003F037F903B05DF804EB00F05EB8EA
:101BD40000A002502CA0025028A1025048B1054B8D
:101BE400054A1B68B3FBF2F35843044B43F001036B
:101BF400184770472805002040420F0000DE01000E
:101C040070B50025104E1149114C000716F8013B20
:101C140003F01F025B090FD0012B0FD1234603EB06
:101C24008203D3F80022013522F0E0420243042D5E
:101C3400C3F80022EAD170BD0B46F0E700238032DE
:101C440053F82230FFDE00BF68EB0100002584500A
:101C5400002884501FB50023019303930123694690
:101C64000548029307F00CFC029B9B0708BF039BEB
:101C740005B05DF804FB00BFC01100200149024813
:101C840007F0EBBBF8E00100C01100201022024B6A
:101C9400C3F84024FFF7DEBF0030005008B54FF012
:101CA400FF33044A13603F231046536003F0AEF839
:101CB400002008BDDC1100202DE9F04190F8283007
:101CC400044603F01F03012B0F4600F128062FD012
:101CD400022B18D08BB3204694F8291007F0BCFED1
:101CE400024678B3304607F0A1FF1D4D002834D1D9
:101CF40013693BB33A463146204698470346FFF7FB
:101D0400E7FB2B5024E0818DC9B208F081FA054627
:101D14000028E0D0304607F089FF024668688368EF
:101D2400CAB99B6873B13A463146BDE8F0411847D9
:101D3400818DC9B208F053FAE9E790F8291008F048
:101D44008AFAE4E7FFF7C4FB6FF08502044B1A50EC
:101D54000020BDE8F081DB68E4E7D368C9E700BF91
:101D64000C0000002DE9F04F0B7E044633F0800890
:101D74000D46164693B040F08E847AB10846FFF7BC
:101D84008BFE6B7EDF0703D49E0711D52B7E7BB9B8
:101D9400204613B0BDE8F04F07F074BF4A7E00F14F
:101DA4002809900708D5802B0CD12846FFF774FE2C
:101DB400404613B0BDE8F08F910700F02784002B54
:101DC40040F02484D2072FD52B8A082B40F00684B8
:101DD400EA68294613680020A3625368C9F80430EE
:101DE40007F010FD054610B1FFF756FEEFE0484638
:101DF40007F01CFFE28D70B9B2B12946A06909F061
:101E04000BFA0146002800F02D84204613B0BDE8EB
:101E1400F04F08F0A1BB3AB11146204608F097FBF9
:101E24000546002800F01E84FFF752FB002394F8B7
:101E34002880B14F18F0600FC351C8F3411307D085
:101E4400032B40F0BD81FFF743FB6FF0850337E0C0
:101E5400484607F0EBFE94F82930002840F04E8104
:101E6400013B0A2BEFD801A252F823F0E71F01002F
:101E74004B1E0100732001004B1E01009D1E01003A
:101E84004B1E01004B1E01004B1E01000D1F0100E3
:101E94004B1E01006F1F0100618D7F29D3D8A38DD4
:101EA400002BD0D1E38D002BCDD118F01F0FCAD158
:101EB40094F83030022B05D1FFF70AFB4FF0FF33C3
:101EC4003B5076E0A069036993F880301B0707D57F
:101ED400C9B207F00AFF804628B1002D6CD167E72C
:101EE400012384F8393094F83030012B0AD1638D02
:101EF40043B984F83030FFF7EBFA3B58002B00F07D
:101F0400858056E00123F4E7204607F004FD628D46
:101F14000146FF2A97D8E38D002B94D194F82830FA
:101F2400D80690D194F83030002BC5D02AB1204681
:101F3400D2B208F07AF80028BED0618D94F8383017
:101F44008B42D8D02046C9B208F076F880460028E3
:101F5400C3D1628D0521002A14BF02230123204628
:101F640084F8303008F082FBC5E708F01F08B8F1A8
:101F7400010F7FF468AFE38D002B7FF464AF628DB3
:101F8400FF2A3FF660AFA18DFF293FF65CAF94F8BE
:101F94003030022B90D12046D2B2C9B208F05BFA9D
:101FA40010F1020F804640F01081FFF791FA47F8D4
:101FB400008065B14FF000082846FFF76DFDB8F1C9
:101FC400000F7FF4F5AEFFF783FA3B58F3B14846B0
:101FD40007F02CFE0346A069002B00F04F838021FC
:101FE40055E3E38D002B7FF42EAF94F83030002BB3
:101FF4003FF462AF012BA18D02D100297FF45CAFC5
:1020040018F01F080CD0B8F1020F16D0E38D002B86
:1020140040F0D782204607F01FFE0028D7D1B7E64C
:1020240000297FF449AF638D012BEFD194F86C3014
:1020340061F3C30384F86C30E8E7B4F82AA0BAF17A
:10204400000FE3D15FFA81F84146204608F0F4FA24
:102054000346FFF73DFA3B50013302D14FF0FF38FE
:102064003BE752464146204607F0E6FD43E7E38D51
:10207400002B7FF4E8AE628DA38D022A5FFA83FA07
:1020840011D108F01F085AEA08087FF4DCAE0122D7
:10209400A069190A07F009FE00287FF4D4AE0123D1
:1020A40084F8393027E794F8301000293FF404AF5E
:1020B400012902D1002B7FF4FFAE18F01F0811D0C4
:1020C400B8F1020FA2D1002AA0D15146204608F04F
:1020D4009FFA0346FFF7FCF93B500133BED00122BF
:1020E4005146C0E7002B7FF4E7AE012A8ED194F865
:1020F4006C3043F008039DE70C0000000A2B3FF608
:10210400A2AE01A252F823F0392101004B1E0100B6
:102114004B1E01004B1E01004B1E01004B1E010013
:10212400B32101004B1E0100432501004B1E010099
:102134006D250100E38D022B7FF485AE94F83030D9
:10214400002B3FF4B9AE012BA18D02D100297FF4FD
:10215400B3AE18F01F0811D0B8F1020F1CD04FF025
:10216400000805F10C0A504607F058FDE38D98422B
:1021740018D2FFF7ADF96FF00B03A1E600297FF445
:102184009BAE94F86C304FEA930808F00208C3F34E
:10219400001348EA0308E4E72046C9B208F05BFAF2
:1021A4008046DEE74146504607F04FFBA3E6B4F80D
:1021B4002AA018F01F0F4FEA1A235FFA8AFA09D0EF
:1021C40029462046FFF778FD8046B8F1000F7FF4DA
:1021D40084AE90E6013B0E2B3FF635AE01A252F8D9
:1021E40023F000BF25220100652201000F23010016
:1021F4004B1E01004B1E01000723010007230100B1
:102204004B1E01004B1E01004B1E01004B1E010022
:102214004B1E01004B1E01004B1E01005124010006
:1022240005F10C08404607F0F9FC83462046B4F853
:102234002EA007F070FB20B101287FF404AE616F7B
:1022440000E0216F002900F02A82DA4528BFDA462F
:102254000A784046524528BF524607F0E5FA4AE656
:10226400204607F058FB0AF1010201460190D2B260
:10227400204607F0B4FE804600283FF4E4AD05F1A3
:102284000C0AD0F804B0504607F0C8FC9BF80020B4
:102294005946824228BF0246504607F0C5FAD8F88C
:1022A4000CB0BBF1000F09D1298AE38D99427FF666
:1022B40022AE5046C91A07F0D2FA1CE6DBF8040035
:1022C40083681B6B13B9DBF800B0EAE70199984700
:1022D4000028F8D0A0F1040858F8041F0029F2D00F
:1022E4000A78002AEFD05046CDE9022107F096FC87
:1022F400029A0399904238BF82B2504607F094FA8A
:10230400EAE7204607F007FB9DE5524603212046F5
:1023140007F0E2FB824600283FF495AD07F079FC14
:10232400B4F82EB09AF81530C8B99AF814808DF81C
:1023340029308DF82880DAF8103005F10C0A1B8852
:102344005046ADF82A3007F069FCC3455A4628BF09
:102354004246824228BF02460AA950467DE74FF012
:102364000008DAF808208DF81530C04B8DF8148079
:102374001340BF4A934258D1102106A809F052F9DC
:10238400021EFFF660AD0AA9102A084628BF1022D3
:10239400DFF8E0E20DF1180C424501F1020133D8F7
:1023A4000346920002325FFA82F88DF8148005F138
:1023B4000C0A5046029307F031FCD845424628BF28
:1023C4005A46904228BF104602288346804628BFBA
:1023D4004FF0020B50465A46A8EB0B0805A907F02C
:1023E40023FA4FEA58030193029B9B4603EB5802DE
:1023F400934521D118F0010F3FF47DAD5046019A69
:10240400995C07F01AFA76E51CF8013B08F101081B
:102414004FEA131A03F00F031EF80AA01EF8033044
:1024240001F802AC01F8013CB6E79AF81480DAF836
:1024340010308DF81480BAE750461BF8011BCDE923
:10244400023207F002FADDE90232D1E7204607F052
:1024540062FA38B101282CD0FFF73AF86FF08503FF
:102464003B5048E5236F002B00F019815B88B3F5DE
:10247400007FF1D9804B04F14C0B0A9300238DF8B3
:102484002C30E36C9B4508BF0023BDF82A10A3B190
:102494005A7D0F2A08D11A7D0A44ADF82A209DF8E6
:1024A4002C2001328DF82C20226D934203D01B681E
:1024B400EBE7636FD7E7BDF82A1005F10C0A504625
:1024C400019107F0ABFBB4F82E800199884528BF31
:1024D4008846804528BF80464246052A28BF0522F3
:1024E40050460AA9019207F09FF9019AB8EB020835
:1024F4003FF401ADE36C5B453FF4FDAC002B3FF4CE
:10250400FAAC5A7D0F2A14D11A7D1969424528BFA5
:1025140042465046019307F087F9019B1A7D4245D4
:1025240094BFA8EB0208A8EB0808B8F1000F3FF429
:10253400E2AC226D93423FF4DEAC1B68DEE794F814
:102544003030002B3FF4B8ACE38D012B7FF47BAC2F
:1025540005F10C08404607F061FB00283FF409AE82
:1025640094F8381040464CE708F01F08B8F1010F02
:102574007FF4A2AC204607F046FD00283FF49CAC53
:10258400B4F82CA0BAF1FF0F3FF65DAC43681B7999
:102594005345FFF458AC5FFA8AF30F2B3FF653AC64
:1025A400E38D012B7FF44FAC05F10C08404607F096
:1025B40035FB00283FF4DDAD04EB0A0393F83A1031
:1025C400D0E7484607F032FB18B92846FFF764FA0B
:1025D40020E52946204607F0BFFF08B1284603E45A
:1025E400A069036993F8801011F004017FF4D0AB63
:1025F40008F026FE054600283FF4E9AC01462046D3
:1026040007F0AAFF00283FF4C3ABE7E752077FF5C2
:10261400DEAC002B3FF4C9AB2846FFF73DFA94F833
:102624003930002B3FF4C4AB94F82930052B05D185
:10263400618DA069C9B207F058FB064694F82930A9
:10264400032B09D1638D022B06D1A18D0022A06931
:10265400090A07F02AFB06460023B04684F83930FD
:10266400FFF7A6BB6FF00B06B1E400BF00FF02004A
:10267400000302006CEB0100050F0500E38D002B45
:102684003FF4ADAC16F10C0118BF0121C90108F0EB
:10269400DCFCFFF77DBB6FF00408FFF789BB6FF02C
:1026A40015081AE40B7810B4062B14D10369D3F877
:1026B4009C20EFF31184202383F31288BFF36F8FE0
:1026C40000204B681860506A58B9C2E9083384F393
:1026D4001188BFF36F8F00220023034810BC0AF057
:1026E400A9BB03605362F2E7B40600202DE9FF4161
:1026F40020264FF0FF334FF0FF325B4801A903F06F
:1027040031FF039B1B69D3F89C40236A93B1EFF319
:10271400118286F31288BFF36F8F216A29B1606A30
:102724000B688142236208BF636282F31188BFF39E
:102734006F8FC9B99DF80430062BDAD0072BD8D88F
:1027440001A252F823F000BF9F2701009327010044
:10275400BF270100A5270100E3270100D9270100B5
:10276400F7260100672801000B7E20465D06D1F89C
:102774001E2009D1FFF7F6FA02460028C5D007212A
:10278400204607F073FFC0E707F039FDF4E70022A5
:102794000121204607F06AFFABE700221146F8E763
:1027A40094F86C3001A943F00403204684F86C309B
:1027B40007F0C0FA00220321EBE794F86C3001A97A
:1027C40023F00403204684F86C3007F0B3FA0022A7
:1027D4000221DEE7204601A907F0ACFA89E794F864
:1027E4006C30A76923F0040384F86C30D7F80880B0
:1027F4003B69A033D3E8AF3F9A072FD53846D8F8C2
:102804003C309847D8F8243000213846984705468C
:10281400D8F8403038469847ADB92946204607F0E5
:102824000BFC054678B9A06908F029FD831E5842BF
:10283400584194F86C3084F8305023F0680343EA2C
:10284400401384F86C3000220421204607F00EFF68
:10285400002D3FF44EAF2A4607219AE74FF0FF358B
:10286400F1E70621029A94E7B406002030B589B056
:10287400002200230024CDE906236FF007034FF460
:102884008062CDE90334CDE90144154B1549009428
:10289400154804F0DBFA1549134804F061FA144BA7
:1028A40014498B4207D30020134B14498B420CD399
:1028B400002009B030BD03F11402D2E8EF0FC2E8E2
:1028C400E54F002DF9D11833EBE703F11402D2E8F8
:1028D400EF4FC2E8E50F002DF9D11833E6E700BF4A
:1028E400F1260100D0160020B807002082EA01007A
:1028F400A0070020B8070020B8070020B807002070
:1029040038B5024605460949806908F016FD0446B3
:1029140048B985F83800284607F063FA044610B130
:10292400A86908F039FD204638BD00BFA92601007A
:1029340070B50546074C084EB44202D30024204625
:1029440070BD636828461968FDF71CFD0028F6D0A1
:102954001834F1E7A0070020B807002070B5064638
:10296400EFF31181202383F31288BFF36F8F1B4D84
:102974002A6881F31188BFF36F8F526892F86C2034
:10298400D20705D4BDE870402122002304F07AB9AF
:10299400EFF3118283F31288BFF36F8F2C682CB18D
:1029A400696823688C422B6008BF6B6082F31188CE
:1029B400BFF36F8F44B1606804F10801C36998479D
:1029C400214607480AF0E6F92B6833B13046BDE8E2
:1029D40070400022002304F021B970BDE4110020EE
:1029E4003406002030B585B0CDE90012054600223A
:1029F4000023144803A903F021FD0246E8B9DDE9E8
:102A04000001039B5D60083383E80300EFF311804A
:102A1400202383F31288BFF36F8F039B1A600A4A43
:102A2400516861B9C2E9003380F31188BFF36F8F35
:102A340000220023054804F0F1F805B030BD0B6016
:102A44005360F1E734060020E41100200000002068
:102A540038B54B780469202B4568206908D0222BAF
:102A640019D0FEF735FD6FF08502104B1A5010E0B7
:102A7400CB88072BF5D1D3681A6842609A88028103
:102A84009B79837207F013FE22460821284607F03B
:102A9400FBFD002038BD4B880921C3F3400283812C
:102AA40003F00103027643762246EFE70C000000B0
:102AB40008B513464A78212A14D133B9FEF708FD24
:102AC4006FF00B020A4B1A500AE0CA880169072A00
:102AD400096928BF0722043103F10C0006F0A4FEA3
:102AE400002008BDFEF7F4FC6FF08502004BEAE716
:102AF4000C00000073B5202504698DF80710EFF36E
:102B0400118685F31288BFF36F8F0122E06B0DF1FC
:102B1400070106F0ACFD86F31188BFF36F8F01281F
:102B24000CD00AF0D8FA88B101220C4BD3E8EF1F7D
:102B3400002903D1C3E8E02F0028F7D12122002384
:102B440004F1480004F06AF802B070BDA37E002BC3
:102B5400EAD0002121200AF058FBD0E7EC11002034
:102B640038B5002405690E49EB6B05F14800C3E94B
:102B74000144DC606B6BC3E90144DC600AF092FA47
:102B840005F1780007490AF061FA074905F12400C4
:102B94000AF05CFA284607F08AFD204638BD00BFDB
:102BA40047A80100EDA901006FAA0100F8B5144679
:102BB40087680546FB6B0E46984721460022002392
:102BC4000548FEF7EBFE044600B1067628463B6C4A
:102BD40098472046F8BD00BF0007002010F0080FFA
:102BE4000B4B42B20CD1002A4FF0140200F00F003C
:102BF40002FB0033B4BFD3F80806D3F808077047C4
:102C0400002AB4BFD3F8A806D3F8A807704700BFBA
:102C1400006003500246F8B5EFF31181202383F3DB
:102C24001288BFF36F8F012400F0080508F0DBFB66
:102C3400570604FA00F46FEA04061BD0D5B9174FFF
:102C44003B6823FA00F0C00714D533403B6053B20D
:102C5400DB4322F08000DB0F00F2DA301B0103EBD0
:102C640040030F48C0F80038D0F8043843F002039A
:102C7400C0F804380B4803683340036035B90A4888
:102C84001206036854BF334023430360044BC3F864
:102C94006C4481F31188BFF36F8FF8BD4812002094
:102CA400006003504C1200205012002070B5024600
:102CB40008F099FBEFF31185202383F31288BFF307
:102CC4006F8F0124531E062B04FA00F40FD80F4E05
:102CD4000F4B31681B680B43C34013F0010306D14B
:102CE4000C4802F59472214340F8223031600A4ABC
:102CF4001368234313604FF48002084BC3F8042184
:102D040085F31188BFF36F8F70BD00BF4812002098
:102D140050120020006003504C12002000E100E03B
:102D2400F8B50306044623D410F0080720D100F0B8
:102D34000F02920002F1A04202F55832D2F8443454
:102D4400B3B1EFF31186202383F31288BFF36F8F9F
:102D540008F049FB0123084D03FA00F12B68C2F87F
:102D6400A07423EA01032B6086F31188BFF36F8FED
:102D7400024BC3F81845F8BD501200200060035000
:102D840010B591F91800154B0028B4BFD3F81045BD
:102D9400D3F8144501230A7E02F00F029340234224
:102DA4000DD10E4A0028B5BFD2F81005D2F814058B
:102DB40003430343B4BFC2F81035C2F814350B7E85
:102DC4001A0709D4054AC2F80C3543F48073C2F8D3
:102DD4000C35087EFFF7A4FF002010BD00600350EF
:102DE4000B7E074A13F07F0F0CBF012343F480735B
:102DF4004FF000000CBF5365C2F81835704700BF90
:102E040000600350EFF31180202383F31288BFF393
:102E14006F8F0C4B1A7802F0FF0332B10A49D1F8D4
:102E24002C2562B10022C1F82C2580F31188BFF350
:102E34006F8F002B0CBF6FF00A0000207047134601
:102E4400F3E700BF961600200060035070B50646F5
:102E54000D4607F059FF044607F05FFF28BB2046E4
:102E640007F07EFF08B3802D16D1437E9A0744BF36
:102E74000E4A15705B070FD50D4B1B7813B9012251
:102E84000C4B1A65204607F067FF002201463046C6
:102E9400BDE8704007F07DBF2846FFF707FF2046D6
:102EA400BDE87040012107F03CBF70BD95160020BD
:102EB4009A1600200060035070B506460C4607F0D1
:102EC40023FF054607F029FF20BB284607F048FFEB
:102ED4000146F8B1ACB9437ED8071BD49A0704D590
:102EE40001220D4B1C700D4BDA644B7E5B0708D539
:102EF4000B4B1B7873B13046BDE87040002207F0DD
:102F040048BF2046FFF7D2FE2846BDE870400121A5
:102F140007F007BF70BD00BF951600200060035086
:102F24009B16002010B54468206800F077FF104B12
:102F34001860104B1B782BB100220F4B11461868F8
:102F440007F01BFF002201213720FEF7CDF90022F4
:102F540001213620FEF7C8F9201D02F0D9FA04F148
:102F6400080003F04DF803F02BF8002010BD00BF5B
:102F74000012002097160020541200200128014658
:102F840010B519D0022809D0A8B90F4B0246186809
:102F940007F0F3FE01220D4B1A700CE000220C4BDB
:102FA4000C4C1A700C4B3620C4F80033FEF76CF945
:102FB4000123C4F8043510BD034B0022186807F040
:102FC400DCFE0022014BE7E7541200209716002094
:102FD4009616002000600350FDFFDF01002213B5A8
:102FE400402311460092044607F099FF024618B1A7
:102FF4006FF0040002B010BD0090402380212046F1
:1030040007F08DFF0028F3D101241C491C4B4860B4
:10301400C86018688C6006F033FA0028EADBEFF326
:103024001182202383F31288BFF36F8F4FF4006162
:10303400144BC3F80014C3F80045D3F80014090571
:10304400FBD54FF40061C3F800148021C3F81C15AC
:103054000121C3F8301540F2FF1100200A4B19601A
:103064000A4B18600A4B18600A4B18700A4B187008
:1030740082F31188BFF36F8FBCE700BFF01100200B
:103084000012002000600350501200204C12002057
:103094004812002093160020951600202DE9F041D7
:1030A40005464FF0FF324FF0FF33384803F0E6FB9C
:1030B4004FF48002364B3620C3F88421FEF706F91C
:1030C400A0B14FF00108334F334B3C681B686FF3DA
:1030D4000F041C437CBB40F2FF13304E3B60362090
:1030E400C6F80445FEF7DEF8C6F800432C4A137808
:1030F4008BB10021294BC3F808110121C3F8002624
:10310400C3F804165960D3F808110029FBD0002134
:10311400C3F8081111700024204BC3F800451B4864
:1031240003F078FB2146284607F054FFC0B16FF046
:103134000400BDE8F08194FAA4F6B6FA86F63346A4
:103144000F2EC6BFA6F11003D8B243F080000307C8
:1031540001D4FFF75FFD08FA06F624EA0604B9E78E
:103164008021284607F036FF0028E0D10D4B0E4998
:103174001C68204606F0F3F910F1780F02D12046BE
:1031840006F0C9F900EAE070D3E700BFDC060020CE
:1031940000E100E0501200204C12002000600350B7
:1031A4009316002000120020F0110020014601486F
:1031B4000AF0B4B9EC06002008B5054B1970054BAC
:1031C4001B7813B10420FFF7F1FF002008BD00BFF6
:1031D400981600209916002010B50469087E08F09E
:1031E40002F901230B4A03FA00F013680343136046
:1031F40003F0E4FF4020FFF7D9FF4FF0FF324FF018
:10320400FF3304F18401044803F07AFD03F0EAFF7C
:10321400002010BD44120020F80600202DE9F043E0
:10322400474B89B005460669186006F1840009F029
:1032340010FE002200230024CDE906236FF00703CB
:103244004FF40072CDE90334CDE901443D4B3E49CE
:1032540000953E4803F0FAFDDFF8F4803D49C1468D
:103264003A4803F07DFDD8F810203B4B3B4F134008
:1032740043F4820343F04003C8F810304146284623
:1032840088F8184007F052FD002855D10134092C64
:1032940018D009EB44118A7C082C42F04002304BD0
:1032A4008A7408D1D9F810212E4911402E4A0A43B4
:1032B400C9F8102103E00A693A401A430A6108F187
:1032C4002008DBE7294C8046A1462269284B234F7E
:1032D400134043F4041343F04003236168F07F0276
:1032E40021462846227607F021FD28BB08F1010873
:1032F400B8F1090F18D009EB48118A7CB8F1080F0E
:1033040042F02002164B8A7408D1D9F810211549CD
:103314001140154A0A43C9F8102103E00A693A40EA
:103324001A430A612034D9E796F8803023F07203F7
:1033340043F0720386F8803009B0BDE8F08300BF23
:103344005412002085380100D01A00207008002093
:10335400781300209AEA01000000BEFF0000F9FF84
:10336400400006000000F7FFFF010800581200208B
:103374000000DEFF10B50C461146204607F0F2FCB3
:10338400207E08F030F80146034808F03BF801209D
:10339400FFF70CFF002010BD9C14002008B5064A5E
:1033A4000B7EC2F80C3543F48073C2F80C35087EEA
:1033B400FFF7B6FC002008BD0060035010B50C7E7A
:1033C4004FF0FF324FF0FF33114803F057FA204615
:1033D400FFF720FC012304F00F029340DB430D4A66
:1033E40014F0800F15BFD2F81015D2F814150B4045
:1033F4000B4014BFC2F81035C2F81435044803F06A
:1034040009FA4FF48002044B0020C3F8042110BDD4
:10341400DC0600200060035000E100E02DE9F04FDD
:10342400B24BDFF8CC82D3F85421B24F85B00AB343
:103434000022C3F85421D3F8042391021AD5D3F8F7
:10344400C034002B14BF4FF001224FF48072AA4BFA
:103454009B683BB998F8000007F0C5FF012383403F
:1034640022EA03023B681343A44A3B60136823F037
:10347400012313609D4BD3F8604134B10022C3F89B
:103484006021D3F86C44C3F86C44D3F828214AB1C2
:103494000022C3F828219A4B187807F0A4FF0123CF
:1034A40083401C4398F8005098F900902A0700F1D3
:1034B400FF80B9F1000FB4BF924B934B05F00F029C
:1034C400920013441A683AB3002228461A60FFF7A0
:1034D40085FB8E4B00F001001A78504018708C4B1D
:1034E40028461A6807F07FFFC240D307064600F15A
:1034F400F680B9F1000F80F2E280882D00F0DF80C1
:1035040001237E4AB34011680B431360812388F87A
:103514000030794803F07EF98CB14FF001093B6823
:1035240024F00121754A0B433B601368DFF8E4A1E2
:1035340023EA01031360A4B2002C40F0F7806B4B24
:10354400D3F800214AB10022C3F80021724B0421B0
:103554001A70704B186807F010FC644BD3F85821AC
:103564002AB30022C3F85821D3F80044E005C3F875
:10357400004405D50122684B08201A70FFF716FE97
:10358400A10505D50022644B10201A70FFF70EFE2A
:1035940062050CD5604B1A784AB100221A700122D8
:1035A400524B2020C3F808259A65FFF7FFFD4F4BC7
:1035B400DFF85CA1D3F85C31F3B14F4B9B681BB9C6
:1035C40098F800305B0617D00022484B0420C3F85B
:1035D4005C21DAF80030494A23F00113CAF80030BC
:1035E4003B6823F4803343F001033B60136823F00A
:1035F40001131360FFF7DAFDDAF800603B681E4040
:1036040000F02381394BD3F82C95B9F1000F40F029
:103614001C8100220023384803F030F9002840F0D0
:10362400148116F0012314BF93FAA3F696FAA6F6B2
:10363400B6FA86F6F4B20F2EC8BF103C354BCCBF99
:10364400E4B244F080041868214607F05DFB019061
:1036540007F086FB4FFA84FB04F00803BBF1000F6C
:103664000246029380F29C80019A058A518BC368BA
:10367400C1F30A018D4240F28A800D464FF00009E1
:1036840003F06042B2F1005F05D019462A46234890
:1036940009F056FF214BB9F1000F00F0B28001216F
:1036A400DAF80020B14022EA0102CAF80020A8E0BA
:1036B4001B4B1C4A33EA290328BF134602E71A4866
:1036C400314607F09FFE0220FFF770FDB9F1000FAD
:1036D400FFF616AF013D062D7FF612AF16E7002D5B
:1036E400F4D10122014BDA6410E700BF00600350FB
:1036F4009416002050120020DC06002048120020FE
:103704009516002008610350306103509316002081
:103714004C1200205412002096160020041200209F
:10372400506103502C6103509814002094FAA4F5BE
:10373400B5FA85F509FA05F345F080052946DAF866
:10374400000024EA030407F0DFFA07F009FB064649
:103754002846FFF743FA014606F10C0006F086F806
:10376400338A002B7FF4E8AE304607F0FDFA18B137
:10377400304607F0FDFADFE6284607F034FE01463E
:103784003D4807F03FFE0220FFF710FDD4E6019309
:1037940007F0EAFA80F00109019B5FFA89F96FE703
:1037A40004F00801354B002952D0D3F8C03413F487
:1037B400803F08BF9946118AD068558A43186D1A0C
:1037C40051690393401A2D1A4D4528BF4D4602F105
:1037D4000C002946029206F021F8019B598BDDE981
:1037E4000223C1F30A0149457FF459AF5169D068F6
:1037F400B2F812C0401A128AACEB000191423FF4B5
:103804004EAF01203A6800FA06F622EA060204F0F6
:1038140008013A6088F80040184AF1B9142104F00C
:103824000F0401FB0421BBF1000FB5BF02EB8402BE
:103834000A34C1F80036C1F80037B5BFC1F80456E0
:10384400C1F80457506042F8240005B0BDE8F08F79
:1038540004F5947153F82190ADE7BBF1000FB5BFA7
:10386400C2F8A036C2F8A037C2F8A456C2F8A457CA
:10387400B4BF50629064E8E79814002000600350DD
:103884002DE9F04F0446AC4D85B04FF0FF384FF0B2
:10389400FF3900224FF0FF31CDE90089A74809F034
:1038A40044FE4FF0FF31A54809F03BFE07463807B8
:1038B4002ED5A34842464B4602F0E0FFEFF31182B7
:1038C400202383F31288BFF36F8F9E4B1B787BB149
:1038D400D5F8003413F400730AD10121C5F82C156E
:1038E400D5F82C15D5F80014890548BFC5F82C3532
:1038F40082F31188BFF36F8F914802F08BFF01218F
:10390400204607F0EAF900220321204607F035FAA1
:10391400FE0608D50021204607F0DFF90022022127
:10392400204607F02AFAB80608D50021204607F0F9
:10393400D4F900220221204607F01FFAB9075DD40A
:10394400FA070CD50022804BD3E8EF8FC3E8E12FB0
:103954000029F9D10126B8F1000F40F0AD807907B4
:1039640034D54FF0000C794B83F800C0D5F88004AF
:10397400C0B28DF80800D5F88414C9B28DF80910C6
:10398400D5F88834D5F88C2443EA02239BB2ADF8E9
:103994000A30D5F89024D5F8946442EA0622ADF8AA
:1039A4000C20D5F89824D5F89C6442EA062292B2F9
:1039B400674EADF80E20002840F09780052940F0AE
:1039C400948001213170002A00F09B807B067FF5F2
:1039D4005CAF206984304FF0FF324FF0FF3302F0C8
:1039E40025FE5C4E3168002940F0BE805A4803F041
:1039F4004FF92069843002F08BFE46E70022574BD2
:103A0400D3E8EF8FC3E8E12F0029F9D14FF0010A81
:103A1400B8F1000F94D098FAA8F3B3FA83F31E46D2
:103A24000F2BC6BFA3F11006F6B246F080060AFAC1
:103A340003F328EA030833063146204627D507F066
:103A440063F9834607F088F98146D8B100215846C6
:103A540007F067F900224946204607F09AF9802EBC
:103A640010D13A4B002183F800A02046C5F850A09D
:103A740007F04AF907F070F9014618B10022204610
:103A840007F087F931462046FFF7E0F9C0E707F071
:103A94003BF9834607F060F9814640B1002158465E
:103AA40007F03FF900224946204607F072F93146F3
:103AB4002046FFF701FAABE798FAA8F3B3FA83F3C9
:103AC40019460F2BC6BFA3F11001C9B241F0800102
:103AD40006FA03F30A06204628EA030802D5FFF78C
:103AE400B5F938E7FFF7E8F935E71D4A86F800C06D
:103AF400D5F8703412789A420AD10022194B1A7000
:103B040014E003F07F03ADF80A30ADF80C20F4E7BD
:103B14000123144A337013704FF4A063ADF80830D6
:103B2400D5F87034CDF80CC0ADF80A30204602A99F
:103B340007F056F94AE700BF00600350EC06002086
:103B4400DC060020961600209C1400209B16002002
:103B54009A16002044120020F80600209814002031
:103B6400981600209916002091FAA1F7B7FA87F762
:103B740039460F2FC8BFA7F110012046CCBFC9B2E8
:103B840041F0800107F0C0F8804690F818904FF09B
:103B9400FF324FF0FF33124802F070FE4846FFF741
:103BA40039F80F4802F036FE4FF480020D4B4146BF
:103BB400C3F80421204607F004F90021404607F029
:103BC400B0F80123BB40DB43074AD2E8EF0F1840AB
:103BD400C2E8E10F0029F8D132681340336001E7ED
:103BE400DC06002000E100E098140020084B70B5CA
:103BF400C31A0D4607499B10044659434022064800
:103C040007F042FC2B4601462046BDE870401847A9
:103C1400B4140020B76DDBB698D90100402373B506
:103C24000B4C0093041B0B460D460A49A410614338
:103C34000646094A094807F052FC014628B13046B5
:103C44002B4602B0BDE87040184702B070BD00BFFB
:103C5400B4140020B76DDBB651B5010098D901004A
:103C64002DE9F8430022012107460520FDF73CFB1E
:103C7400114801F0FFF80446C0B901F02FF92546B8
:103C84004FF01C094FF00C083E690C4909FB056014
:103C940005F0E3FB031E0CDB012308FB05661D4452
:103CA400042DB367F0D12046BDE8F8836FF0040417
:103CB400F9E71C46F7E700BFED3D010088E101008C
:103CC4001FB5002201236C46CDE902236B46074A47
:103CD400CDE9004407F033FC28B94FF480420023B7
:103CE400684602F0CBFD04B010BD00BF7BB50100F7
:103CF40010B5EFF31184202383F31288BFF36F8F81
:103D0400074A136823F00201DB07116002D4012083
:103D140008F072FA84F31188BFF36F8F10BD00BFEF
:103D2400541500200C22104B014602FB00330020E6
:103D340030B4D3E91C521867EFF31180202484F3C4
:103D44001288BFF36F8F9C6F04F0C00444F0020428
:103D54009C6780F31188BFF36F8F1DB12B4630BC75
:103D64000248184730BC7047B414002098D90100A9
:103D740010B4EFF31180202282F31288BFF36F8F07
:103D840017490B6843F0020413F001030C601AD0C6
:103D94004FF05023D3F80C14D3F80C3413F0010370
:103DA40011D0EFF3118182F31288BFF36F8F0D4AA4
:103DB400936F03F0C00343F00203936781F3118808
:103DC400BFF36F8F012380F31188BFF36F8F1BB193
:103DD400002010BCFFF7A6BF012010BC08F0FDB9FD
:103DE40054150020B4140020092813D8DFE800F08B
:103DF40005101212121212120E0C074B986F10F0CB
:103E0400070007D1FFF78EBF0220FBE70320F9E785
:103E14000120F7E7704700BFB4140020C3B21C2090
:103E2400014A00FB03207047B41400202DE9F0413F
:103E3400012280463749D1E8EF3FC1E8E02F00284E
:103E4400F9D133B9344935484B60CB608A6005F009
:103E540017FB08F1FF33012B4FD8B8F1010F07D13D
:103E64004FF05023D3F81C3403F00303022B44D047
:103E740009F031F9054658B1EFF31186202383F395
:103E84001288BFF36F8F01254FF05024244F22E096
:103E9400244B1B78002BEFD04FF050230222064610
:103EA400C3F80823F0E755B3304605F05FFCD4F8B7
:103EB4001835DBB2012B0ED1D4F804215AB10022FB
:103EC400C4F80421D4F804210222C4F818252022BD
:103ED400C7F88021A360D4F81824D4F81834D20386
:103EE400E1D503F00303022B02D0B8F1010FDAD1BC
:103EF40055B186F31188BFF36F8FBDE8F0810021BF
:103F0400212009F082F9D2E74FF050230222C3F8AE
:103F14000423F2E7B0140020A0140020D0140020E1
:103F240000E100E0CE16002008B5074808F087FE3F
:103F340038B10648FDF7F0FC0448FCF72BFC0020E0
:103F440008BD6FF01200FBE7ECD90100553F0100FA
:103F54000A2838B50446074D04D1AB680D2128461C
:103F64005B689847AB6803485B68E1B298472046B2
:103F740038BD00BFECD901002DE9F04340F206360C
:103F84004768D00648BF4FF0030C3B7C02EA0606A4
:103F940058BFC2F3401C87B001F01F05B6F5837FFC
:103FA400144645EA43158DF803C043D00DD8062EB8
:103FB40016D005D8A6B1022E3ED06FF0150036E01B
:103FC400B6F5807FF9D101260AE040F2022296423A
:103FD40034D0B6F5407F33D0B6F5007FEDD102265C
:103FE40022032FD501237A688B409360B86890BB75
:103FF40005F01F036D092CD0012D75D13C4A02EB4D
:104004008302C4F30043D2F8001283F00103C4F323
:10401400404444EA430421F4706144EA8C0421F0EE
:104024000F0144EA06230B43C2F80032002007B014
:10403400BDE8F0830726D3E70426D1E70526CFE7BA
:104044000326CDE7630341BF01237A688B40D36025
:10405400CCE7284AD3E729460DF1020208F08BFB8E
:1040640014F4403F80460CD12946B86808F09CFB04
:10407400B8F1000FDAD19DF80210B86801F04AF9DE
:10408400D4E74FF0000901ABCDE90199CDE904393A
:10409400CDF80C902946B86803AA08F041FA4845BF
:1040A400C4DB14F4003314D09DF80330C4F300448B
:1040B40084F001048DF80E308DF80C608DF80D40FD
:1040C4004B462946B86803AA08F0DDFA0028CFDA7F
:1040D400ACE7CDE904330DF1030303932946B86833
:1040E40003AA08F01DFAF1E7803350F82330FFDE0D
:1040F40000288450002584504209034670B502D03C
:10410400012A17D070BD0D4E326951680029F9D0CB
:10411400012503F01F030C689D400029F2D08A6832
:104124002A4002D030464B6898472CB12368214678
:104134001C46F2E7024EE7E72346F8E7D0D9010030
:10414400B4D9010038B54568A86890B108F026FBD9
:10415400014670B9A86801F0ABF8044658B90246A4
:104164000649A86808F004FB224605210D20FDF746
:10417400BBF8002038BD6FF00400FBE7FD400100F0
:10418400F0B544681646A068227C01F01F0587B08C
:1041940045EA421500286CD0B6F5001F04D1294623
:1041A40008F054FB002055E06268607CB6F5800F8F
:1041B40050624FF0000001AA0190506037D1B3F172
:1041C400007F14BF052304238DF804300023CDE9B8
:1041D40004230393E3680DF1030723FA01F111F0BB
:1041E400010139D1B6F1A07F36D105F01F036A0968
:1041F40003F1800326D0012A3ED1214A52F823300C
:10420400DB0729D43A462946A06808F0B4FA1630E8
:104214001AD002972946A06803AA08F081F9002859
:1042240018DB01222946A06808F0C0FABAE7B3F106
:10423400C06F05D0B3F1007F14BF01230223C3E78D
:104244000323C1E70F4AD9E73946A06801F06CF8A7
:104254000028DEDA07B0F0BD3A462946A06808F027
:104264008AFA0028D6D19DF80310A06801F052F80C
:10427400D0E76FF08500EDE751F82330FFDE00BF93
:104284000028845000258450044B054A0121936280
:10429400044A09201A600022FDF726B87015002090
:1042A4007003002000900050036803F01F025B09B4
:1042B400026004D0012B034818BF00207047024855
:1042C400704700BF00288450002584502DE9F74F23
:1042D400154607464FF0010800EB8101B94203D1AE
:1042E400002003B0BDE8F08F3A68C2F3C323082B63
:1042F400C2F3080400F2AD805748C65C40F2FF13D5
:104304009C4208BF4FF0FF34B2F10C5F4FEA1263D6
:1043140016D2032B16D9043B1E2B13D8DFE803F067
:10432400151C2112121212354112121212121212FB
:104334001212444D5053121212565B5E61646700B0
:104344004E2B13D06FF08500CBE74FF00009C5F872
:104354000845621C2FD051E04FF00109C5F80C4507
:10436400F7E7C5F810454FF0000915E0C5F8144506
:10437400631C20D001A80194FFF796FF019B4FF026
:10438400010908FA03F3836040E0C5F80845002EEC
:10439400E9D14FF000090626601C0CD04FF0000A4A
:1043A40036E0C5F80C45F2E7C5F860457B88621C29
:1043B40003F001031ED1043790E7C5F86445F5E71F
:1043C400C5F86845F2E7C5F86C45EFE7C5F824453C
:1043D4004FF00109E0E7C5F82845C9E7C5F83045BD
:1043E400F6E7C5F83445F3E7C5F83845F0E7C5F80E
:1043F4003C45BDE7002BBDD14FF0010901A8019454
:10440400FFF752FF019B08FA03F3C3604FF0010A60
:10441400D7F800B001A81BF4004F1CBF4FF00109EE
:104424004FF0000A0194FFF73FFF019B0B4C00EB98
:104434008300D0F80022CBF3412B330243EA8B03F1
:1044440043EA0A031440234343EA4903C0F8003211
:10445400B1E76FF0150044E77DEB0100F0F0FCFFDD
:1044640008B578B108494FF4004E8C460021E0FBB2
:104474000EC100236046054AFBF76AFFBDE8084009
:1044840008F0C3BE08BD00BF3F420F0040420F000A
:104494002DE9F04198468B880E4699040746154647
:1044A400046900F182804FF0FF324FF0FF3304F1D2
:1044B4006C0002F0E3F92666002D7FD1C4F8905019
:1044C4000023C4F8943004F1A80204F1940104F127
:1044D400900007F0EBFB0546C4F8A400B8F1000F08
:1044E40074D1C4F898800023C4F89C3004F1B0025D
:1044F40004F19C0104F1980007F0D8FB00231A464C
:10450400D4F894C0C4F8AC00C4F88C30624566D1C9
:1045140000221146D4F89CE0714568D193422CBF27
:10452400C4F8A030C4F8A02015B1D4F8A8302BB931
:1045340000286FD0D4F8B030002B6BD03146384609
:1045440000F0BCF8054610BB04F15C08E66504F114
:10455400B405284602F0B8F93846304907F026FD7C
:104564004FF0FF324FF0FF33284602F087F931460F
:10457400384607F01CFD384607F0F8FB404607F0C4
:1045840067FB054600283BD1B3889A040AD4E36D3F
:1045940013B19B889B0405D40023236604F16C00AB
:1045A40002F038F92846BDE8F081636F002B7FF4F0
:1045B4007AAF236E9E427FF476AF7DE72B68C4F812
:1045C4009030002B3FF47CAF6B687AE7D8F800306A
:1045D400C4F89830002B86D0D8F8043084E7D4F897
:1045E400901001EBC201496801320B448EE7D4F804
:1045F40098C00CEBC10CDCF804C0013162448BE7B9
:1046040010F1740FC3D1384607F009FD404607F096
:104614001FFBBCE76FF01505B9E700BFA3BE01009F
:104624000246184810B582420AD94FF05023D3F8F5
:1046340058359B0703D1144B9A4228BF184610BD26
:1046440015D012488242FAD2114B9A4211D8114B1A
:104654009A4210D8104B9A420FD8104B9A420ED857
:104664000F4C104B1048A24298BF1846E7E710467B
:10467400E5E70E48E3E70E48E1E70E48DFE70E48BA
:10468400DDE700BF0024F4000048E80100127A00CE
:10469400FF083D007F841E003F420F001FA107005A
:1046A4008FD0030048E8010090D0030000093D00CA
:1046B40080841E0040420F0020A10700F0B5056968
:1046C400064695F828300C468BB00BB3EA6A0B68A3
:1046D4009A421DD12A6B4B689A4219D195F8403001
:1046E400087D984214D1B5F844200B8B9A420FD11F
:1046F4006B6B8A68002877D0934209D1AA6BCB6888
:104704005A4032F47F4003D1EA6B0B699A4269D074
:10471400A288100500F1828012F0090040F0818027
:1047240002F4FC63B3F5807F7BD12168404B99424E
:1047340077D92B687768D3F80835591C10D012F054
:10474400020203F01F0C4FF001014FEA531352D140
:10475400002B4ED08B4267D1364B01FA0CF1D96055
:104764004FF0FF3321680393BB7F08468DF8123066
:10477400FFF756FFBB69984203D20846FFF750FF84
:1047840003460593A388990703F004023DD5002A44
:104794000CBF02220322C3F300138DF819304FF02B
:1047A400FF33079397F820308DF818208DF82030C8
:1047B40001238DF823308DF8243095F8283033B355
:1047C4006946284608F0E5F860B905F12C0304F1C0
:1047D4001C0254F8041B944243F8041BF9D101232E
:1047E40085F828300BB0F0BD9A4291D1AA6BCB6802
:1047F4008CE7114BB1E733B1012B17D10D4B01FA03
:104804000CF19960ACE70C4BF9E79208C3E7334627
:1048140069462846094A08F09CF8D5E76FF08500F8
:10482400E0E76FF01500DDE7D260FFDE8060FCE7B3
:1048340047E8010000288450002584507BBF010014
:104844000123834070B5DC430C4AD2E8EF1F01EA30
:104854000405C2E8E65F002EF7D14FF480328240AF
:104864000748C0F80823BFF35F8FBFF36F8F03EAD5
:104874000100003818BF012070BD00BFF8150020EA
:104884000050015070B4124922F07F46D1E900343F
:10489400D01AC31844F10004C1E90034A6F500138A
:1048A400B3F5400F09D20B4B1B681A0A1B069C195F
:1048B400094B42F10005C3E90045EFF311812023C0
:1048C40083F31288BFF36F8F70BC02F051BF00BF37
:1048D40038090020FC15002040090020D9B101232B
:1048E4000D4A8340D2E8EFCF4CEA030CC2E8E1CF93
:1048F4000029F7D14FF48033084A8340C2F80433C7
:10490400074BD3E8AF3FC340DB0742BF4FF400126D
:10491400044BC3F800217047F815002000500150E3
:10492400F415002000E100E00D4B1868010A0006B0
:10493400BFF35F8F0B4BD3F80435181841F1000116
:10494400B3F5801F0AD2084BD3E90023904271EBE0
:10495400030303D210F1807041F10001704700BFDE
:10496400FC15002000500150400900202DE9F04FB3
:1049740085B016461F4604469DF840A0FFF760FF29
:104984000190FFF7D1FFB04271EB07035CD23B4BC0
:10499400301A67EB0101984271F1000109D36FF0FD
:1049A400150520460199FFF799FF284605B0BDE893
:1049B400F08F334B03EB0413D3E902239F4208BF68
:1049C40096424ED04FF480382E4908FA04F8204617
:1049D40026F07F4BC1F8488307F080FB4FF00309B2
:1049E400584604F15005AD00ADB205F1502504F56B
:1049F400A87305F580350293029A20F07F4341F8AD
:104A04002230C1F84483D1F804351F4AC01A033850
:104A140020F07F40904224D9286868B1D1F8043549
:104A2400A3EB0B0020F07F40B0F5000F039318D9DF
:104A3400204607F053FB039BBAF1000FAFD109EBFB
:104A4400030009F10109D7E7BAF1000FA7D1012347
:104A54000E4AA340D2E8EF0F1843C2E8E10F002941
:104A6400F8D107490E982301C8500F9B01EB04129B
:104A74000025C2E90267536093E700BF010080008C
:104A84002809002000500150FDFF7F00F41500208C
:104A94007FB500254FF0FF304FF0FF31194C1A4B12
:104AA4000226C4F80833C4F84833184BC4F8085530
:104AB400C3E902014FF480334FF40012C4F8043305
:104AC400134B0121C4F804631520C3F880212A463E
:104AD400FCF70AFC1520FCF7D7FB01230D4AA36061
:104AE400236013600C4B0D4A009328460023CDE944
:104AF4000155FFF73BFF3046FFF798F9284604B00D
:104B040070BD00BF0050015003000F0028090020B1
:104B140000E100E0F815002089480100FFFF7F0054
:104B24002DE9F7432D4BD3F8042391070BD5D3F884
:104B3400042142B10022C3F80421294AD3F80431E4
:104B4400136801331360254CD4F80433DA033FD5DA
:104B5400244BD3E8EF2F22F00101C3E8E01F002823
:104B6400F7D1D30702D4D4F840318BB30025C4F86D
:104B74004051D4F84031FFF7D7FEEFF311822023E0
:104B840083F31288BFF36F8F174BD3E90267B042E8
:104B9400B94120D3D3E900984FF0FF304FF0FF31F3
:104BA4001D60C3E902014FF48033C4F84833C4F8EC
:104BB4004051D4F8403182F31188BFF36F8FB9F1BB
:104BC400000F05D032463B460020CDF80080C84790
:104BD40003B0BDE8F083A946EDE700BF00500150E3
:104BE400FC150020F41500202809002030B5431CD2
:104BF400124C85B005D08442A8BF0446012CB8BF2E
:104C04000124FFF791FE0E4B0C4DD3E90013401A1B
:104C1400B0F5000F0FD22218AA4228BF2A4600205E
:104C240052180849CDE90100009143F10003FFF750
:104C34009DFE05B030BD2A46F1E700BFFFFF7F00AF
:104C4400380900208948010008B5FFF76DFE024BC2
:104C54001B68C01A08BD00BF3809002008B507F05A
:104C640058FA58B1614BD3F8202A3AB90D21C3F848
:104C7400201A0121C3F81C19C3F81C290022D300EF
:104C840003F57F03D3F80013013107D0D3F80013E1
:104C94000132D3F80433202A0B60F0D107F039FA3B
:104CA400002840F09A8007F034FA40B1504B514A42
:104CB400C3F830254FF050230122C3F858254FF490
:104CC4007F03D3F83021D3F83431072A06D1023BCD
:104CD400012B9EBF0022484BC3F84C2507F019FA5C
:104CE40050B14FF05023D3F80024D10742BF002223
:104CF400C3F81421C3F818214FF47F03D3F83021EB
:104D0400D3F83431072A09D14FF05023D3F80024C3
:104D1400D20744BF6FF00102C3F8002407F0F9F989
:104D240018B16522314BC3F80C274FF47F03D3F835
:104D34003021D3F83431072A16D12F4BD3F820343D
:104D4400002B11DA4FF050230322C3F81825012257
:104D54009A60D3F80421002AFBD00022C3F804216E
:104D64000122DA60C3F818254FF47F03D3F8302109
:104D7400D3F83431072A20D1023B022B1DD97E22DD
:104D84001A4B1B49C3F80C27C3F83C297F231B4A41
:104D9400C2F818310023C1F8043EC1F8083E01F5F9
:104DA4004821C1F81031C2F82431C2F82C3102F57F
:104DB400FF1202F58052C2F8A032114AD2F88C30A8
:104DC40043F44063C2F88C300E4A0F4B1168C3F8A9
:104DD4004415D269C3F84C2508BD2922034BC3F8F6
:104DE4000C270322C3F83C275DE700BF00400050B6
:104DF400009003504400EFBE0020035000200050F8
:104E040000ED00E00080FF0000600050014B1860DE
:104E1400704700BF0016002010B5054B14461868F3
:104E240007F089F90028A4BF2070002010BD00BF3E
:104E3400001600200123024A8340C2F8043570475B
:104E440000700150014B00201B6818470416002015
:104E5400014B1B68184700BF04160020014B0920B2
:104E64001B68184704160020014B08201B681847CC
:104E74000416002010B5144C237913BB01232371AD
:104E8400124B0028206018BF184600F03BF8D0B938
:104E940023680F48002B08BF184600F0BDF890B9EE
:104EA40023680C48002B08BF184600F0FDF850B9E1
:104EB40023680948002B08BF1846BDE8104000F0DD
:104EC40067B86FF0770010BD04160020494E01004A
:104ED400614E0100554E01006D4E010008B5074BAF
:104EE4001B6833B10520FCF7F1F910B90520FCF774
:104EF400CBF90122024B1A7008BD00BF0416002032
:104F0400CC160020074B0246187938B91A600122E2
:104F14001A714FF05023C3F8142570476FF07700CF
:104F2400704700BF0C1600204FF050230022C3F836
:104F34000021D3F80021012208491A60096811B13F
:104F4400C3F804237047D3F80021002AFBD00022C1
:104F5400C3F80021D3F80031704700BF0C160020BD
:104F64004FF05023D3F80423D2070DD5D3F80021F2
:104F740052B10022C3F80021D3F800210122C3F862
:104F84000823024B1B681847704700BF0C1600200B
:104F9400054B0246187918B91A6001221A71704734
:104FA4006FF07700704700BF141600204FF05023B5
:104FB4000022C3F82021D3F8202101229A61094A52
:104FC400126822B14FF48072C3F804237047D3F8F7
:104FD4002021002AFBD00022C3F82021D3F820315D
:104FE400704700BF141600204FF05023D3F8042359
:104FF400D2050ED5D3F820215AB10022C3F82021BE
:10500400D3F820214FF48072C3F80823014B1B68A6
:105014001847704714160020074B0246187938B910
:105024001A6001221A714FF05023C3F8802570478B
:105034006FF07700704700BF1C1600204FF050231C
:105044000022C3F82421D3F8242101221A62094A38
:10505400126822B14FF40072C3F804237047D3F8E6
:105064002421002AFBD00022C3F82421D3F82431C0
:10507400704700BF1C1600204FF05023D3F80423C0
:1050840092050ED5D3F824215AB10022C3F8242165
:10509400D3F824214FF40072C3F80823014B1B6892
:1050A400184770471C160020074B0246187938B978
:1050B4001A6001221A714FF05023C3F81825704763
:1050C4006FF07700704700BF241600204FF0502384
:1050D40010B5D3F818141E4C11F4803FD3F81824DB
:1050E4001BD002F00302022A02D0012A12D10122AB
:1050F4004FF05023C3F818250022C3F80421D3F835
:10510400042101229A602268A2B9D3F80421002A5A
:10511400FBD017E007F0E0F8E9E7D3F81424D2074E
:10512400E5D5D3F81C2402F00302013A012AF1D890
:1051340022681AB10222C3F8042310BDD3F8042153
:10514400002AFBD00022C3F80421D3F80431F4E789
:1051540024160020F8B54FF0502301250026D3F87B
:105164000443184F04F0820404B9F8BDB4FA84F07F
:10517400C0F11F00830003F580739BB203F1502339
:1051840005FA00F2196892B224EA02040029EBD06D
:105194001E601B684FF05023022AC3F808230DD168
:1051A400D3F81814D3F8181401F00301012905D118
:1051B400C3F81825C3F804239960D5E73B68C0B247
:1051C4009847D1E724160020036803F01F025B0907
:1051D400026004D0012B034818BF00207047024826
:1051E400704700BF0028845000258450034A4309B7
:1051F400D35C00F01F001844C0B2704786EB010076
:10520400024611F0010010B50BD18B07C1F3400029
:105214000DD50749086A50600862003818BF01209C
:1052240005E0044C236A13602362002BEDD010BD0B
:105234000028845000258450F7B504460846FFF73B
:10524400D5FF04EB4006B38A0D46DB072AD520467A
:1052540007F044F92946204607F0B1F850B120463A
:1052640007F0C3F80023276807EB8000C0F8103567
:10527400C0F810352946204607F0E0F8002101A8BF
:10528400B1820195FFF7A0FF019B00EB8300D0F8EA
:105294000022064B134043F00203C0F800320846D4
:1052A40003B0F0BD6FF01500FAE700BFF0F0FCFFAB
:1052B40070B590F88C40054690F88D6024BB21466B
:1052C4006022143008F049F92146114B286853F83C
:1052D40036608E420ED10024C0F87C41D0F87C3177
:1052E40040F30730FBF7D0FF0123204685F88C30CC
:1052F400AB6770BDCBB29B0003F580727C2B04BFFF
:10530400845083580131E4E76FF07700F1E700BF80
:1053140000E3010090F88D00024B03EB800006F0DF
:1053240024BF00BF2C05002010B5064B90F88D005B
:105334000C4603EB800006F0FEFE0028A4BF20709C
:10534400002010BD2C0500202DE9F04F804658F8B0
:1053540004AB90F88D40DAF804136A4BC9B20746DF
:1053640053F8342050468BB041F0004107F08FF8D9
:10537400051E39DA0023CDE90833624BE60003EB5E
:10538400C404636808A819460093FFF739FF331D66
:1053940003934FF0000B5C4B0DF120090293029A2A
:1053A400584912F8013B0292039A02EBD3028A5C39
:1053B40003F0070322FA03F3DB071BD40BF1010309
:1053C400022B4FF0010B09F10409E8D14FF0004121
:1053D4000022504607F05BF8009908A8FFF710FF79
:1053E4000028D6D125F000450124002D73D10BB03F
:1053F400BDE8F08F454B5B440493D9F80060002E60
:10540400DCD096FAA6F6B6FA86F6049B1C7846EA31
:1054140044142046FFF7EAFE07EB4000818AF208B5
:10542400C1F3820305930193012319F8020006F0E6
:10543400070603FA06F620EA060009F8020007A8A0
:105444000794FFF7C1FE079A11F0100F02F18002D2
:1054540050F82260059BC6F3014623D04046019ACA
:10546400214606F0CCFF07A80794FFF7ADFE079B83
:10547400F6B2803350F82330C3F301439E4207D180
:105484000021204606F08CFF3146204606F088FFB6
:1054940007A80794FFF798FE0122079B02FA03F37B
:1054A4000362AAE7022E14BF0221032120460593BA
:1054B40006F076FF059B032B03D0022E07D1012BA8
:1054C400E6D121464046019A06F099FFE0E7032E13
:1054D400DED1022BF4E795FAA5F3B3FA83F304FAC9
:1054E40003F225EA020503F5A2725AF8222007EB1B
:1054F40043034046B3F87C10C2F3014206F07FFF39
:1055040073E700BF00E3010096EB010096EB010096
:1055140010B50E4C2378ABB903780D4AC3F340039E
:10552400C2F8003B0378052003F00103C2F80437F6
:10553400FBF7CCFE10B90520FBF7A6FE01230020E3
:10554400237010BD6FF07700FBE700BFCD1600207D
:10555400004000504FF0502310B5D3F804436107C6
:105564000AD5D3F808213AB10022C3F80821D3F8A8
:105574000831124B1B689847A2060CD54FF05023F4
:10558400D3F814213AB10020C3F81401D3F814312C
:105594000B4B1B68984763060FD54FF05023D3F885
:1055A400182152B10022C3F81821D3F81831044B42
:1055B4000120BDE810401B68184710BD30160020BC
:1055C4002C160020036803F01F025B09026004D05C
:1055D400012B034818BF002070470248704700BFE2
:1055E400002884500025845070B54B7F04460D4636
:1055F4007BB101236426436100220221204607F087
:1056040052F920B9012006F094FD013EF4D10023A3
:105614006B770021C4F8001507F021F920B1034B82
:105624009C4208BFC4F8041C70BD00BF00A0005019
:1056340073B51646421C1C460546069B18D0012924
:1056440002D1BBB107F06DF901A80195FFF7BAFFCC
:10565400019B240200EB8300D0F80022074B44EAAC
:1056640086040C4313401C4344EA4101C0F8001271
:1056740002B070BD07F061F9E6E700BFF0F0FCFF8F
:105684004B69274A93420AD039D8264A934206D016
:1056940033D8254A934202D0244A93423AD191F80E
:1056A40023201AB191F82420002A36D10068204A18
:1056B400904232D11F4A93422FD10B685A1C01D019
:1056C400082B27D14B685A1C01D0092B22D18B6897
:1056D4005A1C01D00A2B1DD191F8213023B1CB687B
:1056E4005A1C01D00B2B15D1CB695A1C15D00C2B8D
:1056F40014BF6FF01500002070470F4ACDE70F4A22
:105704009342CCD004D80E4A9342C8D00D4AC4E781
:10571400084AC2E76FF0150070470020704700BFC9
:1057240080841E0020A1070048E8010090D00300F7
:1057340000A000500048E80140420F000024F4009B
:1057440000093D0000127A002DE9F74F91F821304D
:1057540007460C46002B00F0A98091F82280656969
:10576400714B9D4200F0BB8000F2AB806F4B9D42B9
:1057740000F0B88000F29D806D4B9D4200F0B58032
:105784006C4B9D4214BF4FF080454FF0806594F8F8
:10579400232097F8223062F3000387F82230227C1A
:1057A400DBB262F3410387F8223094F82360002EC1
:1057B40032D16269604B01219A420CBF4FF0030958
:1057C4004FF00009237E3246012B94BF00230123AE
:1057D400009320684B46FFF72BFF00964B4632465A
:1057E40001216068FFF724FF00964B463146A27EF4
:1057F400A068FFF71DFF237C324683F0010300936A
:1058040001214B46E068FFF713FF012100914B464D
:105814003246E069FFF70CFF94F82130002B6DD07D
:105824004FF0FF337B6294F8211094F812E0207E4D
:10583400627E00296CD0E668217C94F8249094F868
:1058440020C03B68B9F1000F12D1D4E900BAD4F8F2
:105854000890E469C3F808B5C3F80CA5C3F810951B
:10586400C3F86C45C3F81465C3F86815C3F86485B8
:10587400003A18BF01220228C3F8C0E5C3F8245532
:1058840049D003284AD0012801D142F00202C3F8CA
:105894005425C3F860C57B68002B42D0386840F3B8
:1058A400073003B0BDE8F04FFBF7EEBC4FF0020841
:1058B40055E7224B9D4214BF4FF080454FF0805571
:1058C40065E71F4B9D4213D01B4B9D4213D01D4BCC
:1058D4009D4214BF4FF080454FF0004557E74FF00D
:1058E400005554E74FF0006551E74FF000754EE75F
:1058F4004FF020654BE74FF0A05548E7E3687B6223
:10590400227C97F8223062F3410387F822308AE739
:105914004FF0FF3691E742F00402B8E742F0060286
:10592400B5E703B0BDE8F08F80841E0020A1070016
:1059340048E8010090D003000048E80140420F000D
:105944000024F40000127A00431C07B512D040F280
:105954001F1398420ED0019001A8FFF733FE019B5C
:1059640000EB8300D0F80022044B134043F0020301
:10597400C0F8003203B05DF804FB00BFF0F0FCFF98
:1059840038B50446006840F30730FBF78BFC6368C6
:1059940043B12146154A51F8043BC3F80823206853
:1059A400FFF722FE2368D3F80805D3F80C15D3F8C3
:1059B400105594F82230DB0714D4FFF7C5FF2846AE
:1059C400FFF7C2FF0846FFF7BFFF606AFFF7BCFF9F
:1059D4002368D3F86C05D3F81415FFF7B5FF084610
:1059E400FFF7B2FF002384F8203038BD52010800CD
:1059F4002DE9FF4790F8213005460E461746002B47
:105A040040F08C8043682BB112F0140F04BF0123C3
:105A140080F8213005F1100496E80F0084E80F00A7
:105A2400686A441C05D095F82230990718D506F009
:105A340078FF33682C6823B103F06043B3F1005F4F
:105A440006D1B3687BB103F06043B3F1005F0AD0C1
:105A540000236FF00C0085F8213004B0BDE8F08716
:105A640006F06BFFE5E717F0010318BF0123C4F844
:105A7400503517F0020318BF0123C4F84035002342
:105A8400D6E900A9D6E90281C4F844A5C4F848952A
:105A9400C4F83485C4F83815C4F81831D4F818316A
:105AA40006F0DDFE28B11F4B9C4204BF0123C4F85D
:105AB400043C072317F00806C4F8003510D101226E
:105AC4006B68226163B9D4F81831002BFBD0CDE99F
:105AD40002816A4640212046CDE900A906F0E3FE92
:105AE4006B6893B9686A421C05D095F822309B070D
:105AF40008D506F022FF1EB92046291DFFF774FDC4
:105B04000020AAE706F00DFFF5E7402317F0040F85
:105B140014BFC4F80833C4F80433F1E76FF00F007E
:105B24009BE700BF00A0005030B500F01F044009FF
:105B340011D0012811D10B4800EB8400D0F8005299
:105B4400094C1B0243EA82022C4042EA41012143F0
:105B5400C0F8001230BD0548EEE70023803453F846
:105B64002430FFDE00288450F0F0FCFF0025845030
:105B7400002203680849C260C3F80813D3F800126E
:105B840021F4BC51C3F80012C3F80025012380F8A6
:105B9400282080F82630704702029C0100232DE95A
:105BA400F04780F827304B6805460E4617460468D0
:105BB40033B1CB6803F06043B3F1005F40F0408140
:105BC4003378023B012B06D8336903F06043B3F109
:105BD400005F40F035819C4BC4F8083395F82830B9
:105BE40003F0FF023BB16FF00F08EB68C4F8043315
:105BF4004046BDE8F08707F01403B3FA83F35B096A
:105C040085F82830337885F82430737885F8253082
:105C1400F3682B6173686B613369AB61B3682F629E
:105C2400EB61C7F3001385F829307378C4F888351D
:105C3400C4F86021D4F86031C4F84821D4F848315C
:105C4400C4F82421D4F82431C4F80421D4F804314C
:105C540017F0010318BF0123C4F8503517F00203ED
:105C640018BF0123C4F840353378032B00F2818038
:105C7400DFE803F05E764A024FF48073C4F8003222
:105C8400D5E90423C4F84425C4F848350123A360A6
:105C94004FF48011204606F02DFF0028F8D1D5E9F5
:105CA4000623C4F84425C4F848354FF48023EB6038
:105CB4004FF0000817F0080910D13378032B0DD0EA
:105CC400012B6A686BD12360002A55D073682BB905
:105CD4006B68002B00F09280012363616B68002BDA
:105CE40000F08C80780744BF0023EB6079065EBF28
:105CF400EB6843F00203EB60EB6843F40073EB6082
:105D0400EB68C4F8043373E7D5E90423C4F84425E5
:105D1400C4F84835D5E90623C4F83425C4F8383521
:105D24004FF48453C4F80032012323620223BEE7F4
:105D3400B806D5E90423C4F84425C4F848354BBF54
:105D44004FF480734FF40073C4F80032C4F8003287
:105D54004CBF4FF480230223EB6001232362A7E7A7
:105D6400D5E90423C4F83425C4F838354FF48053F6
:105D7400D8E76FF015089DE76A6902B963614FF0CF
:105D8400010ADFF8C8903249204606F0B3FE8105C7
:105D940001D5C4F814A010EA090FF4D096E7012342
:105DA400A360002A92D16A6932B3DFF8A0A019EA8D
:105DB4000A0F8BD12046264906F09CFE10F4007F82
:105DC4008146F4D04FF08071204606F093FED4F85B
:105DD400003208B19A0505D401222262626140B101
:105DE4004FF00009DB05E2D54FF48021204606F090
:105DF40081FE4FF00009DAE76361D6E70022D4F8A8
:105E0400C434C4F8C43485F828206BB19A0756BF4B
:105E140003F001086FF00D08A8F18C0813F0040FCB
:105E240018BF6FF00A08E3E67B063FF5E1AE2046B3
:105E3400291D06F0F3FD002808BF6FF08B08D7E694
:105E44006FF00C08D4E600BF02029C0102000400BB
:105E54000202040070B50568022186B00446284693
:105E640006F048FE4FF400710646284606F042FE4E
:105E7400D0B1D6B9E3684FF08071C5F80833022376
:105E8400E360E3682846C5F8043306F033FE18B12E
:105E9400D5F800329B0502D401232B626B610123E8
:105EA40084F8273006B070BDAEB3236A5E060AD408
:105EB40094F827303BB92846211D06F0AFFD80F049
:105EC400010084F82700236A13F004033BD1C5F8CA
:105ED4006031D5F86021C5F85C31D5F85C3194F8AF
:105EE400293013B194F8273013B30023C5F80032D6
:105EF400E360314BC5F8083345F30733002B17DB58
:105F040001215A0903F01F03994002F160032B4A4F
:105F140042F823100CE04FF48021284606F0EAFDF5
:105F240094F82430002B2FD194F82930002BDDD0A5
:105F3400A38CADF804302369049363690293A369C5
:105F44000593E3690393D5F8C4349807C5F8C434BA
:105F54002CD459072CD4DA072CD494F827309B007E
:105F6400DBB28DF8003094F829300BB984F828306E
:105F7400236A5B0703D594F82730002B92D0D4E929
:105F84000131684698478DE74FF40073C5F8003235
:105F940040F20223E36003F1CE73C5F80833E368EB
:105FA400C5F804330123AB602B627BE70123D8E7F8
:105FB4000223D6E70323D4E702029C0100E100E0B8
:105FC4000722024BC3F80423704700BF007003503C
:105FD4000722024BC3F80823704700BF0070035028
:105FE400072208B5044B3720C3F80823FBF75AF9F6
:105FF4000022024B1A6008BD0070035034160020C2
:1060040010B50446FFF7ECFF2268054B37201A60F1
:106014000022044BC3F80821BDE81040FBF734B953
:10602400341600200070035010B5114CD4F8003120
:106034002BB100200F4BC4F800011B689847D4F81B
:10604400043133B10023C4F804310A4B01201B6826
:106054009847074BD3F8082142B10022C3F808211E
:10606400044B0220BDE810401B68184710BD00BF58
:106074000070035034160020036803F01F025B090C
:10608400026004D0012B034818BF00207047024867
:10609400704700BF0028845000258450F7B5064699
:1060A40006F0A5FD084606F0A2FD01A80196FFF73B
:1060B400E3FF40F20D650C46019B2C4900EB830085
:1060C400D0F8003201940B402B43C0F8003201A8F1
:1060D400FFF7D2FF019B012700EB8300D0F80032C9
:1060E4000B402B43C0F80032042006F022F80925A7
:1060F40001A80194FFF7C0FF019A0369D340DB07AD
:1061040014D401A80196FFF7B7FF019B013D07FADC
:1061140003F3C360042006F00CF8304606F067FD74
:10612400042006F006F815F0FF05E1D101A801945A
:10613400FFF7A2FF0123019A9340C360042005F0F6
:10614400F8FF204606F053FD042005F0F2FF01A8F5
:106154000194FFF791FF019A0369D34013F0010FF3
:106164000CBF6FF08B00002003B0F0BDF0F0FCFF1B
:1061740038B5EFF31185202383F31288BFF36F8FB3
:10618400064B9C6806F06EFD85F31188BFF36F8F94
:106194002046BDE83840FBF733B900BF381600206D
:1061A40038B50A4B53F82040013053F82050A5422B
:1061B40000D838BD606830B1037EDB0701D406F037
:1061C40026FD0834F3E723689847FAE710E3010053
:1061D400012270B52A4B86B003201A70FFF7E0FF46
:1061E400FBF7D6FC07F0ABF90420FFF7D9FF254CE9
:1061F400254D2646AE4204F130040FD300F0DEFFF5
:10620400204CAC4226D300F0EDFFFAF73BFA1F4ACC
:10621400938923F00103938106B070BD54F80C3CBC
:10622400059354F8103C049354F8143C039354F825
:10623400183C029354F81C3C019354F8203C0093FE
:1062440054E90A2354E90C0100F09AFD54F8303C57
:106254005E65CEE7D4E90A23B3F1FF3F08BFB2F18C
:10626400FF3F05D052EA0301206803D106F0E6FFA0
:106274003034C6E70649183001F0EAF9F8E700BF00
:10628400CE160020D8DC0100D8DC0100000A002072
:106294009DD10100B82370B5144E86B003FB00668F
:1062A400134B012205930F23CDE903320023CDE9DB
:1062B400013314234FF4A0720E4D0F4903FB005514
:1062C400044602FB00110D4B3046009500F058FDCA
:1062D400337C2C7423F004033374094B013403EB33
:1062E400C423EE606B6006B070BD00BF4809002097
:1062F4000FEB010038160020D024002009CE010045
:10630400D01C00207FB50020FFF74AFF294B03F57E
:10631400006282F3088883F30A880024E023264D70
:1063240085F82230EC772C766C76AC7685F82040B4
:106334006B6A43F4E0236B6285F82340FAF70CFFA1
:10634400FBF748F84FF0FF33AB62EB62FBF72AFA36
:10635400FBF7C4F8194800F0A5FDFBF7FBFB01208F
:10636400FFF71EFF0220164DFFF71AFF00F064FF2F
:10637400144B4FF480625D61134B14490593012360
:106384002846CDE90343CDE90144114B009400F0C4
:10639400F7FC06462B7C284623F004032B7406F0F6
:1063A400D8FE2046FFF776FF31462846084AFAF71A
:1063B400EFFF00BFD01C002000ED00E0B80A002071
:1063C400000A00203816002014EB010010260020DB
:1063D400D561010038B5064C064DAC4201D300200E
:1063E40038BD2046D4E9011206F081FC1434F4E7E8
:1063F400500600206406002030B5054B85B0DDE969
:1064040008450293CDE9004506F02FFC05B030BDE8
:10641400C591010038B5074C074DAC4201D30020AB
:1064240038BD204606F087FC08B91C34F5E76FF048
:106434001500F5E7340600205006002073B50C461D
:10644400EFF31181202585F31288BFF36F8FC568A0
:106454005DB125602B68C3608369013383610020CB
:1064640081F31188BFF36F8F11E052EA030603D161
:106474006FF00B002560F3E7CDE9002302460830F6
:1064840000F0FAFD18B9034B9B685B69236002B006
:1064940070BD00BF38160020F7B50D4604469DF8C0
:1064A4002010EFF31187202080F31288BFF36F8F41
:1064B400266AE068864240D22668B4421AD0CEB139
:1064C400304606F0AAFC06F1180006F045FF2946FE
:1064D400002554F8082F706907F032F83046C6F8E2
:1064E400B45006F036FE2046394606F065FE2846CE
:1064F40003B0F0BDA268A9B12946E06907F020F80D
:10650400E369A26813446269E361934201D1236998
:10651400E3610020236A0133236287F31188BFF308
:106524006F8FE5E7A06923692946984208BF60692F
:10653400801AA06107F004F8EBE752EA03010BD0DC
:10654400074904F1080089684D61CDE90023394603
:10655400224600F091FDCBE76FF02200DDE700BF9B
:1065640038160020F7B504460846EFF311862021BB
:1065740081F31288BFF36F8F216A00293BD0A26890
:10658400A16906F0DDFFA369A26825681344626966
:10659400A361934204BF2369A361236AAC4203F15C
:1065A400FF33236236D02846002D34D0002706F06E
:1065B40034FC05F1180006F0CFFE6969A268E069B1
:1065C40006F0BEFFE369A268284613446269E361EA
:1065D400934204BF2369E361236A01332362C5F84C
:1065E400B47006F0B6FD04F10800314606F0E4FD8F
:1065F400384603B0F0BD52EA030111D00A49896854
:106604004861CDE900233146224604F1080000F038
:1066140033FDEEE7002086F31188BFF36F8FE8E7C0
:106624006FF02200F7E700BF381600202DE9F34190
:10663400044617461E46EFF31188202383F312887D
:10664400BFF36F8F304BC2689B6872B18068984209
:1066540017D057EA060216D188F31188BFF36F8F5B
:106664006FF00F0002B0BDE8F08193F90E10013213
:106674002161C4E9023288F31188BFF36F8F0020CF
:10668400F0E72169F3E793F90E1090F90E3099427F
:1066940030DA9942A8BF194606F0D3FB05462246D4
:1066A4004146CDE90076194800F0E6FC0028E6D022
:1066B400EFF31186202383F31288BFF36F8FA06852
:1066C400D0B1236821699C420AD04BB193F90E30B2
:1066D4009942A8BF19466FF07F039942B8BF194683
:1066E40006F0AFFB40B13146084806F065FD6FF097
:1066F4000A00B7E70025D2E7002DF4D186F311880C
:10670400BFF36F8FF3E700BF38160020CF160020C9
:10671400F8B583680546002B40D0234A926893421B
:106724003FD1C368012B03D9013BC3600020F8BDEE
:10673400EFF31187202383F31288BFF36F8F01696E
:10674400806806F07EFB2C68A54207D10023C5E9CA
:10675400023387F31188BFF36F8FE7E7002CF5D07E
:10676400D4E90032002613605A60237CC4E9006631
:1067740023F002032374A66004F1180006F0ECFD74
:10678400AC6094F90E3020462B61C4F8B46006F076
:10679400E0FC3946054806F00FFDC7E76FF0150029
:1067A400C5E74FF0FF30C2E738160020CF160020AF
:1067B40037B51146EFF31185202282F31288BFF317
:1067C4006F8F04689CB12368426823F003039442EA
:1067D400036008BF43600121204606F0B6FB04466F
:1067E40085F31188BFF36F8F204603B030BD51EAA3
:1067F4000302F5D000F10802CDE900131046294642
:1068040000F03AFC0028EFD1014B9B685C69EBE790
:106814003816002070B5EFF31186202383F3128815
:10682400BFF36F8F0468A0421BD0D4B1D4E9003207
:10683400002513605A60237CC4E9005523F0020349
:106844002374A56004F1180006F086FD2046C4F800
:10685400B45006F07EFC3146BDE87040064806F0B0
:10686400ABBCD0E902329A4218BF0133836086F38D
:106874001188BFF36F8F70BDCF16002013B5EFF3EF
:106884001181202484F31288BFF36F8F846844B18C
:10689400013C846081F31188BFF36F8F002002B044
:1068A40010BD52EA030406D181F31188BFF36F8F40
:1068B4006FF00F00F3E7CDE900230246014800F032
:1068C400DBFBECE7CF16002070B50546EFF311862D
:1068D400202383F31288BFF36F8F00232C68A54213
:1068E40019D0C4B1D4E9003213605A600023227C69
:1068F400C4E9003322F002022274A36004F11800F8
:1069040006F02AFD6FF00A032046C4F8B43006F0FE
:1069140020FC0123E2E70022AA6023B986F3118850
:10692400BFF36F8F70BD3146BDE87040014806F07B
:1069340043BC00BFCF1600202DE9FF4104462027A9
:10694400534EEFF3118887F31288BFF36F8FD4F897
:10695400BC50F5B9022104F1D40006F02FFB002845
:1069640070D004F1CC0500220121284606F086FCF3
:106974000028F8D100234FF0FF3202934FF0FF3389
:106984004146CDE90023434804F1C40200F082FDEE
:10699400D7E7D4F8C0202B689542C4F8BC3008BFB0
:1069A400C4F8C030D4F8D43043F00203C4F8D4306F
:1069B400EB6823F0040343F00103EB606B6888F396
:1069C4001188BFF36F8F28469847EFF3118887F338
:1069D4001288BFF36F8FEB68D80623F001023ED410
:1069E400EA60EB689A0717D5306823F00203EB607E
:1069F40090B10021036878B1426895423DD10368A3
:106A0400002934D172683360904200D1736000234E
:106A140040F8083BFFF7FEFED4F8D43023F002031D
:106A2400C4F8D430DB0530D4D4F8BC30003B18BFF4
:106A3400012388F31188BFF36F8F002B81D000F0FE
:106A440003FC7EE7D4F8D430D90693D5C4F8D40037
:106A540088F31188BFF36F8F04B0BDE8F08123F091
:106A64001103EB6005F11000FFF7D4FEB9E70B60EA
:106A74007368984208BF7160C9E701461BB11A6880
:106A840018461346B7E71A46FAE70023D1E700BFD2
:106A94005C160020CF160020F8B5C36804469A0798
:106AA4000E46C3F3400542D45F0742D40B680BB9CA
:106AB40083680B60E368D80742BFA368022533608C
:106AC400376858BF012557B31B4B9A68D7F8B830BD
:106AD4009A421ED106F0FFFA80F00100C0B2D7F846
:106AE400D430D907C3F380021CD5F2B1F8B1002326
:106AF4002360D7F8C03073B9C7E92F44384606F08D
:106B040077FAE36843F00403E3603368A36028463C
:106B1400F8BD0020E3E71C60C7F8C040EEE76FF063
:106B2400150506E06FF0120503E01B07DFD56FF0D3
:106B34000F0500233360EAE73816002001460148B8
:106B440006F0A0BA900B0020F0B50446002089B0EE
:106B54000E9DC4E92F0004F1C400C4E9310004F11E
:106B6400CC00C4E9330055B32879002840F2011061
:106B740008BF0120C4F8D40000204FF0FF364FF0C6
:106B8400FF37CDE90330CDE90100CDE906672046A2
:106B94000C4B009400F05AF955B1296811B1204604
:106BA40000F0DEF86B791BB1A38943F00103A381E4
:106BB400204606F043FBC4F8B84009B0F0BD0120FC
:106BC400D8E700BF3D69010037B501900846EFF3EF
:106BD4001184202181F31288BFF36F8FC16811F0F3
:106BE4001E0F16D153EA020508D101A9FFF754FF7D
:106BF40084F31188BFF36F8F03B030BD41F00801F7
:106C0400C160019910308161034900F021FD012028
:106C1400EEE70020ECE700BF03D001000146014885
:106C2400FFF7D2BF900B0020F7B50C4616461D4661
:106C34000190EFF31187202383F31288BFF36F8F42
:106C4400084606F0C6F955EA060309D1204601A90B
:106C5400FFF722FF87F31188BFF36F8F03B0F0BDF6
:106C6400E368324643F00803E360019B0449A362EE
:106C740004F110002B4600F0EBFC0120EAE700BF12
:106C840003D0010001460148FFF7CEBF900B00205E
:106C94002DE9F0410546EFF31187202383F3128891
:106CA400BFF36F8F0468A0421BD0D4B100262046E6
:106CB40006F004FA04F1180006F04EFBB046204634
:106CC400C4F8B48006F045FA2C680136A54210D009
:106CD4007CB1204606F0F2F904F1180006F03CFB02
:106CE400EDE787F31188BFF36F8F00263046BDE8C8
:106CF400F0813946014806F05FFAF7E7CF16002025
:106D04002DE9F3411C4652EA040307460D46164694
:106D140008D10846FFF7FCFC6FF00A04204602B0D5
:106D2400BDE8F081EFF31188202383F31288BFF3C9
:106D34006F8F0846FFF7ECFCCDE900643A46414604
:106D4400064800F099F904460028E7D14FF0FF32D5
:106D54004FF0FF332846FFF769FCDFE7CF1600202A
:106D640010B5044608B9054B9C681F2204F17C0049
:106D740006F0FBFB002084F89B0010BD38160020B1
:106D84002DE9F04F984685B000F15803C0E9163359
:106D9400129B002583810423D61D26F00706037465
:106DA400119B01EB060A0F46C0E906555146856062
:106DB4008373C5730446DDF838B0DDF84C90F9F7F9
:106DC400C9FF109B073020F00700C4E92776C4F8F8
:106DD400A40002930F9BAAEB0006CDE900B3324650
:106DE400434639462046FAF7B7FA0F9BC4E91A8B93
:106DF4002367109B65656367EFF31183202282F399
:106E04001288BFF36F8F104F3A6A3C62A26783F314
:106E14001188BFF36F8FB9F1000F11D01F224946BB
:106E240004F17C0006F0A1FB84F89B50BB680BB115
:106E3400D3F8A8303046C4F8A83005B0BDE8F08FC8
:106E440084F87C90F2E700BF38160020F0B50025E6
:106E540087B00595109DDDE9127604950F9D0446D3
:106E640003950E9D02950D9D01950C9D0095FFF7D0
:106E740087FFB6F1FF3F08BFB7F1FF3F05D056EAE1
:106E8400070305D1204606F0D9F9204607B0F0BD26
:106E94003A46334604F11800014900F0D9FBF4E7FF
:106EA4009DD101000123037483810023C0E92733AA
:106EB400C0F8A830014B9860704700BF3816002016
:106EC4006FF00A01094A9368C3F8B4100849C3F87B
:106ED400B0004B6843F080534B60002383F3118868
:106EE400BFF36F8F9368D3F8B4007047381600204F
:106EF40000ED00E070B590F91020037C002A2FDB30
:106F0400D9062DD11A4C63F07F032246037452F83C
:106F1400183FE169934207D1C0E900210860E061AC
:106F24000FE09942F8D01B68002BF5D093F90E605E
:106F340090F90E50AE42F4DD5968C0E900310860A2
:106F44005860A569954200D005B9E568A3681A7C24
:106F5400D20606D1DA897F2A03D9AA690AB96361FC
:106F640070BDAB4202D0284600F0D6FA6561F7E75F
:106F74003816002038B590F910200146002A037C09
:106F840004DA03F07F03037406F0ABF80D4D2A46D0
:106F940052F8184FAB68944200D004B9EC688B42A5
:106FA40007D01A7CD20604D1DA897F2A01D9A269D2
:106FB4002AB1A34202D0204600F0AEFA23466B6108
:106FC40038BD00BF38160020B3F1FF3F08BFB2F14F
:106FD400FF3F03D00249183000F03ABB704700BFAE
:106FE4009DD10100034648B9EFF3058232B9064A40
:106FF40051699268914201D0FFF762BF83F311880F
:10700400BFF36F8F704700BF3816002038B5184C97
:10701400A168E0690B68814214BF1A4600224968DE
:107024000B605960A368E1692AB9124AC3E90021D7
:107034000B60E3610AE092F90E5093F90E00854269
:1070440012DD5168C3E900210B605360A569094B47
:107054009D4200D005B9E568A3689D4202D0284648
:1070640000F05AFA656138BD8A42DED01268DBE767
:107074003816002050160020F8B5DDE906670D4BE0
:107084000C46986811460C4A1060EFF311822022D6
:1070940082F31288BFF36F8F9D68284606F033F899
:1070A400284632463B46FFF78FFF2046BDE8F840AE
:1070B400FFF706BF3816002064160020F8B5044612
:1070C400EFF31187202383F31288BFF36F8F037CC0
:1070D40049B203F01F02002A0CBF0126002635D155
:1070E40003F07F032A4D037405F0FBFF2A46037C5B
:1070F400817363F07F03037452F8183FE869934285
:1071040007D1C4E900200460EC610DE09842F8D096
:107114001B68002BF5D093F90EC08C45F6DD596839
:10712400C4E900310C605C60AC69944200D004B9DD
:10713400EC68AB689C4202D0204600F0EDF96C612B
:1071440087F31188BFF36F8F3046F8BD9B071CD5BA
:10715400856805F0C6FF81732B689D4209D16B6871
:10716400C4E900531C606C60EAE76A689A42F6D08E
:107174001B68002BF3D093F90E208A42F5DD5A6880
:10718400C4E9003214605C60DAE78173D8E700BFB9
:1071940038160020034648B9EFF3058232B9064A8F
:1071A40051699268914201D0FFF78ABE83F3118836
:1071B400BFF36F8F704700BF38160020EFF31181C3
:1071C400202383F31288BFF36F8F054B9A68D37B18
:1071D400013BD37381F31188BFF36F8F704700BFF6
:1071E4003816002070B5EFF31186202383F312883C
:1071F400BFF36F8F0F4DAB68DA7B0132DA732A4627
:1072040052F8184F944200D004B9EC681A7CD206A4
:1072140004D1DA897F2A01D9A2692AB19C4202D019
:10722400204600F079F923466B613046BDE8704092
:10723400FFF7D8BE38160020024B03F11802C3E949
:10724400062270473816002070B5EFF3118620230C
:1072540083F31288BFF36F8F1A4CA168E0690B683F
:10726400814214BF1A46002249680B605960A36822
:10727400E1692AB9144AC3E900210B60E3610AE019
:1072840092F90E5093F90E00854216DD5168C3E958
:1072940000210B605360A5690B4B9D4200D005B9DA
:1072A400E568A3689D4202D0284600F035F965617F
:1072B4003046BDE87040FFF703BE8A42DAD0126858
:1072C400D7E700BF3816002050160020F8B550EA62
:1072D400010306460C4603D1FFF7B6FF0020F8BDB4
:1072E400EFF31187202383F31288BFF36F8F124DBE
:1072F400124BA8681860FFF73DFEA8682346324683
:107304000F49183000F0A4F9AA680446137C3846E3
:1073140043F004031374FFF7D3FDAB68D3E90A23E6
:10732400B3F1004F08BF002AD8D106F04AF8201A5A
:1073340020EAE070D3E700BF38160020641600206E
:107344009DD10100014B9868704700BF381600209A
:107354002DE9F84304468789EFF31186202383F34C
:107364001288BFF36F8F037C190705D586F3118844
:10737400BFF36F8FBDE8F883D90943F0080272D1D7
:107384000274A36813B1204605F0B3FE04F118009B
:1073940005F0E2FFA56D04F15808A84511D04FF09F
:1073A400000975B1284605F0A4FE05F1180005F0A2
:1073B400D3FF2846C5F8B490FFF79CFDA56DA845FA
:1073C400EFD1DFF8C480D8F808309C4253D1EFF3F2
:1073D4000589B9F1000918BF4FF00109D8F8185010
:1073E4002A4A954200D00DB9D8F80C50AB4202D0CD
:1073F400284600F091F82046C8F8145002F093F99A
:10740400204600F0D9F8B9F1000F02D02048FFF768
:1074140049FDD8F808309C4230D1EFF305836BBBAB
:10742400A289D20711D586F31188BFF36F8F83F336
:107434001188BFF36F8F0423184602DFEFF3118620
:10744400202383F31288BFF36F8F3046FFF738FD94
:10745400FB078FD5002383F31188BFF36F8F0423B9
:10746400184602DF86E703F07F0343F00803037442
:1074740005F037FE85E74FF00009AFE786F3118882
:10748400BFF36F8FE4E700BF3816002050160020CA
:10749400B80A0020D3B5DDE90667089CCDE900678A
:1074A400FFF7EAFD1CB1034B9B685B69236002B0E4
:1074B400D0BD00BF38160020027C034612F01F0224
:1074C40010D10A4988420DD00949086868B1D989A0
:1074D4007F2909D893F90E20064B1B689A42B8BF3E
:1074E400002070470020704710467047480900206C
:1074F40034050020681600200122044BC01A044BF6
:10750400C0105843034B1A54704700BF700B00203F
:10751400ABAAAAAACF16002070B50C4B0C4D1E7C4A
:10752400FFF7CAFF182303FB06550446284605F057
:1075340013FF0022074B9A553CB1621E2846BDE852
:1075440070400549D31700F083B870BD3816002089
:10755400700B0020CF160020FD74010038B5EFF346
:107564001185202383F31288BFF36F8F0F4B104ACA
:107574009C681068A04206D1FFF7CEFF85F31188FE
:10758400BFF36F8F38BD00211B7C1160094AD35CA7
:10759400002BF3D02046FFF78FFF0028EED0237C8A
:1075A400DB0601D1FFF732FD2046E5E7381600205F
:1075B40064160020CF160020EFF31181202383F3FB
:1075C4001288BFF36F8F0A4A136A834207D19B6FF5
:1075D400136281F31188BFF36F8F70471346002B3A
:1075E400F7D09A6F8242F9D1826F9A67F1E700BFB0
:1075F40038160020024B1868984208BF00207047D4
:1076040038050020034B1B680BB9FDF71DBB002098
:10761400704700BF6C16002030B570B10B4B5B682F
:1076240098420AD0036843B1D3E90421D0E9044560
:10763400121941EB0501C3E90421D0E900321360BA
:107644005A600023C0E9003330BD00BF3805002074
:10765400B3F1FF3F08BFB2F1FF3F2DE9F84F0446F5
:10766400994615461F467AD08160EFF3118820238E
:1076740083F31288BFF36F8FB9F1000FDFF8E4A032
:1076840020DBFFF7BFFFDAE90027013549F10009E4
:107694002D1849EBE07306464FF00109C4E9045381
:1076A400AD1843EB0707FFF7A5FF0346DFF8B8E083
:1076B400DEF804A0EBB9C4E900EACAF80040CEF849
:1076C400044028E06FF00103DAE900125B1A4FF07E
:1076D400FF3161EB02025B1B62EB0902012B72F1C9
:1076E4000001BCBF012300224FF00009C0E90432AD
:1076F400D9E7D3E9041CD4E904208A4270EB0C0BCB
:1077040024DA891A5A686CEB0000C3E90410C4E94E
:10771400003214605C60FFF76DFF84420ED1134B9E
:107724001B685BB9B9F1000F02D1FFF76BFF064686
:10773400304605F0FAFD0021FDF758FA88F3118868
:10774400BFF36F8F28463946BDE8F88F521A60EBB5
:107754000C005345C4E90420ADD01B68AAE70025FA
:107764002F46EFE7880B0020380500206C16002018
:107774002DE9F047DFF8A8900246C9F800000D464D
:10778400FFF738FF00260027DFF898804FEAE27EF3
:10779400D8E9001350B1D0E9044CA2427EEB0C0AA4
:1077A4001ADAA41A6CEB0E06C0E904460024521837
:1077B40043EB0E032046C8E90023C9F8004005F056
:1077C400B4FD2146FDF712FA85F31188BFF36F8FDC
:1077D400BDE8F047FFF7C2BE611843EBE473C0E9AC
:1077E4000467C8E90013FFF717FF01224FF00043B5
:1077F400C0E9042385F31188BFF36F8F836898472A
:10780400EFF31185202383F31288BFF36F8FD9F828
:107814000020121BC9F80020FFF7ECFEB6E700BFFA
:107824006C160020880B002010B5EFF31184202380
:1078340083F31288BFF36F8FFFF7E4FE0346054A14
:10784400D2E90001181841EBE37184F31188BFF306
:107854006F8F10BD880B002073B50446EFF31186BB
:10786400202383F31288BFF36F8F8368594003EAA0
:1078740002050A4053400022009309496B460192D5
:1078840005F01FFDDDE9003223EA020304F10C00D8
:107894003146A36005F090FC284602B070BD00BFDD
:1078A400E1D40100F8B507460C46164605F013FC72
:1078B40008B10020F8BD0E4B9B68D3F8A850002DEA
:1078C400F7D0221DF5D2EFF31184202383F312881D
:1078D400BFF36F8F284647F00401B04784F3118843
:1078E400BFF36F8F0028E4D040F8045BE2E700BFE9
:1078F400381600200146024A0020FFF7D3BF00BF1C
:10790400BF91010007B5074B4FF48062009306490D
:107914004FF0FF330548FFF717F9002003B05DF877
:1079240004FB00BF28E30100102A0020900B002074
:1079340010B50A4C23681BB101232360002010BD3D
:1079440000F0F4F80028F7D00138072803D8044BD6
:1079540053F8200010BD034810BD00BF701600206E
:1079640034E30100FE8FFFFFBFF34F8F0549064B41
:10797400CA6802F4E0621343CB60BFF34F8F00BFC9
:10798400FDE700BF00ED00E00400FA0530B44FF05D
:10799400FE3200250B4B0C4C0C494968C3F80024FB
:1079A400C3F80424C3F80824C3F80C24C3F810242F
:1079B400C3F81424C3F81824C3F81C24C4F80055CD
:1079C40030BC0847005084500040845040050020DB
:1079D400024BD0E90012C3E90012704740050020B1
:1079E40010B5044650B1636813F0685F05D0064AC9
:1079F400934202D000236260236010BD034B04480D
:107A04005B689847EFE700BF2C5F5CA94005002046
:107A140054E30100C8B143680D4A934213D013F0F4
:107A2400685F0ED0012350E8002F194640E8001C7F
:107A34009CF0000FF7D1012AF5D0BFF35F8F00202F
:107A4400704704487047044870476FF4E04070473B
:107A54002C5F5CA9E98FFFFFEA8FFFFF034680B12B
:107A6400426809498A420AD012F0685F05D0BFF320
:107A74005F8F002210461A6070470448704704481C
:107A840070476FF4E04070472C5F5CA9E98FFFFFFB
:107A9400EA8FFFFF10B5044620B10023034A236098
:107AA400626010BD0248FFF771FFF6E73A00003A42
:107AB4007CE3010070B5184CD0F804C00568C4F824
:107AC40004C0D0F808C0C068C4F808C0E0602560ED
:107AD4000868124B124A18604868586088689860B1
:107AE400C8680969D8601961536813F0685F05D0E4
:107AF40000230C49104651601360A8470A484368A4
:107B040013F0685F07D0002206492368C0E900210A
:107B1400BDE87040184770BD5C0500204805002092
:107B24007C0500202C5F5CA97405002008B500F0DA
:107B340013F830B900F014F828B9064AC2F80C0A50
:107B440008BD032008BD00F009F800F043F8042044
:107B540008BD00BF005084500020704700207047CB
:107B640010B5154800F05EF800B110BD134800F0E0
:107B740059F80028F9D1124C204600F053F8002897
:107B8400F3D1104B10481C6000F04CF80028ECD1E5
:107B94000E4800F047F80028E7D10D4800F042F8FD
:107BA40001460028E1D100F039F8044608B900F094
:107BB4004DF8204610BD00BFBC050020B8050020CC
:107BC400B4050020AC050020B0050020A805002065
:107BD400A405002008B50B4800F02EF80A4800F070
:107BE4002BF80A4800F028F8094800F025F809485D
:107BF40000F022F8084800F01FF8BDE8084000F043
:107C04000FB800BFBC050020B8050020B405002053
:107C1400B0050020A8050020A4050020002070471E
:107C2400704700BF08B5034B02681B68106898478B
:107C3400002008BD5C05002008B5034B02685B68A2
:107C440010689847002008BD5C05002070B5094CF9
:107C5400094D2069AB68984718B1084B08485B6820
:107C640098470021074AEB6811602069BDE870401D
:107C7400184700BF480500205C050020400500208F
:107C8400A0E301008C1600202DE9F0410126B24248
:107C940001DCBDE8F08107463B461F4613F8014B63
:107CA400002CF6D0252CF8D11D780237252DF3D0E1
:107CB4000023DFF8EC809C461C461F2C27D8A5F136
:107CC400200EBEF1100F06D828FA0EFE1EF0010F8A
:107CD40053D12E2D3CD02E2D27D8242D33D02A2D10
:107CE40036D0BCF1000FD4D0B445D5D145F020072F
:107CF4000B68A7F1650CBCF1020F01D9612F42D1C9
:107D0400073323F00703083301360B60BFE77F2CEA
:107D1400DFD96C2D23D01DD8682D27D06A2D01D032
:107D24004C2DDED144F4207408E0A5F1300EBEF1F0
:107D3400090FEED80A2404FB03E3202417F8015B9F
:107D4400002DBAD1CDE7BCF1000F18D0B34218D042
:107D54000023F3E7742DF1D07A2DEFD0C1E7250687
:107D640048BF44F4007444F08004E7E7E50548BFE5
:107D740044F4007444F48074E0E70024DEE79C4695
:107D8400E6E76325B2E7692D02D007D8632D03D057
:107D9400250601D5A405B3D40433B5E7732DF6E75E
:107DA400892801002DE9F04F837893B08046D0F8FC
:107DB40004909C07CDE9081214D50B4600250B92BC
:107DC400187888B1252813D001330693414601352C
:107DD400C847002880F2F28398F8023043F0040385
:107DE40088F802304FF0FF35284613B0BDE8F08F15
:107DF40093F801A09A1CBAF1250F0692E6D04FF031
:107E0400000B5E465F465C461F2C23D8AAF1200374
:107E1400102B22D8DFE803F01521211B2121210B8F
:107E24002121211321182121090044F00104069B7A
:107E340013F801AB0693BAF1000FE5D11BE044F04F
:107E4400020444F00404F2E744F00804EFE744F0C9
:107E54001004ECE77F2C00F2F680BAF12E0F00F04C
:107E6400D38000F2AC80BAF1240F00F0D380BAF1D1
:107E74002A0F00F0B480BBF1000F06D0099B5A46CC
:107E84000BA908980B93FFF7FFFE002E4AF020037E
:107E9400B8BF24F040040493A3F16503BCBF0026DB
:107EA400A4B2022B04D94AF02003612B40F086824D
:107EB4006FEA0A0A0AF0200307930B9B073323F0A7
:107EC400070303F108020B92049A612AD3E9000123
:107ED40004F0400340F0E480002B079B0CAA44F418
:107EE400C05408BF4FF0FF360093334605F06FFCD3
:107EF40001304FF0010CDDF830A0C3B2B34203935C
:107F0400A8BF03F1FF367023CDE9043C0AF109034D
:107F1400122B0DD90AF16303C62B40F2F3800AF247
:107F2400E73340F2CE7293428CBF042303230593BC
:107F34009DF83430D80700F1E780A20700F1E7800C
:107F4400C4F3800B4FEA4B1B5FFA8BFB13F00C0F4F
:107F540000F0E980BBF1000F0CBF03230423BB42F4
:107F64000EDA2007A7EB03070BD42F444146202049
:107F7400C847002805F10105FFF62EAFBD42F5D133
:107F84000027BBF1000F07D041465846C8470028D8
:107F940005F10105FFF620AF9DF83430AD4C13F028
:107FA400080FAD4B08BF1C462646324616F8010B97
:107FB400002840F0AF802C1B02EB040B7AE1AAF1FD
:107FC4003003092B3FD814F0400F4FF00A020ABFC8
:107FD40044F0200402FB063602FB073727E7BBF117
:107FE400000F7FF424AF0B9A600652F8043B0B9207
:107FF40001D51E461BE7002BA7BF44F020041F46F3
:108004005F4244F0280412E763063FF5EDAE44F006
:1080140040040CE7BBF1000F3DD014F0400A099B6B
:108024000BA908980CBF3A4632460B93FFF72CFE77
:108034000B9B53F8042B0B93BAF1000F01D0164697
:10804400F5E61746F3E6BAF16C0F16D00CD8BAF180
:10805400680F19D0BAF16A0F03D0BAF14C0F7FF44C
:108064000AAF44F42074E2E6BAF1740F3FF4DFAED1
:10807400BAF17A0F3FF4DBAEFDE6200648BF44F4C4
:10808400007444F08004D2E6E30548BF44F400746D
:1080940044F48074CBE65E46BB4634463746C6E6B7
:1080A400002B049B08BF0626652B0FD1721C44F4D9
:1080B4008054D2B21346112A4FF0650E4FF00002DD
:1080C40028BF11239446CDF810E007E0049B662BEB
:1080D40010D144F40054B44601221123CDE9002CFC
:1080E4000CAA00F015FBDDF830A0C3B20393022301
:1080F40005930BE716F0FF02DCD165239446049345
:108104000123EBE7022312E74FF02D0B1EE74FF09C
:108114002B0B1BE7079B4146C01AC0B2C847002877
:10812400BFF643AF58E614F4405F40F09780039BDA
:10813400002E03F1480308BF01266B44133B039A46
:108144001AB113F8012D302A75D014F0100F039BC7
:1081540018BF33461AF1040F72DBB24570DA534587
:1081640044F400547DDD0AF101069E1B2AEAEA73F9
:108174000133BBF1000F00D00133002E73D0721C09
:1081840013449F42CCBFFF1A002714F0090F03D1F8
:108194002F44BD426BD10027BBF1000F07D04146ED
:1081A4005846C847002805F10105FFF615AE23051A
:1081B40010D541463020C8470028FFF60DAE079B76
:1081C40041460235C3F1780000F0F800C8470028A2
:1081D400FFF602AE200704D4AB467D195D454ED1AF
:1081E4000027A10469D52AEAEA737642AAEB030AB6
:1081F400039A013B05F1010B524589BF0CAA3020BB
:10820400524450799E4242DC41460493C8470028B8
:108214000AF1010A049BFFF6DFAD5A1C09D141465D
:108224002E200493C8470028FFF6D6AD05F1020BB3
:10823400049B5D46DCE7039A013AD2B203927EE7DF
:108244005E1E14F4006F059A14BF05230323134420
:108254008FE700BF26EB010022EB0100A10485D4C7
:10826400EFE7002682E7E20648BF013389E741468B
:108274002020C847002805F101058ADAACE541460B
:108284003020C84700280BF1010BA7DAA4E54146CA
:108294000393C8470028FFF69FADE6060AD5039B63
:1082A400013307D105F1020B41462E20C8470028AF
:1082B400FFF692AD5D465F4412E241469DF83500FB
:1082C400C8470028FFF688AD002E5DDD41462E200C
:1082D400C8470028FFF680AD01240CAB039A414641
:1082E400A346A242CABFE21830205079C8470028EA
:1082F400FFF672AD01340CABA642EFDAAC1C5C4461
:10830400049B4146079A981AC0B2C8470028FFF652
:1083140063ADBAF1000F4146B6BF2D202B20CAF140
:10832400000AC8470028FFF657AD059B042B37D138
:108334004FF47A7641460334BAFBF6F505F1300082
:10834400C0B2C8470028FFF647AD06FB15AA64264D
:1083540041460134BAFBF6F505F13000C0B2C84716
:108364000028FFF639AD06FB15AA0A26414601345A
:10837400BAFBF6F505F13000C0B2C8470028FFF695
:108384002BAD06FB15AA12E0E40601D46C1CB7E77A
:1083940041462E20C847002805F10204B0DA1BE547
:1083A400059B0234032BD2D0059B012BDDD10AF1AE
:1083B400300004F1010B4146C0B277E7AAF1630330
:1083C400122B00F2E580DFE813F013005400E30001
:1083D400E300E300E3005400E300E300E300E30010
:1083E400E300FC00DD00E300E3002900E300AB0050
:1083F4000B9B01260DF1300A1A1D1B680B928DF898
:10840400303020072CD50AEB060B54465C4529D1A5
:10841400A5EB0A0ABF1B04EB0A0B4BE70B9B1A1DC7
:108424000B92D3F800A0A94BBAF1000F08BF9A46EB
:1084340014F0400F504614BF31464FF0FF3105F0A1
:10844400A7F80646DDE741462020C8470028FFF686
:10845400C3AC013CA642F6D32F443D1B2746D2E7CA
:108464003C46F7E7414614F8010BC8470028CDDA2B
:10847400B2E421060B9B32D5A2052BD5073323F09A
:10848400070303F10802D3E900010B9224F0100B57
:1084940000291FFA8BFB32DA40424BF4806B61EB0C
:1084A40041010CAC0A23224605F07EF81BF0400F74
:1084B400A0EB040200F09C802BF0010396429BB2D7
:1084C40040F39F80BAF1000F40F09D802BF0110320
:1084D4009BB21FE01A1D18680B92C117D6E71A1D2C
:1084E400E00519680B9201D40846F6E7A20547BFD8
:1084F40048B241F3C01108B241F3C031C6E750EAB3
:108504000103CED16306CCD5002ECAD124F01104C8
:108514003246A3B2344640F206410B426FD126E004
:1085240024F010040A23A4B214F0800C0B9A4CD04B
:1085340014F4007115BF0732101D22F007020B90CE
:108544000FBF106802F108010B91D2E9000150EA53
:10855400010247D124F0160B62061FFA8BFB45D5A6
:10856400002E43D124F017043246A3B2344619072F
:108574005FD4D90704D5A74272DD3C1BA6183C463C
:10858400A34650E044F0100410234FF0780ACBE7E0
:108594004AF02003782B04D1CAF1780343F0100386
:1085A400C2E741462520C8470028FFF615AC4146DE
:1085B4005046C8470028FFF60FAC0235069BFFF76C
:1085C400FFBB08234FF0000AAEE7111D10680B91A2
:1085D40014F48071BBD014F400711ABFC0B26146A8
:1085E40080B2B4E724F006041FFA84FB0CAC5AE70B
:1085F40014465B46D9068ED5BAF1000F05D1013475
:10860400B5E71446F6E73446F4E70234AFE74146EB
:108614002020CDE90332C8470028FFF6DDAB0BF17B
:10862400010BDDE903325F45F1DC2C1B04EB0B0588
:108634005C46D90616D5414630200392C847002827
:10864400FFF6CAAB039ABAF1000F32D002354146A5
:108654005046C8470028039AFFF6BEAB2E441DE0DF
:1086640016468DE740F206410B42F7D013F0020F95
:1086740005F101054146039214BF2B20202013F479
:10868400806F18BF2D20E4E7414630200392C8478D
:10869400002805F10105039AFFF69EAB731B9A426D
:1086A400F2DB16460DF1300A2EB902EB050B3F1B27
:1086B40000E60135D2E7013E414603921AF806006E
:1086C400C8470028039AEFDAFFF786BB2AEB0100BC
:1086D40041462020C847002805F10105FFF67CAB80
:1086E4007B1B002BF4DC69E71FB502AB074A009340
:1086F4004FF0CC3305F035F8DDE90201C00840EA5B
:108704004170C90805B05DF804FB00BFCDCCCCCCEA
:108714002DE9F04F9BB00F0D04460A939DF890305D
:108724000592C1F30A520C93C1F31303C90F0791C5
:108734007AB950EA03017ED10599302301274B71A0
:10874400079B0A6043F002030B7138461BB0BDE877
:10875400F08F40F2FF718A420BD10343079B059AC5
:108764004FF0000714BF43F0080343F004031371F0
:10877400EBE7A2F2354A43F48015234304F00102E7
:108784004FEA85080CBF27F00107012748EA9478CF
:10879400089208BF7F054FEA840602BF7F0DB7FA2F
:1087A40087F77F09BAF1000FC0F2B680504600F097
:1087B400EFF9BAF1030FC8BF0138049000F0F4F9DF
:1087C400049B7C3016A9A3EB0A0A8244184600F0E5
:1087D4007DFA12AB20462946019310AB16AA0297E4
:1087E4000093534604F006FF049B04460D46152BE4
:1087F40000F28E8014ABA94A3046414600934FF0F4
:10880400CC33DDE9109A04F0ACFF149B159A9B0855
:1088140043EA827303EB8303B34210D141463046EB
:1088240000F0CAF9049B83428CBF4FF000084FF05C
:108834000108002715E01D46DFF864A29DE7089BA8
:10884400002B55D1013E48F1FF31F01B61F10001CD
:1088540000F0B2F9049BDDF8208083428CBF00272E
:1088640001270C9B002B40F0C880DDF828900026DF
:108874004FF00A0B06960996DDE91001FFF734FF65
:10888400DDE912A3CDE90D01194650460F93FFF718
:108894002BFF0A4603460D990B908B420E9B72EBFD
:1088A40003010F9B80F0C480204629460F92FFF7F6
:1088B4001BFF0B9B002E14BF4FF0000808F00108AB
:1088C4000F9A0BFB10460BFB03F50D9BF6B2044607
:1088D4001093554514BF002707F001070E9B0D4662
:1088E400139211930B9B1293069B01330693C3E7D8
:1088F400B01C48F1000100F05FF9049B83428CBF77
:1089040000200120B9EB00006AF10002CDE9100259
:108914004FF000084746A4E7CAF1000B584600F0A0
:108924003DF9BAF1FF3F0CBF8146A0F10109ABEB61
:10893400090B0AEB09035846049300F035F916A90C
:10894400A0F17D0A584600F04FF912ABA9EB0A0AD0
:108954002046019310AB294616AA0093534602976A
:1089640004F048FEB9F1010F04460D460ED8089BE9
:1089740013B94FF0010874E7109B4FF00108119AE6
:10898400013B42F1FF32CDE9103252E7B9F13E0F1B
:10899400BED84FF0FF33A9F12000C9F1200103FA3A
:1089A40009F203FA00F023FA01F103FA09F302438E
:1089B40026EA03060A4328EA020856EA08060CBF18
:1089C4004FF001084FF0000833E700FB02F60133D3
:1089D400A1FB001232448C4275EB0206F5D2049AD4
:1089E400DDF828901344259A1344D20F9342B8BF5C
:1089F40013469945A8BF994639E70A210022012365
:108A04000846E8E70BFB01FE0CF1010CA0FB0B018F
:108A14007144844275EB010EF4D2CC450DDDB9F1FD
:108A2400000F02D154EA050107D0012309933BE763
:108A34000A2000214FF0010CEBE7002F32D04FF059
:108A44000A0B50461946FFF74FFE0BFB00F20B9141
:108A540052450E9026D1002E14BF4FF0000808F0A6
:108A64000108DDE91001FFF73FFE8A460D90294613
:108A74002046FFF739FE0D9A0E9B0BFB10460D4660
:108A840004461293F6B2CDE9102A0B9A9A460B9B30
:108A94001392069A01320692D3E700BFCDCCCCCC18
:108AA400CCFBFFFFB8F1000F05D0052E03D104F075
:108AB40001060436F6B2069BDDF810809844099B43
:108AC40053B9DDE912239D4208BF944204D1089BA7
:108AD400002B4AD1002F48D0042E94BF0026012633
:108AE40030194FF00A024FF000034FF0010745F12F
:108AF40000011446904271EB030538D2F6B1B94532
:108B04001CDA0C9B6BB108EB0703259ADDF828905F
:108B14001344012BB8BF01239945A8BF99464F457B
:108B24000CDD053008F1010807F1FF374FF00A02A8
:108B34004FF0000341F10001F7F70AFC4F450FFA2B
:108B440088F8059BA8BF4F464FF000093FB2B844D0
:108B540008F1FF3607F105089844B9450EDB059B7B
:108B64001A461E60079B1371EFE50126B8E704FB64
:108B740003F50137A2FB04232B44BBE70A2200239D
:108B8400F7F7E6FB303209F1010908F8012DE4E7B3
:108B9400014B5843800C704741340100014B58434A
:108BA400000D7047FB2E0B00024B5843C00C0130E4
:108BB400704700BF4F93120070B50346094A002066
:108BC4004FF0CC364FF0333506FB03F402FB01447F
:108BD400A3FB023121449D4275EB010401D3013012
:108BE400F2E770BDCDCCCCCC1A232DE9F04FB0FB0D
:108BF400F3FA334E03FB1A0389B004460D4606EB21
:108C04000A1653B9D6E90023C1E90023D6E90201C3
:108C1400C5E9020109B0BDE8F08F2A4A02EBC3039B
:108C2400D3E9008904AB404649460093D6E90223C0
:108C340004F097FD06AB83460F4640464946009331
:108C4400D6E9002304F08DFD00238146DDE90662A8
:108C540016EB0B0652EB070828BF012333B1049B24
:108C6400059A013342F10002CDE904322046039112
:108C7400FFF79AFF07461A2000FB0AF0FFF794FF5C
:108C84003F1A3246434648460399009704F080FD54
:108C94000D4A4FEA141C640004F01E0352F82C40E1
:108CA400DC4004F003042418304641F10001DDE9FE
:108CB4000423C5E900414146009704F069FDA7E794
:108CC400D8DE010008DE0100C0E301002DE9F04F09
:108CD4001A2700F11905DFF8E0A089B004460E4612
:108CE400B5FBF7F56F434FEA051B0AEB05153A1A76
:108CF4000AD1D5E90023C1E90023D5E90201C6E977
:108D0400020109B0BDE8F08F2C4B03EBC203D3E999
:108D1400008904AB404649460093D5E9022304F098
:108D240020FD5AF80B206B68013ACDE9020106A92F
:108D340063F1000340460091494604F012FD8A465F
:108D4400029900238146DDE906526D18039952EB1E
:108D5400010828BF012333B1049B059A013342F172
:108D64000002CDE904323846FFF71EFF07462046CD
:108D7400FFF71AFF3F1A2A464346484651460097D2
:108D840004F006FD0E4A4FEA141C640004F01E03AE
:108D940052F82C40DC4004F0030401342418284623
:108DA40041F10001DDE90423C6E900414146009791
:108DB40004F0EEFCA3E700BFA8DF010008DE010019
:108DC40014E401007047836800EBC101B3F5004F60
:108DD4002CBF51F8220031F81200704700EBC1019A
:108DE4008068B0F5004F2CBF41F8223021F81230D2
:108DF4007047012208B5FFF7E6FFD04008BD83683D
:108E040000EBC101B3F5004F08D34B681AB143F02E
:108E140001034B60704723F00103FAE74B881AB152
:108E240043F001034B80704723F00103FAE753003A
:108E34000122FFF7D3BF08B58368B3F5004F06D30B
:108E4400FFF7D7FF01288CBF0020012008BD0020B8
:108E5400FCE78368B3F5004F34BF04230823C91A21
:108E6400081AC00870478368B3F5004F28BF01395A
:108E7400B1FA81F0C0F11F0070472DE9F0411746A7
:108E840003220E460446FFF79EFF8642054607F17D
:108E940004080AD10122E368BA4023EA0203E3602A
:108EA400002344F82830BDE8F081314602222046F0
:108EB400FFF789FF06462B4601460322204644F865
:108EC4002850FFF78BFF334629462046BDE8F04182
:108ED4000222FFF783BF38B504460D46FFF7ABFF08
:108EE40070B929462046FFF784FF01462046FFF764
:108EF400BAFF294602462046BDE83840FFF7BDBF09
:108F040038BD2DE9F04705468946FFF7ACFF05EB70
:108F1400800ADAF81070064677B94FF0FF34EB6830
:108F24000136B4401C4015D094FAA4F2B2FA82F28D
:108F3400131D55F8234009E03C464FF00308214631
:108F44002846FFF756FF484507D3324621462846B0
:108F5400FFF793FF2046BDE8F08721460322284609
:108F6400FFF731FFB8F101080446CAF81000D4D065
:108F74008742E4D1D1E72DE9F04114460E46054677
:108F8400FFF737FFA4EB0608371B07444246314678
:108F94002846FFF74CFF3A4621462846FFF747FF8D
:108FA4004346002221462846FFF718FF214628465B
:108FB400FFF71FFF3B46211800222846BDE8F04179
:108FC400FFF70CBF2DE9F041164604460F46FFF7A4
:108FD40010FF314605462046FFF70BFF05442A469D
:108FE40039462046FFF723FF31462046FFF701FFAD
:108FF4002B46311800222046BDE8F041FFF7EEBEB3
:109004002DE9F04104460D46FFF715FFB8BB29468C
:109014002046FFF7EEFE01462046FFF724FF04EB4F
:1090240080010E6996B90122E36882401343E3602C
:1090340002220D612B4629462046FFF7CFFE03226C
:1090440029462046BDE8F041FFF7C8BE022231465A
:109054002046FFF7B8FE0746034629462046FFF799
:10906400BDFE0322334629462046FFF7B7FE3946A4
:109074002B462046FFF7B2FE02223146E1E7BDE867
:10908400F08170B500295CD0056801222846FFF7FD
:10909400E0FE014604462846FFF795FE104006D13F
:1090A40080F31188BFF36F8F0423184602DF214633
:1090B4002846FFF79EFE2618314600222846FFF771
:1090C40082FE361AB44206D082F31188BFF36F8F42
:1090D4000423184602DF002221462846FFF78FFEAC
:1090E4002146FFF786FE2618012231462846FFF75F
:1090F4006AFEC20708D431462846FFF7ECFE324622
:1091040021462846FFF75EFF002221462846FFF746
:109114005AFE261A012231462846FFF754FEC30799
:1091240009D431462846FFF7D6FE22463146284662
:10913400FFF748FF344621462846BDE87040FFF754
:109144005FBF70BD70B5056809B9002070BDAB681C
:1091540001F00704B3F5004F34BF0422082207349A
:109164001444E40804EBD1049C4228BF1C4628465E
:109174002146FFF7C6FE06460028E6D001462846EB
:10918400FFF737FEA04209D9344431462846224627
:10919400FFF7F1FE21462846FFF732FF2846012259
:1091A4003146FFF72CFEAB68B3F5004F34BF042300
:1091B400082303EBC6031844C8E71146FFF7C2BFF0
:1091C4002DE9F8434B42066803EA010731EA030339
:1091D4001446B2680ED0B2F5004F2CBF0823042306
:1091E400BB4228BF3B46B946CF1B94B9002528464D
:1091F400BDE8F883B2F5004F34BF04230823994235
:1092040004D82146BDE8F843FFF79CBF4FF000099E
:10921400EBE7B2F5004F34BF04250825FB1AE1083B
:1092240004F0070001EBD301073003F00703034404
:109234002B4401EBD301914228BF11463046FFF77E
:1092440060FE80460028D1D0B36809EBC005B3F5B1
:10925400004F34BF042308231D4435447B1E1D44A2
:10926400B5FBF7F57D43A5EB090529463046FFF725
:10927400F0FD2C44073424F00704A41B8045074662
:109284004FEAE40408D2024641463046FFF773FE33
:1092940041463046FFF7B4FE39463046FFF7A9FD94
:1092A4003844844208D2394630462246FFF763FEEA
:1092B40021463046FFF7A4FE012239463046FFF727
:1092C4009EFD94E7B2F5802F34BF042308232DE9D3
:1092D400F0410026D21A8C18CD1D25F0070524F084
:1092E4000704641BE408056021462846AC60EE6070
:1092F400FFF7B9FD820002F11B07FF083146043273
:1093040005F1100004F029F93A4631462846FFF7E2
:109314008EFD3346324631462846FFF75FFDA4EB07
:109324000708284631460122FFF769FD42463946BF
:10933400FFF77DFD3B46324639462846FFF74EFD92
:1093440021462846FFF773FD434632462146284608
:10935400FFF744FD214628460122FFF750FD394618
:10936400BDE8F041FFF74CBE002070470FB407B5CD
:1093740004A951F8040B0191F7F712FA03B05DF850
:1093840004EB04B07047002203680BB91846704719
:109394008B4210D10B6842B942680360914200D1FC
:1093A4004360002301200B607047136043689942B7
:1093B40008BF4260F5E71A461B68E6E7038B13F023
:1093C400070306D10368002B18BF032008BF002041
:1093D4007047022B05D1408BB0FA80F04009800021
:1093E4007047012B04D10368002B18BF0520EDE75B
:1093F4000020704710B50C4600B111B96FF015008C
:1094040010BD081D00F0C6F80028F9D1A368032B8D
:10941400F6D9F3E72DE9F0410D4607461946281D14
:1094240090461E4600F0C7F8044638B1334642461B
:1094340029463846A446BDE8F0416047BDE8F081BE
:1094440010B4EFF31182202484F31288BFF36F8FDA
:10945400416110BC0121F7F7D5B938B50C46054672
:1094640058B151B10B6843B14B6833B11C22002190
:1094740004F073F800202C6138BD6FF01500FBE791
:10948400F8B504460E46FFF7B5FF051E3BDBEFF3C8
:109494001182202383F31288BFF36F8F4FF6FF717D
:1094A400638B278B8B4207F007072ED0062F2FD80C
:1094B400DFE807F0182E082E180418006FF0850551
:1094C400002303E0013363830225012382F311881F
:1094D400BFF36F8FBBB100233A4631462046FFF7F6
:1094E40099FF10E000233360636823B9C4E9006680
:1094F40027B13D46E4E71E606660F9E70221204695
:10950400F7F780F93D462846F8BD6FF00A05D7E71E
:109514006FF00405D4E710B5EFF31182202383F331
:109524001288BFF36F8F048B04F00704022C0AD057
:10953400012C0CBF6FF004006FF0850082F31188DA
:10954400BFF36F8F08E0438B013B9BB2438323B986
:109554002146F7F757F9204610BD2046EEE738B507
:10956400A8B1A1B1EFF31185202282F31288BFF3D1
:109574006F8F048BFFF707FF30B104F0070085F30A
:109584001188BFF36F8F38BD6FF07700F7E76FF086
:109594001500F8E7034658B1426802F00302012AB5
:1095A40003D0032A04D1026812B1002098607047E6
:1095B4006FF0150070474268034602F00302032A65
:1095C4004FF00002816014BF104600685A60704773
:1095D40070B506460C888888241A3069A4B284427F
:1095E40085B224BF641BA4B22D1BA8B2984228BF25
:1095F40018463368234413600B8803440B8070BD02
:1096040070B4838985880669ED1AADB2731B9342E1
:1096140028BF134670BC0A46011DFFF7D9BF70B4BA
:109624000E460146C58831F80A3FEC1AA3B29342AC
:1096340028BF1346324670BCFFF7CABF10B54B882B
:109644000C88E41AA4B294420ED31A4492B28B88C2
:109654004A800A800069D21A92B2824201D2002062
:1096640010BD03448B80FAE76FF01500F8E72DE98D
:10967400F34106460F4615464FF000082A46304689
:1096840001A9FFF7BDFF044640B1024639460198DF
:1096940003F056FF2D1BA0442744EFD14246304629
:1096A400311DFFF7CBFF404602B0BDE8F0812DE944
:1096B400F34107460E4615464FF000082A46384641
:1096C40001A9FFF7ACFF044648B12EB10246019947
:1096D400304603F035FF26442D1BA044EED142460C
:1096E400384607F10A01FFF7A9FF404602B0BDE87A
:1096F400F0817047FEE703F030BF03F021BF01465D
:109704000068F7F7F3BA08B5F7F720FBBDE808409F
:10971400F7F766BE00210120F7F7E8BAD0F89C30CD
:1097240083F30B8870476FF08500704761B662B6AB
:1097340080F31188BFF36F8F704708B572B60023AA
:1097440083F31188BFF36F8F00F098F850B1BFF323
:109754004F8F30BF00BF00BF00BF00BF00BF00BFBE
:1097640000BF00BF62B6BFF36F8F08BD10B50446DB
:1097740072B6002383F31188BFF36F8F00F07EF875
:1097840050B1BFF34F8F20BF00BF00BF00BF00BF69
:1097940000BF00BF00BF00BF84F31188BFF36F8F09
:1097A40062B610BD40E800F313F4803FD8B208BF9E
:1097B4006FF01500704730B50C684B6885B00A89A6
:1097C4004D890094013B24F01F04234402F01F023E
:1097D40042EA451223F01F0369468DF808200393DB
:1097E400F7F7B2FE05B030BD08B5F8F78DF80020E4
:1097F40008BD002303824369C3607047027A0132C3
:109804000272704710B508B14B68436000234C687E
:1098140008464B60F8F740F9204610BD838802687B
:1098240019448180D018704730B484880568A3181F
:109834008380281930BC03F083BE10B58388026886
:109844005C1C8480D154D01810BD30B58388026864
:109854009D1C8580D418D154090A617030BD838859
:109864005B1A9BB283800068184470470346828861
:10987400521A82800068084418607047F8F72AB9C1
:109884004FF05023012270B50C460546C3F8142648
:109894000020F8F7B5F928462346BDE870400021BA
:1098A40018472DE9F041064601200D46F8F7A8F9BE
:1098B4004FF47F03D3F830214FF05024072AD3F814
:1098C40034311BD1023B022B18D94FF00108002779
:1098D4000520C4F81886C4F8147602F02AFC404621
:1098E400C4F8148602F025FCC4F81476C4F818767B
:1098F40030462B46BDE8F041002118470023C4F848
:109904001436F5E74FF0FF324FF0FF330430FCF725
:109914008DBEFCF7FDBE90F86C00C0F3411070479B
:10992400F8B504461E460D461746FFF7EBFF94F8BC
:109934006C309B0715D425B1012D10D06FF015059F
:1099440008E0216F0029F9D000259DF818300F7127
:109954004E718B71201DFFF7DCFF2846F8BD616F47
:10996400F0E76FF07705F5E790F86C00C0F380003E
:10997400704738B50446FDF721FC2046FFF7C2FFC7
:10998400A06940B96FF01205201DFFF7C2FFFDF773
:1099940029FC284638BD94F86C30DB0716D403F054
:1099A4004EF90028EED02046F8F7AAFF0546002815
:1099B400EAD10146242204F1280003F0CEFD94F8F4
:1099C4006C3043F0010384F86C30DDE76FF0770509
:1099D400DAE770B50446FDF7F1FB2046FFF792FF86
:1099E40094F86C30DA0731D5C3F340019B0730D4C7
:1099F400A06901F0CAFB0646A06901F056FC0546C1
:109A0400B0B9A36F4BB13146204600F087F9054643
:109A1400A8B1A06901F071FC0AE0A06901F0EDFBB6
:109A2400A0670028EFD1A06901F067FC6FF00B0577
:109A3400201DFFF76EFFFDF7D5FB284670BD94F897
:109A44006C3043F0020384F86C30F1E74FF0FF35DB
:109A5400EEE76FF07705EBE70246034652F8640F32
:109A640090420BD100207047027A8A42FBD09A6E52
:109A74008242F7D000680028F6D170470028F3D15D
:109A8400704738B504460D46FFF73CFF94F86C3038
:109A9400DB0718D42B690BB9EB68BBB1636E1BB938
:109AA40004F16403C4E919332B6893B9A26E04F179
:109AB4006401C5E900121560A5661D46201DFFF767
:109AC40028FF284638BD4FF0FF35F7E76FF015053E
:109AD400F4E76FF07705F1E710B50446034654F850
:109AE4004C0FA0420DD100200DE0447D8C4204D1E6
:109AF400032909D1047A944205D01C6D8442F2D022
:109B040000680028F1D110BD0F29F5E72DE9F041D7
:109B140005460C46061D4FF0FF324FF0FF3330462A
:109B2400FCF784FD2F6F002F6DD095F86C30DB07A8
:109B340069D4EB6C1BB905F14C03C5E913332368F5
:109B4400002B63D1637D0F2B09D1237A012B0CD019
:109B54002B6D05F14C02C4E900231C602C65637D68
:109B6400032B0FD04FF0000806E02846E168FFF70A
:109B740088FF80460028EBD03046FCF7C9FD4046FC
:109B8400BDE8F081EA6C05F14C0090421ED100233F
:109B940029E091F815C0BCF1030F10D001332372F2
:109BA4004B68C4E900131C604C60637A022B24D018
:109BB400032B25D0012BD5D1237ABB73D2E791F89F
:109BC40008C00CF1FF3C6345E8D11268002ADED0DE
:109BD400517D2B6D03290DD19A42137A02D011685D
:109BE4000029D6D1013323722B6DC4E900031C6014
:109BF4002C65DAE79342E8D1C9E7237AFB73B1E72E
:109C0400237A3B74AEE74FF0FF38B5E76FF077087F
:109C1400B2E70346006800B1187A70478388C288A7
:109C24008168D21A03685B1AD01A70470346C08849
:109C340008B11878C009704770B50C46154600F095
:109C4400E7FA40B1406883681B6823B12A4621467D
:109C5400BDE87040184770BD38B58021044680695E
:109C640001F0EEFA054650B10146204600F074FCBE
:109C7400044610B12846F7F70FFF204638BD6FF0B1
:109C84000B04FAE738B50446806FFFF7B7FD0546C5
:109C9400FFF7AFFD2046294600F05EFC044610B1F4
:109CA4002846F7F7F9FE204638BDF8B504460D46B8
:109CB400174686680369A033D3E8AF3F9B070ED5E8
:109CC400B36A7BB1F36B98472946B36A3A46204698
:109CD4009847336C0546204698472846F8BD4FF010
:109CE400FF35FAE76FF08505F7E770B504460D46D2
:109CF40086680369A033D3E8AF3F9B070BD5F36BAA
:109D040098472946736A20469847336C054620468F
:109D14009847284670BD4FF0FF35FAE710B5044662
:109D240019B9002084F8300010BDFFF7ABFF0028FC
:109D3400F7D0F9E738B590F830300D46022B04D14E
:109D440000F061F908B1C46804B938BD2B78032B5D
:109D540005D0052B0ED0022B08D02468F4E76068E8
:109D640083685B69002BF8D09847F6E760688368DE
:109D74009B69F7E760688368DB69F3E7012270B5E4
:109D840015460B685BB302F07F04103423FA04F623
:109D9400F60710D5036823FA04F6F60702D46FF029
:109DA400150070BD05FA04F423EA040303600B688C
:109DB40023EA04030B60D340DE070DD5036823FABE
:109DC40002F4E407EBD505FA02F423EA0403036082
:109DD4000B6823EA04030B600132102AD1D100205E
:109DE400DFE72DE9F04F836981461B69026F93F821
:109DF40080308FB0C3F34113022B0ED0032B0ED04F
:109E0400012B0CBF10230823D371D9F854800026EA
:109E1400B8F1000F05D14046AFE02023F4E740231A
:109E2400F2E7D8F80430D8F80C4003930C96049663
:109E34007CB9049B039A09339BB293701B0AD370B9
:109E44001671D8F80C40002C40F0B180D8F800808E
:109E5400DDE7002560680D9583681B6B002B00F01F
:109E6400A48029469847002800F09F80C4E9035540
:109E74003546A0F1040B5BF8043F0BB11A7822B904
:109E8400B5427DD86FF0150077E05A780B2A08BFE9
:109E94009D70DBF800305A78042A10D1E2680D99DD
:109EA4000A43E260DA78002A58D101229D702369BE
:109EB400AA40134301352361EDB200230D93DBF86F
:109EC40000707B78052BD6D16FF012004FF0010A99
:109ED400D9F8183008937A793B795FFA8AF143EA22
:109EE4000223ADF82E300C9B069397F90230069AA4
:109EF400002BA3BF4FFA8AF30793534641F0800126
:109F0400BFBF4BB2079321F080031033DA40D2076E
:109F14002BD40D9A22FA03F3DB07059225D4BB79DF
:109F2400FA78089800930DF12E03099100F0B2FF1E
:109F34000999D0B9079BB970002B4FF00103BCBF3E
:109F440021F0800110318B4006980599BDF82E2030
:109F540019430343CDE90C31BA808CE76A1E9A7029
:109F64000DA90CA8FFF70AFFA7E70AF1010ABAF145
:109F7400100FB0D100283FF47EAF0FB0BDE8F08FD2
:109F8400E3680D9A1343E360606883689B6AD3B106
:109F940098470028F1D10146606800F000F9049B5D
:109FA4002E4603442468049342E73546ECE7E3680D
:109FB40004F10C01A3600CA8FFF7E0FE00287FF475
:109FC40061AF24683FE76FF08500D6E74FF0FF32BA
:109FD4004FF0FF330430FCF729BBFCF799BB21B1E8
:109FE40001290DD000231B68FFDE5430006848B1FE
:109FF40043685B79934205D000680028F8D1704724
:10A004005C30F3E7704710B590F830300446022B0B
:10A0140009D1FFF780FC94F8382001462046BDE8BA
:10A024001040FFF7DCBF002010BD08B5FFF7D7FFD5
:10A03400003818BF012008BD2DE9F04104460E4642
:10A04400FFF769FC94F838308046CBB9002E3BD03A
:10A05400324641462046FFF7C2FF0746A8B10246F2
:10A06400204600F0D0F9054688B984F83860FC68C9
:10A0740064B3606883681B6A03B198472468F7E790
:10A084002046FFF7C0FF074620B96FF03C0528467D
:10A09400BDE8F0810146204600F08BF91022054608
:10A0A400002104F13A0003F058FA002384F8383010
:10A0B400FF6817B9002DC9D0E9E7786883685B6A3F
:10A0C40003B198473F68F4E784F838600025DEE779
:10A0D400F8B504460E4615465768FFF777FF94F81F
:10A0E4006C30D9074BD4012E4CD0FB799A0605D598
:10A0F400A3691B6993F880309B0743D5002E41D197
:10A10400E36D53B9626D62B9236F6A685B7C013396
:10A11400DBB25371226F53740EE09D4235D01B683D
:10A12400EFE7954225D12A68EBB9A36D62659D429C
:10A1340000D1A26500232B60A96841B12046FFF736
:10A14400E5FC064650B9A868FFF763FDB871002323
:10A154002B60A36D83B9C4E915550026201DFFF7B4
:10A164003CFF3046F8BD1A60A26D954208BFA36556
:10A17400E0E713461268C6E71D60A565EDE76FF0DA
:10A184000F06EBE76FF08506E8E76FF01506E5E7E5
:10A194004FF0FF324FF0FF330430FCF747BA08B5F5
:10A1A40083681B6B0BB198470346002023B153F817
:10A1B400042B0AB1127802B908BD1044F6E710B5B1
:10A1C4001C46FFF70CFF48B10122C06802FA04F3F1
:10A1D40020B10269134201D10068F9E710BD10B53E
:10A1E4000C46FFF710FF48B10123C06803FA04F1DD
:10A1F40020B10369194201D10068F9E710BDD1F813
:10A204001A0083681B6903B118476FF08500704713
:10A2140070B5012501F07F0311F0800F18BF1033D2
:10A224009D4090F830300446022B01D0002070BDD0
:10A2340090F83860FFF76FFB324601462046FFF77F
:10A24400CEFE0028F2D0C0680028EFD083681D42FB
:10A25400EDD10068F8E738B50C46FFF7D4FE80B1BD
:10A26400C06870B14368DA681AB100231179994261
:10A2740001DC0068F5E71568ED5CA54201D0013307
:10A28400F5E738BD2DE9F04105461F460846002A8A
:10A2940041D1F8F74DFB044600283CD02846FFF78F
:10A2A40077FF95F86C30DA072CD4D4F8048004F1E5
:10A2B4001406D6E8AF3FDB0727D4D8F804300BB137
:10A2C4009D4222D13A4600212846FFF788FEF8B184
:10A2D40000232360036993B9C0E90344D6E8EF3F40
:10A2E40043F00103C6E8E23F002AF7D10024C8F88E
:10A2F4000450281DFCF70CFA2046BDE8F0811C60D0
:10A304000461EBE76FF00F04F3E76FF07704F0E715
:10A314006FF03C04EDE76FF01204EDE72DE9F8432C
:10A324000D464C689846064617469DF82090FFF760
:10A33400F2FAA36801461B6B1BB96FF01500BDE868
:10A34400F883204698470028F7D0041F00200C35D6
:10A3540054F8041F09B10B782BB9002814BF00204E
:10A364006FF03C00EBE74B78042B0BD1F8B98B78FA
:10A374004345EDD1CB784B45EAD10B79002BDED0A8
:10A384000120E5E7052BE3D10028E1D0012F07D018
:10A39400022FF5D12A468978B06900F0C2F803E0AB
:10A3A4002A46B06900F0A1F80028E9D0C7E70020E8
:10A3B400C5E7F8B50646CC680CB9204622E001256D
:10A3C40004F10C07E268AAB165F07F03D9B203F087
:10A3D4007F031033DA40D2070ED4E368EB40DB0787
:10A3E40005D53A46B069E9B200F09BF850B9013599
:10A3F400102DE7D12468DFE73A46B06900F091F800
:10A404000028EAD0F8BD2DE9F347002405460E469E
:10A41400A146576897F805803B79A34203DC0020E6
:10A4240002B0BDE8F0875FFA84FA314653464246EB
:10A434002846FFF7C4FE014650B153460122284680
:10A44400CDF80090FFF76AFF0028E9D10134E3E773
:10A454006FF03C00E4E72DE9F74380460D461746CC
:10A46400FFF7BDFE064628B96FF00104204603B08D
:10A47400BDE8F0830F2DF7D808EB0509014699F8DC
:10A484003A402B46002240460097FFF747FF00283A
:10A49400EAD100942B46022231464046FFF73EFFA4
:10A4A40004460028E2D12B4601223146404600975B
:10A4B400FFF734FF04460028D8D1706883685B68CE
:10A4C40013B13A462946984789F83A70CEE70123F2
:10A4D40011F0800F18BF21F08001026818BF1031FD
:10A4E4008B4022EA03030360704737B58B790C462F
:10A4F400009315468B88CA78897800F042FD70B9BC
:10A5040094F90230A178002B4FF00103B8BF21F079
:10A5140080012A68B8BF10318B4013432B6003B00D
:10A5240030BDF8B506460D46174600F072FD0446E8
:10A5340058B929463846FFF7CAFF2946304600F085
:10A544003BFE044608B9FCF77FFE2046F8BD0A46E8
:10A554008069802100F060BE2DE9F0410B7E0C463D
:10A56400590605462ED123B3FFF7FEF970BB2846E2
:10A57400D5F87080268AEF8DFFF7CDF9F8B1421E29
:10A58400534253419B01228A9AB1BE42324628BFAC
:10A594003A46E98D91420CD9B2FBF3F103FB112247
:10A5A4003AB994F91830002BBEBF637E43F0080318
:10A5B40063762146A869BDE8F04100F0A0BD98F893
:10A5C4000730E0E76FF01500BDE8F0814FF0FF3091
:10A5D400FAE743689869F8F7E9BA70B591F9183061
:10A5E4000546002B0C46466807DBC4F81A50214682
:10A5F400B069BDE8704000F082BD3046FFF7B4F9A1
:10A604000028F2D04FF0FF3070BD806900F029BE01
:10A6140038B5054680690C4600F017FD58B901238A
:10A6240014F0800F18BF24F080046A6B18BF103434
:10A63400A34013436B6338BD70B5054680690E466D
:10A6440000F02DFD044620B9314605F13400FFF732
:10A654003EFF204670BD0B0648BF21F08001406BD1
:10A6640048BF1031C84000F001007047C36982B090
:10A674008DF8001001922BB102AB13E9060002B071
:10A68400F8F7B0B902B07047C36982B08DF8001012
:10A6940001922BB102AB13E9060002B0F8F7A2B99C
:10A6A40002B07047704703695B68D86870474368B5
:10A6B4000361037A63B1012B0CBF022303234375A7
:10A6C400437A5A1E032A05D8DFE802F0050505057A
:10A6D4000123F4E700230375837A062B09D0072BA3
:10A6E40009D0052B0CBF002303238375837EC37518
:10A6F40070470123F9E70223F7E7036993F8400061
:10A7040030B1DA6B9388918910695B1A9BB2C01AD5
:10A714007047036993F838007047036993F8402041
:10A7240012B993F838007047012070470369C3E9F0
:10A7340007127047D0E8AF0F084100F001007047DE
:10A7440003691B698833D3E8EF1F41F00201C3E8B2
:10A75400E21F002AF7D1704710B50469606BFEF759
:10A76400A6FF10B1012384F8393010BD10B5046977
:10A77400606B4289C3889A4202D14FF0FF3010BD0A
:10A784000122FEF794FF0028F7D004F17800FCF7CB
:10A79400D5F90020F3E738B50469EFF311852023D8
:10A7A40083F31288BFF36F8FE06BFEF760FF85F3CE
:10A7B4001188BFF36F8F10B1012384F8413038BD85
:10A7C40038B503461B6940685D68AC68A37A84F8B1
:10A7D400223094F82D3084F82330696841B1237C09
:10A7E40033B9FFF793F918B96868FFF712FA2074C0
:10A7F400002038BD01238B40DB43D0E8EF2F1A4003
:10A80400C0E8E12F0029F8D170470069022188309F
:10A81400FFF7F0BF006903218830FFF7EBBF08B5ED
:10A824000369002118698830FFF7E4FFBDE8084098
:10A834000121FFF7DFBF0369012118698830FFF7A1
:10A84400D9BF2DE9F04750F8483C00F140045B685B
:10A85400064600212046D3F80090FFF76BFF00283E
:10A864004CD001212046FFF765FF0746002845D15B
:10A87400D4E8EF3F43F02002C4E8E12F0029F7D1E8
:10A884009B063BD4D9F8103040225B6848469B684D
:10A8940093F83610FFF79DFE054650B92046052172
:10A8A400FFF7A8FF3046BDE8F04721220023FCF75C
:10A8B400B5B98246428A5AF80C1F56F80C0CFEF7BA
:10A8C400F6FE804601465046FEF7A8FFB8F1000F99
:10A8D40004D008F03F08B8FA88F77F0929464846AB
:10A8E40006F82D7CFFF779FE40B12846F7F7D4F837
:10A8F4002046BDE8F0470521FFF77CBFBDE8F0879F
:10A90400F8B50D46016906460C69496847688968C7
:10A914002B7E91F83D102AB3994204D1042104F10D
:10A924008800FFF767FF33692A7E5B689B6893F8AA
:10A9340036309A4204D1052104F18800FFF75AFF0A
:10A9440033692A7E5B689B6893F826309A4203D168
:10A9540004F18C00FBF7B8FF29463846BDE8F840FF
:10A96400FFF753BE994214D12A8AE968606BFEF757
:10A974007EFE28B1E3691BB104F12400FCF7DEF884
:10A9840004F188000421FFF735FF04F17800FCF797
:10A99400D5F833692A7E5B689B6893F836309A420F
:10A9A40015D1E3691BB104F12400FCF7C7F80521B4
:10A9B40004F18800FFF71EFFE36B5A89DB889A4293
:10A9C40005D00022002304F14800FCF727F933697D
:10A9D4002A7E5B689B6893F826309A42BCD104F1C6
:10A9E4008C00FBF717FFB7E738B550F8783C024600
:10A9F4005B6800211D6800F110031846FFF79AFEFA
:10AA040090B301211846FFF795FE68BB52F8441C29
:10AA14008A8888890969121A92B28A1A3F2A23D924
:10AA2400D3E8EF2F42F01001C3E8E01F0028F7D16C
:10AA3400D30619D42B6940225B6828469B6893F897
:10AA44003D10FFF7C6FD044670B1438A0146402B12
:10AA540028BF402343822846FFF7BFFD20B120468C
:10AA6400BDE83840F7F718B838BD38B550F8083C99
:10AA74000446002B4FD050F8243C00F164055B6879
:10AA840002211A680023838283832846FFF752FE3B
:10AA9400B8B154E9023110699847637D1BB104F1E0
:10AAA4005400FCF74BF805212846FFF743FE98B9FC
:10AAB400637F6BB10022002304F12400FCF7AEF89D
:10AAC4000AE003212846FFF735FE0028E1D1E4E738
:10AAD40014F8093C002BEDD102212846FFF72AFE89
:10AAE40038B123695A89DB889A4202D02046FCF7A0
:10AAF40025F803212846FFF71DFE60B1A26993885B
:10AB0400918912695B1A9BB29A4204D02046BDE82F
:10AB14003840FCF713B838BD08B50369022103F1C6
:10AB240088021046FFF706FE28B1596BC888498988
:10AB3400401A18BF012083F8380003211046FFF79C
:10AB4400F9FD40B1DA6B908891891269401A80B29C
:10AB5400801A18BF012083F84000012008BD006955
:10AB640000F18803D3E8EF1F41F00801C3E8E21FB6
:10AB7400002AF7D1C26B9388918912695B1A9BB240
:10AB84009A4202D02430FBF7D9BF704738B5046924
:10AB940004F18805D5E8EF3F43F00403C5E8E23F3C
:10ABA400002AF7D1636B5A89DB889A4203D004F1F7
:10ABB4002400FBF7C3FF04212846FFF7BBFD28B997
:10ABC40004F17800BDE83840FBF7B8BF38BD70B574
:10ABD40003691C6904F18805D5E8EF2F42F00102EE
:10ABE400C5E8E12F0029F7D102212846FFF7A2FD8D
:10ABF40010B11846FFF7CAFFE36B5A89DB889A4203
:10AC04000AD103212846FFF795FD68B104F1240019
:10AC1400BDE87040FBF792BF04F148000022BDE894
:10AC240070400023FBF7FABF70BD38B50446807A44
:10AC3400F6F7ACFE6169054649B1637ADB0704D4D3
:10AC4400C36920461B689B689847002363612146BB
:10AC54002846BDE8384002F097B930B509060546E4
:10AC6400847C14D414F0400016D0298AC3F30A005B
:10AC7400C1F30A01884222D802F00300022809D055
:10AC840003280AD0012811D004F0010004E014F0D4
:10AC94002000E9E7C4F3800030BD14F00200FBD0CB
:10ACA40013F4C05F09D0C4F30010F5E714F00802F0
:10ACB40005D013F4C05FEFD0F5E70120ECE70020E6
:10ACC400EAE7A030D0E8AF0F00F001007047A030F1
:10ACD400D0E8AF0FC0F3400070470369A033D3E856
:10ACE400AF2F41B1D3E8EF1F41F00401C3E8E21FE5
:10ACF400002AF7D17047D3E8EF1F21F00401C3E81D
:10AD0400E21F002AF7D1704701F00F030269090618
:10AD140048BF103352F823007047007DC0F3001081
:10AD24007047037D61F304130375704708B5026926
:10AD34001046FFF7C6FF60B9087E00F00F03000657
:10AD440048BF103342F82310084602F00AF90020E5
:10AD540008BD6FF00C00FBE700220023FBF728BDC1
:10AD640002F01CB902F005B9407EC0F3C000704780
:10AD7400437E23F00803437670471FB504698DF8BA
:10AD84000410CDE90220D4F8983001A9984704B002
:10AD940010BD1FB50346046906208DF80400204643
:10ADA400CDE90213FFF78DFF40B1C1F81E2018460C
:10ADB400D4F8982001A9904704B010BD4FF0FF309B
:10ADC400FAE738B505460C462046FFF7C5FF0146AD
:10ADD40000B938BD6FF070022846FFF7DAFFF3E7D9
:10ADE4002DE9F843066907460D46D6F80090D6F8D3
:10ADF40040804FF0FF324FF0FF3306F18400FBF741
:10AE040015FC4046FFF7A8FF014618BB4846FFF76C
:10AE1400A3FF044620BB99F8143023F0100389F8EB
:10AE2400143098F8143023F0100388F8143024BB3D
:10AE3400012286F8B020EDB12B68C6F8A8306B6803
:10AE440086F8B120C6F8AC3038698430BDE8F843E0
:10AE5400FBF75EBC6FF067023846FFF79AFFD0E756
:10AE6400637EDB07D7D46FF0670221463846FFF7CD
:10AE740090FFCBE786F8B150E6E72DB108222946CA
:10AE840004F10C00FEF7D0FC002221463846FFF7FF
:10AE940080FFD9E72DE9F8430546884614461F4646
:10AEA400D0F80890FFF730FF0646002834D0284633
:10AEB400D9F83C3098474146224630463B88FFF754
:10AEC400CCFE804688B183B92B6904F0030493F85F
:10AED4008030DB0753BF40224FF480624FF400718F
:10AEE4001146022C0DD0032C11D02846D9F840303D
:10AEF4009847B8F1000F14BF00206FF08500BDE83B
:10AF0400F883338A8B4228BF0B463B80EDE7338AB4
:10AF1400934228BF1346F8E76FF01200EFE72DE9DC
:10AF2400F0470546894690461F46D0F808A0FFF72B
:10AF3400EBFE044610B3067DF3071CD43B464246A1
:10AF44004946FFF78AFEC8B19DF8203026F0060670
:10AF540084F81980678323772675DAF81830214638
:10AF640028469847B0FA80F3227D5B0963F3000218
:10AF74002275BDE8F0876FF07700FAE76FF01200F2
:10AF8400F7E72DE9F3411F464B0604460D461646E6
:10AF9400D0F808801BD0D8F83C3098472069FFF7D8
:10AFA40096FE88B19DF820302946009332463B46F0
:10AFB4002046FFF7B4FF05462046D8F840309847AE
:10AFC400284602B0BDE8F0814FF0FF35F4E76FF09A
:10AFD4001505F5E770B505468668FFF795FE044646
:10AFE40088B1037DDB0711D50146F36928469847EC
:10AFF40038B1237D03F00103227D63F3000222753F
:10B0040070BD0346F8E76FF01200F9E76FF07700C0
:10B01400F6E770B54B0604460D46866812D0F36B0E
:10B0240098472069FFF74DFE48B129462046FFF7AF
:10B03400D1FF05462046336C9847284670BD4FF033
:10B04400FF35F7E76FF01505F7E770B50546866835
:10B054000C46F36B98472869FFF739FEB0B12146D7
:10B064002846FFF751FE014698B1037DDB0710D552
:10B07400437E03F00303012B0ED02846F368984760
:10B0840004462846336C9847204670BD4FF0FF3481
:10B09400F7E76FF01204F4E76FF08504F1E7F8B511
:10B0A400064687680C46FB6B98473069FFF70FFE2E
:10B0B400E0B121463046FFF727FE0546C8B1037DBF
:10B0C400DB0716D5437E03F00303012B14D001469E
:10B0D4003B6930469847044618B92B7D60F3410319
:10B0E4002B7530463B6C98472046F8BD4FF0FF3433
:10B0F400F7E76FF01204F4E76FF08504F1E72DE948
:10B10400F041054686680769F36B0C469847286941
:10B11400FFF7DDFD98B394F8188028464146FFF701
:10B12400F3FD014670B3037DDA072BD518F07F0FCA
:10B1340020D197F8B030EBB1637EDB0717D597F8D1
:10B14400B13033B1082207F1A80104F10C00FEF775
:10B154006BFB002287F8B02021462846FFF719FE32
:10B1640004462846336C98472046BDE8F0816FF0CA
:10B174006702F1E72246284673689847F0E74FF0E4
:10B18400FF34EEE76FF01204EBE770B505460C46AA
:10B194008668F36B984721462846FFF7B5FD48B10A
:10B1A40001F0FCFEB0FA80F464092846336C984739
:10B1B400204670BD0124F8E770B5054686680C4644
:10B1C400F36B98472869FFF77CFD80B12146284638
:10B1D400FFF79AFD014668B104681CB12846B368BC
:10B1E400984704462846336C9847204670BD4FF074
:10B1F400FF34F7E76FF01204F4E708B503690021A0
:10B204001B685A8BF7F7D2FC28B1437E23F007035F
:10B2140043F00103437608BD08B539B90369013A1F
:10B224001B685B8B1A44B2FBF3F25A43F7F7BEFC7C
:10B2340028B1437E23F0070343F00203437608BD9D
:10B2440008B561B903691B685A8BF7F7AFFC28B1DD
:10B25400437E23F0070343F00403437608BD002232
:10B26400F3E770B50D4604468668F36B98472846A5
:10B27400F6F712FC2046336C9847002070BD70B579
:10B2840005468668F36B98472869FFF720FD044656
:10B2940020B133683BB12846984704462846336CAE
:10B2A4009847204670BD0124F8E7F8B5044687683E
:10B2B4000669FB6B98472069FFF703FDB8B1206965
:10B2C400FFF705FDB0B92046FB6A9847054648B923
:10B2D40006F1A003D3E8EF1F41F00201C3E8E21F27
:10B2E400002AF7D120463B6C98472846F8BD4FF01A
:10B2F400FF35F7E76FF07705F4E7F8B5044687689C
:10B304000669FB6B98472069FFF7E1FC90B13B6B42
:10B3140020469847054606F1A003D3E8EF1F21F025
:10B324000201C3E8E21F002AF7D120463B6C98478C
:10B334002846F8BD6FF07705F7E72DE9F04105469B
:10B3440014460F46D0F80880066911B30AB3D8F83A
:10B354003C3098472869FFF7B4FCB8B9C6E92674AD
:10B364002846D8F834309847044640B9A036D6E881
:10B37400EF3F43F00103C6E8E23F002AF7D1284635
:10B38400D8F8403098472046BDE8F0816FF0770444
:10B39400F5E76FF01504F6E7F8B504468768066923
:10B3A400FB6B98472069FFF792FCB0B92069FFF75F
:10B3B40088FCA8B1BB6B20469847054606F1A0035C
:10B3C400D3E8EF1F21F00101C3E8E21F002AF7D1FF
:10B3D40020463B6C98472846F8BD6FF00F05F7E709
:10B3E4006FF07705F4E7C34300F00F00C3F3C01315
:10B3F40000EB0310704708B5FAF7EAFDFAF7F0FD21
:10B40400002008BD01238B40D0E8EF2F1A43C0E889
:10B41400E12F0029F8D1704700698430FBF778B92F
:10B42400006984304FF0FF324FF0FF33FBF7FEB872
:10B4340010B5807A0C46F6F7A9FAC3692146BDE82F
:10B444001040586801F05BBCF7B50D46807A17468A
:10B454001E46F6F79BFA2C68C369033424F00302F2
:10B46400586804212A60CDE90076FAF7C5FF00B9CF
:10B47400286003B0F0BD0C220369C9B202FB01339A
:10B48400986F00F00700704770B50346C9B20069B1
:10B49400EFF31186202484F31288BFF36F8F0C25F9
:10B4A40005FB0104A46F14F0C00401D0A24210D122
:10B4B400012205FB01008267002086F31188BFF397
:10B4C4006F8F28B95B6803EBC1035B689847002062
:10B4D40070BD4FF0FF30F0E78022FFF7D5BFF8B51D
:10B4E400069F05460469C9B2EFF3118C202080F34E
:10B4F4001288BFF36F8F0C2606FB0146B06F00F075
:10B50400070EBEF1010F11D1B76700268CF3118825
:10B51400BFF36F8F46B90C2000FB0144C4E91C2320
:10B524006B6853F8313098473046F8BD00F0C000DE
:10B5340087420CBF6FF077064FF0FF36E6E713B58E
:10B5440080240094FFF7CBFF02B010BD10B41C247C
:10B554000069CBB204FB0300002110BC1047032098
:10B5640000F03BBE022000F038BE032000F044BED1
:10B57400022000F041BE1046FBF74CB900F0C5BEF6
:10B58400F9F7A4BD436800205B681B690B60704732
:10B59400436802EA01005B6821EA02019860002026
:10B5A400D9607047436800205B68996070474368BE
:10B5B40000205B68D960704743685B685A6821EA79
:10B5C4000200114098600020D960704730B50369CB
:10B5D400586800B30024884219D108688CB99C6863
:10B5E4005860A14200D19860002008602AB15A68CE
:10B5F4000A609A68596002B9996000200FE02846F1
:10B60400E9E720609868814208BF9C60ECE7056820
:10B614000446002DF3D1002AE9D16FF0150030BDA6
:10B62400F9F792BE082913B528BF08214FF47F0209
:10B634000C46D2F80432D2F808221BBA12BA00928D
:10B644000A466946019301F07BFF204602B010BD13
:10B6540002780B69012A07D0022A08D052B9DA64A9
:10B6640003F13C00FBF7D6B86FF00D02F7E76FF07B
:10B674000A02F4E76FF00402F1E738B504460569FD
:10B68400012205F12C00114601F08CFC012205F188
:10B694003C00002101F086FC2046BDE8384000F063
:10B6A4002CB900692C30FBF7E9B800692C30FBF7A2
:10B6B400B1B82DE9F04F87B004934368D0F810B0C7
:10B6C400D3F820809B8A174603934FF0FF324FF044
:10B6D400FF3305460C46FFF7E4FF0BF13C030293EE
:10B6E4000026002300220BF13C00FBF7C7F8334689
:10B6F400BE4201D3002335E0207A01077BD4013612
:10B70400BE4221680BD2820709D4227D80EA020C52
:10B714000CF0010C02F004025CEA020C2BD0002BAA
:10B7240045D101F06042B2F1005F43D14FF000090E
:10B73400D4F800A0A388049ACBF850A0009228461D
:10B744005246217A00F0A7F8031E0BDB4FF4804227
:10B7540000230298FBF792F870B3284600F063F8D0
:10B764006FF0730328460293FFF79FFF029B18466E
:10B7740007B0BDE8F08F4FF001096268DDF80CE016
:10B7840003EB020CF44539D8C00705D408EB0300D9
:10B79400059301F0D5FE059B62681A4493B2B9F192
:10B7A400000F11D1002BC1D09946C246C3E74FF018
:10B7B4000009E2E79946E0E7DBF84C30002B20DB98
:10B7C400237ADB0702D400230C3491E7C245FAD173
:10B7D400A24609E0A9EB02011FFA81F9DAF80C008C
:10B7E40018FA81F101F0ACFEDAF80420AAF10C0A8F
:10B7F4009145EFD2E7E76FF08503B3E76FF01B03E2
:10B80400B0E76FF00403ADE713B501AA044600F0F6
:10B814008DF8002805DB019B226819791868F8F770
:10B8240055FD02B010BD70B54568A86A0368D3F829
:10B834000845D3F80C65FAF79BF931462046FAF728
:10B844002DFC04460021E869FFF7DEFFA86A01F039
:10B85400C6F9204670BDCA07436819D4C1F3420132
:10B8640002290BD003290ED0012911D14FF0CC723B
:10B874009B6A1B680020C3F8242570479B6A4FF01D
:10B88400C8621B68F6E79B6A4FF07F621B68F1E7AA
:10B894006FF015007047F0B50C461D46164687B08C
:10B8A4004768122200210DF1060001F056FE04F053
:10B8B40001038DF80430BDF8303002958DF8053061
:10B8C400BB8C0496AB420AD3C4F3400282F001025B
:10B8D400B86A520101A9FAF761F907B0F0BD6FF037
:10B8E4001B00FAE710B544680021E069FFF78CFFFC
:10B8F400A06ABDE8104001F072B938B50446456845
:10B90400AB6998470121E869FFF77EFF2346294682
:10B914002A69A86A01F03CF9002804DB2046FFF7F5
:10B92400E1FF002038BD6FF00400FBE730B5436849
:10B934001360057A446804EBC504A34202D36FF094
:10B94400010030BD5C7908338C42F1D10020F8E766
:10B9540010B50469204601F07CFA0023636110BD30
:10B96400F8B5876806467C689CB1436893F826302E
:10B97400DB071DD405694FF0FF334FF0FF32284633
:10B98400FAF754FE6B69002B05DC00242846FAF70D
:10B99400BFFE2046F8BD013B6B61002BF5D17B68EF
:10B9A40030469847041EBEBF6B6901336B61EDE7F7
:10B9B4000024EEE7F0B4D0E901631B693BB177687A
:10B9C4008F4208DB3568954205DCF0BC18476FF000
:10B9D4005700F0BC70476FF01500FAE7F0B4D0E9F7
:10B9E40001631B6A3BB137698F4208DBF5689542F6
:10B9F40005DCF0BC18476FF05700F0BC70476FF0DF
:10BA04001500FAE770B4D0E90162956A03460C4662
:10BA1400A5B196F8242012B92B4670BC1847306A99
:10BA2400024410F8011BA14202D121461846F3E753
:10BA34009042F6D16FF0850070BC70476FF05700EC
:10BA4400FAE72DE9F3410E46D0E9014794F82510B1
:10BA54008046FF2905690FD194F8261001F00C01E6
:10BA6400082914D0D8F8083000391B6B18BF0121FD
:10BA74004BB96FF0570003E0FFF7C4FF0028EBDA7F
:10BA840002B0BDE8F081404698470028F8DBA26880
:10BA9400B2F1004F05D011464046FFF78BFF002856
:10BAA400EEDB6269B2F1004F05D011464046FFF764
:10BAB40095FF0028E4DB2368B3F1004F14D0D8F8D5
:10BAC40008305B69002BD4D0404601A99847002870
:10BAD400D6DB2268019B9A421CDD11464046FFF7E3
:10BAE40069FF002805DACBE76FF0004362689A42E9
:10BAF400E5D19EB994F826309B0716D040463B68A2
:10BB040098470028BCDBA069F8F7AAFC6B690133ED
:10BB14006B610AE062689342EBDDDEE76B69013337
:10BB24006B6194F82630DA0601D40020A8E7404679
:10BB3400FFF716FFA4E7012303FA01F103691B6869
:10BB4400194218BF82F0010212B18368DB681847FA
:10BB540083681B69FBE708B54368986A38B101221A
:10BB640093F82C10FFF7E7FF00EAE07008BD6FF0D0
:10BB74008500FBE743681B68B3F1004F14BF002046
:10BB84006FF00100B0FA80F04009704703460846A0
:10BB940031B95B681B68B3F1004F01D01360704783
:10BBA4006FF01500704743681B68B3F1004F1ABF6C
:10BBB40000200B606FF001007047F8B5466804463A
:10BBC40096F8267007F003073D1E18BF0125FFF7FE
:10BBD400BFFEB06A28B929462046BDE8F840FFF701
:10BBE40030BF01F02CF828B3002F0CBF4FF4B01372
:10BBF4004FF4D013F28DB06A96F82C101A43012733
:10BC0400D0F810C042F3000303F44023DCF80060D2
:10BC1400534023F480128F40DB07D0F808E04CBF78
:10BC24003E43BE43CCF80060DEF80030984700285D
:10BC3400D1DAF8BD6FF01200FBE74368986A20B1CF
:10BC4400002293F82C10FFF776BF6FF08500704741
:10BC540070B54FF4FA530646446C4FF4004C5C4301
:10BC640056F8203B05461B6840F2E730B4FBF3F47A
:10BC74000021C8344FF47A720023E4FB0C01F4F77A
:10BC840067FB02460B463046FAF7F8FD08B9286B05
:10BC940070BD6FF07300FBE7002201210A20F5F765
:10BCA40023BB002201210C20F5F71EBB10B50B6845
:10BCB40013B91846136005E003685C681CB114608E
:10BCC4000368186810BD083303600B68013B0B6000
:10BCD400EDE710B5036804468BB11A7D7AB1186993
:10BCE40000F091FF0121236898681B7B9940036948
:10BCF4001B68194283680CBF1B69DB689847A369FA
:10BD040033B9636004F11000BDE81040FAF782BD56
:10BD140010BD08B50069C36D8B4204D15C30FFF7D8
:10BD2400D8FF002008BD4FF0FF30FBE738B50446CC
:10BD3400056900F0A0F9C0B90122014605F1B4007B
:10BD440001F030F905F15C00FFF7C3FF0321204641
:10BD540000F068F9002802DA10F1860F05D10121FC
:10BD6400204600F05FF900EAE07038BDF7B50669D7
:10BD74000746D6F8A820D6F8B0509AB9C5B12C46D3
:10BD8400D6F8A41031B33ABB1146D6F8AC302BB375
:10BD9400002D04BF2C4623463846009400F031F9A8
:10BDA40003B0F0BDA5B195422C4628BF1446E7E781
:10BDB400F16D8B88DB0401D400F00FF90023C6F881
:10BDC4008C3006F17C0003B0BDE8F040FAF722BDE8
:10BDD4001446D5E70A46D8E72246D6E71C46DBE7F1
:10BDE40070B50D1E064604690ADAE16D00F0F5F837
:10BDF400C4F88C5004F17C00BDE87040FAF70ABD29
:10BE0400D4F8A830CBB19D4217D85B1BC4F8A83036
:10BE1400ABBBD4F8903004F1A8020833C4F89030D6
:10BE2400D4F8943004F19401013BC4F8943004F143
:10BE34009000FFF73BFFC4F8A400D4F8B030CBB1B6
:10BE44009D4217D85B1BC4F8B03003BBD4F89830BC
:10BE540004F1B0020833C4F89830D4F89C3004F1EB
:10BE64009C01013BC4F89C3004F19800FFF71EFFCD
:10BE7400C4F8AC003046BDE87040FFF777BFD4F893
:10BE8400A430002BD9D02B44C4F8A430D5E7D4F87F
:10BE9400AC30002BEED02B44C4F8AC30EAE7006998
:10BEA400B430FAF7B7BC03460A461979012300688F
:10BEB40003FA01F103691B68194218BF82F00102F9
:10BEC40012B18368DB68184783681B69FBE7F0B528
:10BED40004690646D4E915128B1A476885B004D163
:10BEE400BB6805B0BDE8F0401847BD8BE16C9D42CE
:10BEF40028BF1D4621B101F06043B3F1005F06D1B4
:10BF0400236D3BB103F06043B3F1005F02D0082D11
:10BF140028BF08250023A36451B1114401F06043F4
:10BF2400B3F1005F04D02A46386901F009FB39698E
:10BF3400236D43B1A26D134403F06042B2F1005F7C
:10BF44001CBF7B69A364002914BF2A460022002B6E
:10BF540008BF0025CDE9012300910022694620464F
:10BF64000395F9F745FD014618B1736830469B689F
:10BF7400984705B0F0BD70B50C690E46A16C054636
:10BF840039B1A36D206D2A69184401F0D9FA002350
:10BF9400A3642969AA68A36D304691422CBF5B183B
:10BFA4009B18A365BDE87040FFF791BF08470722BF
:10BFB40010B503690C461B68C3F800250B7D5BB103
:10BFC400012104F10800FFF76EFF237D23B12069EE
:10BFD400BDE8104000F017BE10BD38B503690C462B
:10BFE4001D680B7D4BB1086900F00DFE237D23B164
:10BFF400002104F10800FFF756FF0023C5F80035BF
:10C0040038BD10B40469C4E91313019B93422CBFD7
:10C01400636562650023A36510BCFFF758BF006920
:10C0240000F0D1BC012913B515D008D90239012972
:10C034008CBF6FF015006FF0850002B010BD04696D
:10C0440094F828302BB12046F9F79AFC002384F8A1
:10C0540028300020F1E7436800215C6801AA2046EB
:10C06400FFF764FC0028E8DB019B22681979186853
:10C07400F8F72CF9E1E72DE9F843044600250127F8
:10C0840043681B6898476368DE7FDC68B54202D367
:10C094000020BDE8F88320682179E388D0F810E017
:10C0A400DA0754BF43F4B01383F4D013DEF800C0AE
:10C0B40023F4801207FA01F8DB07D0F808904CBF8C
:10C0C40048EA0C032CEA0803CEF80030D9F8003013
:10C0D400984708340028DCD10135D7E7002200F165
:10C0E40050039B009BB203F1502303F580331A6085
:10C0F4001B68704708B5F8F717FC08BDFBF718BCB8
:10C1040008B5F4F7CDFCF4F7B3FDBDE80840FBF740
:10C114000FBC4FF47F03D3F83021D3F83401022845
:10C1240008BF072A0CBF01200020704703460020E7
:10C13400184700F068BD024610B5116891B1B1FA14
:10C1440081F3C3F11F000123834021EA0303D2E8F2
:10C15400EF4F8C4204D1C2E8EC3FBCF1000FF6D1A2
:10C16400EBD110BD6FF00B00FBE710B50368CB40BB
:10C17400DB0710D401238B40026843EA0201D0E8B4
:10C18400EF4F944204D1C0E8EC1FBCF1000FF6D18C
:10C19400F2D1002010BD6FF01500FBE770B5D0F8A8
:10C1A40080300646002B0C46154613DBD1F8803050
:10C1B400002B0FDB00210846F8F72EFE48B92B7838
:10C1C40043F00043C6F880302B7843F00043C4F8B2
:10C1D400803070BD6FF01500FBE703280BD8DFE853
:10C1E40000F002040608F8F771BFF8F79DBEF8F7EF
:10C1F40025BFF8F7DBBE704703280BD8DFE800F053
:10C204000402060800F02EB800F07FB800F062B80F
:10C2140000F044B8704708B5F8F7A2FEF8F79AFFA3
:10C22400F8F72AFFBDE80840F8F7DEBE38B54FF04E
:10C2340050240123C4F808336360002342F21075CC
:10C24400C4F80031D4F80031D4F80C24D4F80C34F8
:10C25400D20306D5DB0704D50120FFF76AFF013DB1
:10C26400F2D138BDFFF7E2BF38B54FF050244FF498
:10C274008073C4F808330123E361002342F210758C
:10C28400C4F82031D4F82031D4F85434DB0304D575
:10C294000120FFF74EFF013DF6D138BDFFF7E4BFA3
:10C2A40038B54FF050244FF40073C4F80833012319
:10C2B4006362002342F21075C4F82431D4F82431A7
:10C2C400D4F85C34DB0304D50120FFF732FF013DD1
:10C2D400F6D138BDFFF7E4BF38B54FF05024022340
:10C2E400C4F808330123E360002342F21075C4F854
:10C2F4000431D4F80431D4F81834DB0304D5012014
:10C30400FFF717FF013DF6D138BDFFF7E5BFF7B5DD
:10C314001646DDE90847019001A81D46F8F754FFC9
:10C32400019BB6F1000C18BF4FF0010C00EB830029
:10C334000B1E18BF0123002D43EA4C030CBF4FF022
:10C34400000C4FF00C0C002C43EA0C030CBF4FF014
:10C35400000C4FF4706C002F43EA0C030CBF4FF039
:10C36400000C4FF4403CD0F8002243EA0C0322EACC
:10C37400030301B109780EB13678760019430DB183
:10C384002D78AD0031430CB12478240229430FB138
:10C394003F783F040C433C43C0F8004203B0F0BD77
:10C3A4001FB50DF10F03019300238DF80F101A46EA
:10C3B40019460093FFF7ABFF05B05DF804FB10B519
:10C3C40004460846F8F712FF04EB4004207DC0F34E
:10C3D400401010BD10B504460846F8F707FF04EBFB
:10C3E4004004207DC0F3400010BD10B5044608464B
:10C3F400F8F7FCFE04EB4004A08A400B10BD70B5B6
:10C40400044608461646F8F7F1FE083034F81030B2
:10C414000D46DA0509D5C3F3432304EBC3023146C1
:10C42400284654F8333052689847A3682BB13146F4
:10C434002846E268BDE87040184770BD10B5044650
:10C444000846F8F7D3FE04EB4000838ADA051DD5CD
:10C45400C3F3432123F4F853838204F1120204F159
:10C46400720032F8023F13F4807F03D0C3F34323F6
:10C4740099420BD08242F4D1002204EBC1035A60EA
:10C4840004F17800BDE81040FFF76FBE10BDF0B5B1
:10C494000446002001270546844695420AD1D4F873
:10C4A4007C3133B10023C4F87C31D4F87C3140F0C2
:10C4B4000040F0BDEBB29B0003F580769B0807FAC1
:10C4C40003F3194208D054F806E0BEF1000F03D07C
:10C4D40044F806C0A65918430135DEE738B50446CA
:10C4E4000D46FFF76CFFA8B12046FFF773FF88B92C
:10C4F4002046FFF77AFF012322688340C2F80833FD
:10C50400236803EB8000D0F8103523F00303C0F850
:10C51400103538BD2846BDE838400021FFF740BF3C
:10C524002DE9F0431746044685B00846F8F75EFE49
:10C53400D7F800800E460546B8F1000F1ED02046FD
:10C54400FFF748FF18B12046FFF739FF20BB00234F
:10C554000DF10F02CDE900338DF80E308DF80F3058
:10C56400304643460DF10E01FFF7D1FE04EB4502C0
:10C57400938A23F0020343F0010393827B689BB305
:10C584003146204693F80080D3F80490FFF722FF49
:10C5940028B1B9F1000F1FD06FF0150027E004EBAC
:10C5A4004500838A23F4604323F020038382B9F196
:10C5B400000F11D0B8F1030FEED87B6821685B68D7
:10C5C40093F800C04FEA8C031944B8F1000F11D15D
:10C5D400C1F81085C1F8108504EB4502938A23F055
:10C5E4001C0343EA88039382BB6843BB002005B065
:10C5F400BDE8F083D1F8102522F00302C1F810251C
:10C6040022681344D3F8102522F44F3222F44072E6
:10C61400C3F810253202D3F8101502F47C5242EA12
:10C6240008420A43C3F8102504EB4C03A3F87C60CA
:10C63400838A43EA4C3343F020038382CCE73146B8
:10C64400D3E900782046FFF7F9FE002FCED06368C7
:10C654009F4206D004F17800FFF76DFD002804DA4C
:10C66400C5E7A3689845F5D1002004EBC003C3E9EE
:10C67400017804EB4505AB8AC0B243EA402343F496
:10C684008073AB82B2E72DE9F043054685B00846D6
:10C6940016461F46F8F7AAFD0C46804626B32846E0
:10C6A400FFF798FE18B92846FFF789FE18BB05EB7B
:10C6B4004809B9F8143003F01C0313B17378012B43
:10C6C40019D001238DF80F3000232046CDE90063F3
:10C6D400721CB31C0DF10F01FFF719FEB9F81430E9
:10C6E40043F00303A9F81430002F3FD02146284615
:10C6F400FFF770FE20B96FF0150005B0BDE8F083B8
:10C7040000223E782B684FEA860C03EB8603C3F8BD
:10C714001025C3F8102505EB4802938A23F46043DF
:10C7240023F020039382787800B32968BF786144AA
:10C73400D1F81035000423F4991323F4F853C1F805
:10C744001035230200F4403003F47C5303433805CE
:10C75400D1F8105500F4801003432B43C1F8103571
:10C76400938A43EA463343F0200393820020C4E7CC
:10C77400C0E90312704770B504461546FFF71FFE63
:10C7840048B10846F8F732FD04EB40040020A38AC0
:10C794005B0B2B7070BD6FF01500FBE790F88C00FD
:10C7A400003818BF01207047F8F746BD2DE9F34162
:10C7B40004461746FFF703FE0D462668F0B12046EF
:10C7C400FFF708FE8046C8B92046FFF70EFE820038
:10C7D40002F5807346F80380F35823681344D3F8B2
:10C7E400102542F00102C3F8102527B10123226865
:10C7F4008340C2F8043302B0BDE8F081D6F80433B4
:10C804002846002BA4BF4FF00043C6F80433F8F7C2
:10C81400EDFC04EB4004A38AC3F38203042B11D080
:10C82400052B11D001A80195F8F7CEFC019B0169F5
:10C83400D94001F001010231284602B0BDE8F041BF
:10C84400FFF7AEBD0321F7E70221F5E7FFF746BE88
:10C8540008B5F8F77FFEBDE80840FFF7DCBC4FF4ED
:10C864007F03D3F83021D3F83401072A05D10238E5
:10C87400022894BF0020012070470020704730B583
:10C884000124054690084038844014EA010009D088
:10C89400A85838B10021A950AA5813B11A682243E4
:10C8A4001A60012030BD00232DE9F34104460D46F2
:10C8B4000193904601AB4FF4A672FFF7E0FF4FF4EB
:10C8C400827229462046FFF7DAFF4FF48C7207463E
:10C8D40029462046FFF7D3FF064630B1B8F1000FD2
:10C8E4001DD017B13E46D4F83C354FF48872294622
:10C8F400204601ABFFF7C3FF30B1B8F1000F03D0FE
:10C9040016B90FB1D4F83C354FF49072294620463D
:10C9140001ABFFF7B4FF019802B0BDE8F0814646D1
:10C92400E3E707B5019001A8F8F74CFE0123019A4B
:10C934009340836003B05DF804FB07B5019001A840
:10C94400F8F740FE0123019A9340C36003B05DF8F9
:10C9540004FBF8B51E4690F8203004460D461746F1
:10C964008BB911B1F8F78CFE80B9C4E901761DB119
:10C9740029462046F8F7E8FE0020012384F8210028
:10C9840084F82030F8BD6FF07700FBE76FF01500F6
:10C99400F8E738B590F8203005465BB190F82130BF
:10C9A4005BB9F8F76DFE044650B92846F8F7CCFE9B
:10C9B400204638BD6FF07604FAE76FF00F04F7E70E
:10C9C4006FF01504F4E7011D0068F8F70DBE024688
:10C9D40070B552F8105B044640212846FFF763FF08
:10C9E400D8B1606A421C05D094F822309B0711D557
:10C9F400FFF7A3FF94F821301BB12846211DF8F757
:10CA0400F3FD2046002300F80C3FD4E90131BDE8D2
:10CA140070401847FFF785FFECE770BD91F82020C0
:10CA24000346032A29D8DFE802F0212519028A687F
:10CA3400500304D5D3F84C250869904207D18A687D
:10CA440052031AD4D3F84C258969914215D0002099
:10CA54000622C3F80005C3F800257047D3F84C2517
:10CA640008699042F3D1D3F83C25EDE7D3F84C257F
:10CA74000969EAE7D3F83C25FAE70120704770B565
:10CA8400C37B04460BB1837BC3B9A368B3F17F6F47
:10CA94001BD32368222B13D16368232B17D10B25B7
:10CAA400A67B5EB92B46032231462068F9F73CF891
:10CAB4002B46032231466068F9F736F8012070BD31
:10CAC400232B04D16368222BE8E70625E8E700203E
:10CAD400F5E730B501249508403DAC400C4208D040
:10CAE400815831B100218150825813B11A68224310
:10CAF4001A6030BD002313B50C4601934FF4A472A1
:10CB040001ABFFF7E6FF21464FF48272FFF7E1FF26
:10CB140021464FF49272FFF7DCFF21464FF4A872CE
:10CB2400FFF7D7FF21464FF4A672FFF7D2FF214645
:10CB34004FF4B072FFF7CDFF4FF4AE722146FFF70A
:10CB4400C8FF019802B010BD4FF47F0230B4D2F890
:10CB540030518B68072DCC7BD2F8342104D1B3F14A
:10CB6400C86F08BF4FF0C46302682CB9D1E9004113
:10CB7400C2F80845C2F80C15C2F8243543682BB135
:10CB840030BC006840F30730F4F77EBB30BC70471C
:10CB940038B50D4690F826100446D1B9C160C0E9F5
:10CBA400012380F8291080F828106DB1AB7B80F840
:10CBB4002B302846FFF763FF70B16B7B2946204674
:10CBC40084F82A30FFF7C0FF0123002084F82630C0
:10CBD40038BD6FF07700FBE76FF01500F8E7062229
:10CBE4000368C3F80025022380F82630704707B590
:10CBF400019001A8F9F740FA0123019A9340836058
:10CC040003B05DF804FB08B1F4F7E8BF704710B552
:10CC1400436904463BB90020E2684042537843F03C
:10CC24000103537010BD98470028F4D00028B8BF02
:10CC34004042FF28A8BFFF20E3681870ECE740B12A
:10CC4400C368587810F001001EBF1878B0FA80F05D
:10CC540040097047EFF31183202383F31288BFF355
:10CC64006F8FFEE708B5FFF7F5FF2DE9F04F89B0A8
:10CC7400DDE91268059243460546324606A80F468A
:10CC840000F0A3FBDDE90634CDE90234EFF31184AF
:10CC94004FF0200989F31288BFF36F8F05F10C0A56
:10CCA40005F1140B39462846059A149B984730B170
:10CCB40084F31188BFF36F8F09B0BDE8F08F56EA93
:10CCC4000806F5D0DDE9022306A800F0A3FBDDE9A0
:10CCD4000668524621465846CDE90068FAF7CCF971
:10CCE400EFF3118489F31288BFF36F8FDAE710B47E
:10CCF40000F10C04C0E9034410BCFCF7E3BA38B5F6
:10CD04000446EFF31185202383F31288BFF36F8F5A
:10CD1400FCF7B7F904F10C0000F068FA30B12946C9
:10CD240004F11400BDE8384000F046BA85F31188D8
:10CD3400BFF36F8F38BD10B542696AB1836842EAA8
:10CD44000301890708D10169A2FB011424B95B1806
:10CD54002CBF0121002102D36FF0150005E0C16052
:10CD64009B1A02698A4201D8002010BDC2680131B1
:10CD74001A604269C3609B1AF3E710B5C0E9043234
:10CD84000023816083610446FFF7D5FF08B9C4E935
:10CD9400004410BD2DE9F04105460F46EFF311881C
:10CDA400202383F31288BFF36F8FC668FEB904682B
:10CDB400A0421CD0DCB1D4E9003213605A60237C59
:10CDC400C4E9006623F002032374A66004F118008A
:10CDD40000F0C2FA2046C4F8B460676100F0B9F903
:10CDE400414605F10800BDE8F04100F0E5B93E60B8
:10CDF400AB69EF60013BAB6188F31188BFF36F8FC0
:10CE0400BDE8F081202408B5EFF3118384F3128880
:10CE1400BFF36F8FFCF791FCF6E7D0E900321360A3
:10CE24005A600023027CC0E9003322F0020202743B
:10CE34008360704713B501240094F9F72DFB02B009
:10CE440010BD90F90E308B4201D0FAF737B90020AB
:10CE5400704703460020C3E90033C3E9020070476A
:10CE6400D0E9003213605A600023027CC0E9003329
:10CE740022F002020274836070472DE9F843904661
:10CE840004460D469DF82020EFF31187202181F3FD
:10CE94001288BFF36F8F02B14568A66804F10809D0
:10CEA400B14516D0AEB100243046FFF7D9FF06F1E4
:10CEB400180000F051FA3046C6F8B440C6F81480A1
:10CEC40000F047F94846394600F076F92046BDE8B7
:10CED400F883A3B10820FAF70DFD002832D001220F
:10CEE400C0F804800260016801F003015DB92268A2
:10CEF4000A430260626820606AB960600BE04046E1
:10CF0400C8F80030EFE72A68032A10D80160616886
:10CF140039B9C4E90000002087F31188BFF36F8F8B
:10CF2400D5E70A6802F0030202430A60E5E722F04B
:10CF340003020A4302602A6802F0030240EA020381
:10CF44002B60E8E76FF00B00E6E710B5044630B15C
:10CF54000268930703D0446809B100F0E9FA204657
:10CF640010BD0023C0E9003300F10803C0E9023317
:10CF74007047012307B5009300230A461946FFF7BB
:10CF84007CFF03B05DF804FB002307B50A46009359
:10CF94001946FFF772FF03B05DF804FB0021006837
:10CFA400FFF7D3BF3AB18A4205D3C0E90212C0E900
:10CFB4000000002070476FF01500704701230268DD
:10CFC4008B4022EA0303036022FA01F000F001001F
:10CFD400704710B5032104460C30FFF7EFFF30B162
:10CFE40004F1100000F0B8F9B0FA80F0400910BD67
:10CFF40020B10022C430114600F040B9704773B527
:10D004000446EFF31185202383F31288BFF36F8F57
:10D0140000230193D0E90423B3F1004F08BF012A90
:10D0240005D085F31188BFF36F8F02B070BDA0F1F6
:10D03400100603210438FFF7C1FF0028F1D0A369CB
:10D04400304601A90193F9F727FDEAE738B504460C
:10D054000D461022002100F080FA656038BD13B53A
:10D0640001900846EFF31184202383F31288BFF361
:10D074006F8F01A9F9F710FD84F31188BFF36F8F47
:10D0840002B010BD10B5FFF7EAFF041E08DDEFF390
:10D094001180202383F31288BFF36F8FFAF77AF895
:10D0A400204610BD38B530220D460021044600F05C
:10D0B40054FA4FF480736560E36038BDD0E9003200
:10D0C40013605A600023027CC0E9003322F002029C
:10D0D400027483607047EFF30580003818BF0120A5
:10D0E4007047D0E9003213605A600023C0E900336E
:10D0F400704708B5FFF7F5FF037C23F002030374C0
:10D104000023836008BD38B504460D46F9F732FFA5
:10D11400237C43F002032374D5B1A5602B689D42A0
:10D1240009D16B68C4E900531C606C6010E06A6844
:10D134009A42F6D01B68002BF3D093F90E1094F9A1
:10D144000E209142F3DD5A68C4E9003214605C6039
:10D1540038BD10B5EFF31184202383F31288BFF395
:10D164006F8FF9F7C7FE84F31188BFF36F8F10BD7B
:10D1740008B5037C014613F0280F0CD183680BB16A
:10D18400FFF7B7FF0B7C084623F004030B74BDE8DC
:10D194000840F9F7AFBE08BD10B5EFF311842023A2
:10D1A40083F31288BFF36F8F1838FFF7E1FF84F31E
:10D1B4001188BFF36F8F10BD0846F9F713BF38B558
:10D1C400054604680020AC4200D138BD002CFCD0D8
:10D1D4002046FFF78EFF04F1180000F0BDF820464A
:10D1E400F9F788FE2C680120A542EDE710B5EFF3AE
:10D1F4001184202383F31288BFF36F8FFFF7DFFFBF
:10D2040084F31188BFF36F8F10BD38B50C46054603
:10D21400FAF75CF8B4F1FF3F08BFB5F1FF3F1FBF59
:10D2240047F6FF7300224FF47A71E0FB013216BF18
:10D23400D80B4FF0FF3040EA424038BD38B50446C1
:10D24400EFF31185202383F31288BFF36F8F037CE0
:10D254005B070ED5183000F07FF8237C204623F0BE
:10D2640004032374F9F746FE2846BDE83840F9F76D
:10D27400B9BE85F31188BFF36F8F38BD38B5EFF3AE
:10D284001185202383F31288BFF36F8F0468A042B3
:10D2940013D0A4B1C4F8B41062612046FFF729FF8B
:10D2A40004F1180000F058F82046F9F723FE012095
:10D2B40085F31188BFF36F8F38BD0020F8E720464F
:10D2C400F6E72DE9F04706460F4691469A46EFF3F6
:10D2D4001188202383F31288BFF36F8F006886427E
:10D2E40006D028B1736898420CBF0025056868B958
:10D2F4000024B9F1000F02D051462046C84788F3F4
:10D304001188BFF36F8F2046BDE8F0875146B847B8
:10D3140004460028EDD135B17368AB4200D02C68C7
:10D3240028462546E3E72C46FAE708B50246FAF70D
:10D3340061F970B1D0E904319B1A61EBE272B3F187
:10D34400004F72F1000104DA002AACBF1846002035
:10D3540008BD6FF00040FBE7024638B5EFF31185D6
:10D36400202383F31288BFF36F8F0368D3B1FAF7D6
:10D3740041F904461046FAF74FF900224FF00043F2
:10D384008442C0E9042305D0002085F31188BFF34B
:10D394006F8F38BDFAF736F9FFF7C7FF0021F7F7AB
:10D3A40025FCF1E7D0E90413B3F1004F08BF0129CC
:10D3B40004D100204FF00041C2E904016FF01500D0
:10D3C400E3E708B5FAF730FA08BDB3F1FF3F08BF49
:10D3D400B2F1FF3F70B506461D46144614D01A43F9
:10D3E40016D0002B08DBFAF71FFA041941EB0501EC
:10D3F400C6E90041304670BD6FF001031C1B4FF0BD
:10D40400FF3363EB0501F3E74FF0FF342146EFE709
:10D414000024FBE7B3F1FF3F08BFB2F1FF3FF8B5CB
:10D42400074616461C4610D054EA020311D0FAF7F8
:10D43400FBF9B0420A46A14103460AD2F31A64EB4F
:10D444000204C7E900343846F8BD4FF0FF331C46E8
:10D45400F7E70023FBE72DE9F3470446DDE90A98E3
:10D4640015460E4659B302F0010AF9F76BFF074659
:10D47400EFF31181202383F31288BFF36F8FA80782
:10D4840044BF0023A360A36803EA0600BAF1000FB7
:10D494000CD086420CD16A0744BF8343A36081F356
:10D4A4001188BFF36F8F02B0BDE8F0870028F2D176
:10D4B40059EA080305D181F31188BFF36F8F002067
:10D4C400F1E7C7E918652246CDE9009804F10C009C
:10D4D400F9F7D2FD0028F2D1386EE4E710B50B68F5
:10D4E4000446D0E9180212F0010F03EA000301D048
:10D4F400984211D183B12366520748BF4A6804F1A8
:10D50400180044BF1A434A60FFF726FF0023204651
:10D51400C4F8B430FFF72CFE002010BD0A46FAF719
:10D524009BB90A460021FAF797B95200FFF793BF57
:10D5340020B1011F50F8040CFFF7E1BB704770479E
:10D544000A44431E914200D1704710B511F8014BB3
:10D55400914203F8014FF9D110BD024403469342AE
:10D5640000D1704703F8011BF9E70139034610B5F0
:10D5740032B111F8014F013A03F8014B002CF7D1F5
:10D584001A440021934200D110BD03F8011BF9E7AE
:10D594000246014410B58A42134603D01C78013276
:10D5A400002CF8D1181A10BD2DE9F843C3F137093E
:10D5B4000746884603F01F055FFA89F91646384680
:10D5C40041462A460023F2F7C3FE4346D4B23A4604
:10D5D40088460746092C84BF4C44E4B2AA424FF063
:10D5E400000204F13004934106F8014BE7D23046BF
:10D5F400BDE8F8832DE9F04F051889B0904641EB5A
:10D604000104029304AB284621460093D2E9002387
:10D6140000F0A7F806AB0746894628462146009342
:10D624000025D8E9022300F09CF8DDE904238418DE
:10D6340051EB0306069B28BF0125D8E90012ED181B
:10D64400079B43F10003791849EB0202B94272EBDC
:10D654000902D8E9022134BF01200020A21846EBB8
:10D6640001018018029A41F10001A042A2F1410A8D
:10D6740071EB0602CDF800A034BF0122002252193A
:10D68400CDE9065343F1000300F082F8129BC3E98D
:10D694000001D8E90221DDE9065303911499012917
:10D6A400D8E900E027D1A21A0399CDF800A066EBCF
:10D6B4000101774579EB000034BF01200020101AE6
:10D6C40061F10001844276EB010234BF01220022A1
:10D6D400AA1A63F1000300F05BF8139BC3E900018D
:10D6E400DDE9062320463146CDF800A000F050F8CD
:10D6F40009B0BDE8F08F17EB070B49EB090C14EBED
:10D70400040846EB0601BB457CEB090934BF01273D
:10D71400002718EB070741F10008F3457CEB000CE8
:10D7240034BF01200020381A68F10001801A039ADE
:10D7340061EB02016D195B41A74278EB060234BF2D
:10D7440001220022AD1843F10003874278EB01085F
:10D7540034BF01220022AA1A029DA5F140050095BA
:10D76400B7E7F0B500240D4606469446A0FB020137
:10D774002246059FE5FB0C12A446E5FB0324E3FBCC
:10D78400061C12EB0C0244F10004C7E90024F0BDAE
:10D79400F0B5059CC4F14007C4F12006A4F12005AE
:10D7A400E04002FA06F6BB4022FA05F5BA403343DC
:10D7B400C4F120062B4301FA06F6A4F120053043F8
:10D7C40021FA05F5E140284319431043F0BD2DE942
:10D7D400F0410446CE0FC1F30A55C1F3130140F2E0
:10D7E400FF70167154EA01076BD1002D71D12C46DC
:10D7F4002946002B156060DB0C2B60DCC3F10D05A2
:10D804000120AD0005F1FF3CA5F12107C5F121067A
:10D8140000FA07F720FA06F600FA0CF03743061868
:10D8240047EB0708D6F1000E68EB480C013E48F1BF
:10D83400FF38264008EA0108B04277EB080810DBFD
:10D84400C5F12008B5F1200624FA05F501FA08F817
:10D8540058BF41FA06F645EA080558BF3543ED07B7
:10D8640003D52018044641EB070104EA0E0401EA3B
:10D874000C019DF8186018460D250532C6F12706DF
:10D8840004F00F03240944EA0174091163B9A8429E
:10D894000DDA013DF4D21AE01DB90125A5F2FF35D8
:10D8A400A7E741F48011F9E7092BC8BF9B1930336E
:10D8B400A8425355B8BF2846EBE70023D9E70D2308
:10D8C400D7E78542E8D146F0080600201671BDE886
:0CD8D400F0818542E5D146F00406F6E73D
:08D8E000BC2AFF7F01000000DB
:10D8E800A11C0100000000000000000098D9010000
:10D8F800D963010000000000196401000000000065
:10D9080000000000D0D9010000000000B4D90100D7
:10D9180001C101000000000000000000ECD9010076
:10D928002D3F010000000000954A010000000000A2
:10D93800351901000000000005C1010000000000C9
:10D948000979010000000000000000005CDA010015
:10D958000000000024DA01000000000040DA0100A5
:10D968000000000008DA01000000000094DA01005D
:10D978000000000078DA01007128010000000000B2
:10D98800890A010000000000FD09010000000000F4
:10D99800AEEA010094E101001CDD0100240600202C
:10D9A800B4140020653C010000000000B9EA010041
:10D9B800B4E10100D8DC010026060020581500203B
:10D9C8004941010000000000C5EA0100C8E101006A
:10D9D800D8DC010028060020641500204941010018
:10D9E8000000000087EA010004E1010078DD010081
:10D9F8002006002030000020652B010000000000F8
:10DA0800A3EA01006CE1010028E1010022060020E0
:10DA1800BC0200202132010000000000D1EA010010
:10DA280070030020FCDC01002A060020701500208D
:10DA38007FB6010000000000FDEA010058E2010085
:10DA480014DD010030060020A003002031BD0100D4
:10DA58000000000006EB0100B4E2010014DD010043
:10DA6800320600206404002031BD010000000000DF
:10DA7800DAEA0100F8E1010038DD01002C06002097
:10DA8800C4150020BFBB010000000000EAEA010045
:10DA980028E2010038DD01002E060020DC150020F8
:08DAA800BFBB010000000000FB
:10DAB0000000000019970100000000001997010004
:10DAC00000000000199701000000000019970100F4
:10DAD000000000001997010055C8010031C1010084
:10DAE00000000000199701000000000019970100D4
:10DAF000000000001997010070150020595E010018
:10DB000064040020D3C9010000000000199701003F
:10DB1000A0030020D3C901009001002025B6010018
:10DB20000000000019970100000000001997010093
:10DB30000000000019970100000000001997010083
:10DB40000000000019970100000000001997010073
:10DB5000000000001997010000000000254B0100A3
:10DB60000000000019970100000000001997010053
:10DB70000000000019970100000000001997010043
:10DB80000000000019970100000000001997010033
:10DB90000000000019970100000000001997010023
:10DBA0000000000019970100000000001997010013
:10DBB0000000000019970100000000001997010003
:10DBC00000000000199701000000000019970100F3
:10DBD00000000000199701000000000019970100E3
:10DBE00000000000199701000000000019970100D3
:10DBF00000000000199701000000000019970100C3
:10DC000000000000199701000000000019970100B2
:10DC100000000000199701000000000019970100A2
:10DC20000000000019970100000000001997010092
:10DC30000000000019970100000000001997010082
:10DC40000000000019970100000000001997010072
:10DC50000000000019970100000000001997010062
:10DC60002134010031C101002D60010031C10100EA
:10DC70000000000019970100000000001997010042
:10DC80000000000019970100000000001997010032
:10DC90000000000019970100000000001997010022
:10DCA0000000000019970100000000001997010012
:10DCB0000000000019970100000000001997010002
:10DCC00000000000199701000000000019970100F2
:08DCD00000000000199701009B
:10DCD8007D3F010089B5010095B50100A9B5010096
:10DCE800B3B50100BDB5010085410100D1B5010002
:04DCF8000000000028
:10DCFC005BB8010000000000B7B601000000000096
:08DD0C00000000002BB801002B
:08DD14009544010017BD010058
:10DD1C00C53C0100DDB4010043B50100000000006A
:0CDD2C007BB401000000000000000000BB
:10DD38005BBB01003FBC010079BB010091BB010046
:10DD480000000000ABBB0100000000000000000064
:10DD580000000000000000000000000000000000BB
:10DD680000000000000000000000000000000000AB
:10DD780071A70100F92A0100000000009BA701001B
:10DD88005DA7010063AB010019A80100FFA601000F
:10DD980091AB01000FA801000000000017A70100C7
:10DDA80000000000000000001FA701001DAB0100DB
:04DDB80031A701008E
:10DDBC00040000000F00000001000000080000003B
:10DDCC002000000068000000780000001000000037
:10DDDC000C0000000E000000500000007C00000051
:10DDEC00B0000000FFFFFFFFFFFFFFFFFFFFFFFF83
:04DDFC00FFFFFFFF27
:10DE00000338FDD87047000001000000000000004A
:10DE100005000000000000001900000000000000E4
:10DE20007D00000000000000710200000000000002
:10DE3000350C000000000000093D0000000000005B
:10DE40002D31010000000000E1F505000000000098
:10DE500065CD1D0000000000F902950000000000E3
:10DE6000DD0EE90200000000514A8D0E00000000A6
:10DE70009573C24800000000E941CC6B010000002E
:10DE80008D49FD1A07000000C16FF28623000000D3
:10DE9000C52EBCA2B1000000D9E9AC2D780300006A
:10DEA0003D9160E45811000031D6E275BC56000087
:10DEB000F52E6E4DAEB10100C9EA268367780800E1
:10DEC000ED95C28F055A2A00A1EDCCCE1BC2D3001E
:10DED00025A4000A8BCA22040000000000000000F4
:10DEE0000000000000000010000000000000000022
:10DEF000B9340332B7F4AD1410DB1AB30892540EE0
:10DF00000D307D951447BA1A66088F4D26ADC66D43
:10DF1000F598BF85E2B74511CA96853D92BD1DEBC8
:10DF2000FCA11860DCEF52163C92AE220BB8C1B4D3
:10DF3000839D2D5B0562DA1C304C7E8F4E8BB25B6D
:10DF400016F4529F8B56A512FBD4827643ED8AF0CD
:10DF50008FE7F9311565191850F19BD94A13EEB4C2
:10DF6000284CF0A686C1251F035FC270CB9E4916C0
:10DF7000E642889C44EB2014B0650836AD6EA5855A
:10DF800085F0CA14E2FD031A0B899979D5B13D09D0
:10DF9000D8DA973A35EBCF10AC363F5E73BB38CF4B
:10DFA0003E6752FA44AFBA150100000000000000BD
:10DFB0000000000000000020345065C05FC9A65278
:10DFC000BB13CBAEC440C21806C8DF7100D5A87C15
:10DFD000F56F0FDA58FC27136E4756357D24206500
:10DFE00002C7E768E48CA41DE9E60268D7CD396171
:10DFF0007977FCC2405BEF16798CDE43FFA751F9BD
:10E0000091F3B278F5BDBE11E857E9D6E8BEE87BDA
:10E01000B054AC8F848D751BEA23A499E9F9D38B96
:10E02000B7A3714061DA3E15CEE33ECB73F94808E1
:10E030008C97B427D51B7010A2BFEFB9EB853215B2
:10E040004DB44DB49BBB6F1996B6076CF8E7EEADB7
:10E0500036D9B4F59135AE13222218AF4E6A684D09
:10E0600091DAAA3D4F40741E9FBD9EE006A1C09864
:10E0700057C2A7FDA40E90170E7D497173E3208F40
:10E08000B220D87605143B12853D7434811343B019
:10E09000AD297A5F27F4351C00000000F9960100D5
:10E0A00078010020700100206801002000000000BD
:10E0B00060010020E10B0100B10A0100050B010025
:10E0C000790B0100000000200000000006000100A4
:10E0D00002000000D8E001000000000073EA010027
:10E0E00006000000E0FF0F00000000207BEA0100B6
:10E0F00021000000E0FF0620A7980100859801009C
:10E10000000000004802002000000000DB050020A5
:10E110005C020020000000007CE1010050060020AD
:10E120000000000000000000000000007933010042
:10E13000DD310100E52D0100A133010000000000E8
:10E14000852D0100C1330100092E0100BD31010000
:10E1500000000000E12F0100A1300100292F010083
:10E16000FBB3010025B401001DB401000200000052
:10E1700003000000812F0100000000004DB40100E9
:10E180000000000035B40100213C0100F13B01001A
:10E1900000000000753D0100F53C010085B501005F
:10E1A00081B5010069B5010075B5010063B50100D5
:10E1B0006FB50100FFFF000000288450900100208F
:10E1C0000000000001000000FFFFFFFF0025845059
:10E1D00090010020000000000000000000900050AE
:10E1E000E8E1010001000000F0E101000200000090
:10E1F0002200000C2300000B00000080FFFFFF7FC7
:10E200000000008000000080FFFFFF7F0000008012
:10E21000000000000000000086EB010000FF0A0083
:10E22000D0D901001F00000000000080FFFFFF7F29
:10E230000000008000000080FFFFFF7F00000080E2
:10E24000000000000000000086EB010000FF0A0053
:10E25000D0D901000F000100A7BC01007CE2010041
:10E26000E5BD01009CE20100B4160020AC160020C0
:10E2700000127A00FFFFFF030000000000C0005002
:10E2800088E201000100000090E2010003000000AC
:10E290001D0000041C0000051A000006D0D9010072
:10E2A00016000100B4D9010004000100D0D901001A
:10E2B000180001009DBC0100D8E20100E5BD01008D
:10E2C000F8E20100C4160020BC1600200048E80156
:10E2D000FFFFFF010200000000A00050E4E2010087
:10E2E00001000000ECE2010003000000051800043A
:10E2F000091800050A180006D0D901000B0001001A
:10E3000008000000030000000800000003000000F7
:10E31000E8D80100F0D8010030D9010038D9010057
:10E3200088D9010098D9010019EB01000001000013
:10E3300000000000FF8FFFFFFF8FFFFFFE8FFFFF3A
:10E34000FE8FFFFFFD8FFFFFFC8FFFFFFC8FFFFFA6
:10E35000FB8FFFFF6D757465785F6672656520637E
:10E36000616C6C65642077697468204E554C4C2054
:10E37000706172616D6574657200000043616E27A3
:10E380007420696E697469616C697A65206D757451
:10E3900065782C20776173204E554C4C0D0A000097
:10E3A000436F756C64206E6F74206C6F636B2070AC
:10E3B0006F7765722073617665206D75746578007E
:10E3C000000000000000000000000000000000004D
:10E3D00000000040955969595555545515555556E5
:10E3E000040515411054554045515544404550448D
:10E3F00050555545004000404004449665555655DB
:10E40000454045545141154055915555555540513C
:10E4100005010000544554544555050400100410EE
:10E4200014044000000001405555154154040000FB
:10E4300044000100000000404100004450444550A9
:10E4400054005555545565510040004001000001ED
:10E450000005010011545151545555050015415006
:10E46000000004401001040500000000090453747A
:10E47000617274696E67204C6573736F6E2036200D
:10E480002D20457865726369736520320A00493230
:10E490004320627573202573206973206E6F74208A
:10E4A0007265616479210A004661696C6564207453
:10E4B0006F20777269746520746F2049324320643D
:10E4C0006576696365206164647265737320307872
:10E4D0002563206174205265672E20307825630AF9
:10E4E000004661696C656420746F20726561642008
:10E4F000746F2049324320646576696365206164E6
:10E5000064726573732030782563206174205265CE
:10E51000672E20307825630A005F5F5F5F5F5F5F73
:10E520005F5F5F5F5F5F5F5F5F5F5F5F5F5F5F5FFB
:10E530005F5F5F5F5F5F5F5F0A00526564205661E7
:10E540006C75653A092025640A00477265656E207E
:10E5500056616C75653A092025640A00426C756540
:10E560002056616C75653A092025640A006364636E
:10E570005F61636D5F30006364635F61636D5F73F0
:10E58000657269616C002A2A2A20426F6F74696E75
:10E5900067206E524620436F6E6E6563742053444D
:10E5A0004B2076332E342E302D39393535333035F6
:10E5B0003536303762202A2A2A0A002A2A2A20558C
:10E5C00073696E67205A6570687972204F532076A0
:10E5D000342E342E302D6266383031653465336424
:10E5E0003139202A2A2A0A006D757465785F696EB0
:10E5F00069742063616C6C65642077697468204E6F
:10E60000554C4C20706172616D6574657200436F8A
:10E61000756C64206E6F7420616C6C6F63617465DF
:10E62000206D75746578206265666F726520696E0D
:10E63000697469616C697A696E670072302F613143
:10E640003A2020307825303878202072312F6132FE
:10E650003A2020307825303878202072322F6133EC
:10E660003A20203078253038780A0072332F613410
:10E670003A2020307825303878207231322F697076
:10E680003A2020307825303878207231342F6C725F
:10E690003A20203078253038780A0020787073725C
:10E6A0003A20203078253038780A004661756C743D
:10E6B000696E6720696E737472756374696F6E201A
:10E6C0006164647265737320287231352F70632919
:10E6D0003A203078253038780A00556E68616E64CB
:10E6E0006C6564204952516E3A2025640A002A2A3A
:10E6F0002A2A2A205553414745204641554C54204B
:10E700002A2A2A2A2A0A0020204469766973696F16
:10E710006E206279207A65726F0A002020556E6142
:10E720006C69676E6564206D656D6F7279206163D9
:10E73000636573730A002020537461636B206F76E6
:10E740006572666C6F772028636F6E7465787420CD
:10E7500061726561206E6F742076616C6964290A4C
:10E760000020204E6F20636F70726F636573736F4C
:10E770007220696E737472756374696F6E730A00C8
:10E780002020496C6C6567616C206C6F6164206F40
:10E7900066204558435F52455455524E20696E7469
:10E7A0006F2050430A002020496C6C6567616C2023
:10E7B000757365206F662074686520455053520A52
:10E7C000002020417474656D707420746F2065782A
:10E7D000656375746520756E646566696E65642031
:10E7E000696E737472756374696F6E0A002A2A2ADF
:10E7F0002A2A20425553204641554C54202A2A2A81
:10E800002A2A0A002020537461636B696E672065B1
:10E8100072726F720A002020556E737461636B69A7
:10E820006E67206572726F720A00202050726563F5
:10E83000697365206461746120627573206572720A
:10E840006F720A0020204246415220416464726582
:10E8500073733A20307825780A002020496D707251
:10E8600065636973652064617461206275732065F6
:10E8700072726F720A002020496E7374727563742D
:10E88000696F6E20627573206572726F720A002064
:10E8900020466C6F6174696E672D706F696E7420AD
:10E8A0006C617A7920737461746520707265736528
:10E8B00072766174696F6E206572726F720A002AD7
:10E8C0002A2A2A2A204D5055204641554C54202AA8
:10E8D0002A2A2A2A0A002020537461636B696E6712
:10E8E000206572726F722028636F6E746578742071
:10E8F00061726561206D69676874206265206E6F62
:10E90000742076616C6964290A0020204461746176
:10E91000204163636573732056696F6C6174696F1E
:10E920006E0A0020204D4D464152204164647265BC
:10E9300073733A20307825780A002020496E73746A
:10E9400072756374696F6E204163636573732056DB
:10E95000696F6C6174696F6E0A00526573657276D7
:10E96000656420457863657074696F6E2028005374
:10E97000707572696F757320696E746572727570E7
:10E980007420284952512000535053454C20696E41
:10E9900020746872656164206D6F646520646F65C2
:10E9A00073206E6F7420696E6469636174652050B2
:10E9B00053500A002A2A2A2A2A2048415244204633
:10E9C00041554C54202A2A2A2A2A0A00202042751E
:10E9D00073206661756C74206F6E20766563746F4A
:10E9E00072207461626C6520726561640A00202087
:10E9F0004465627567206576656E740A002020465E
:10EA000061756C7420657363616C6174696F6E20ED
:10EA1000287365652062656C6F77290A004152434F
:10EA2000485F4558434550542077697468207265A3
:10EA300061736F6E2025780A0A002A2A2A2A2A2062
:10EA40004465627567206D6F6E69746F72206578BA
:10EA500063657074696F6E202A2A2A2A2A0A002A9E
:10EA60002A2A2A2A20257320256429202A2A2A2AAC
:10EA70002A0A00464C4153485F30005352414D5FD3
:10EA800030007573626400626F6172645F63646317
:10EA90005F61636D5F75617274007564635F6E7250
:10EAA0006678007573626440333630303000636CD2
:10EAB0006F636B4035303030006770696F403834B9
:10EAC00032383030006770696F403834323530305A
:10EAD0000069326340393030300073656E736F7295
:10EAE0002D7077722D6374726C00726567756C613E
:10EAF000746F722D3376332D6374726C007370698A
:10EB000040633030300073706940613030300069EC
:10EB1000646C65006D61696E00737973776F726BF9
:10EB20007100696E66006E616E00286E756C6C29EE
:10EB300000465320436F6E66696775726174696F32
:10EB40006E004344432041434D2073657269616CFC
:10EB5000206261636B656E64005A6570687972202B
:10EB600050726F6A656374002B2C2A1E3031323369
:10EB700034353637383941424344454600000102B6
:10EB800003040506070B00203030303030303030C1
:08EB900030303030303000015C
:10EB980000000000612901000000000000010000E1
:10EBA800000000000000000000000000000000005D
:10EBB800000000000000000000000000000000004D
:10EBC800ECD9010000C201000000080000000000AC
:10EBD800000000000000000000000000000000002D
:10EBE800000000000000000000000000000000001D
:10EBF8000000000034020020000000002002002075
:10EC080000000000000000000000000000000000FC
:10EC180000000000000000000000000000000000EC
:10EC280000000000000000000000000000000000DC
:10EC380000000000000000000000000000000000CC
:10EC4800000000000000000000000000BC000020E0
:10EC5800BC000020000000000100000000000000CF
:10EC68006D93010000000000C0050020E8000020AE
:10EC7800000000000000000000000000000000008C
:10EC8800000401000000000031EB01002203000035
:10EC98000000000000000000000303000000000066
:10ECA8000000000000030000000000000000000059
:10ECB800000201000000000042EB01002E030000EA
:10ECC800000000000000000000010100000000003A
:10ECD80059EB01001E0300000000000000000000C6
:10ECE80000000000000000006CE4010004030000C4
:10ECF800780600203A0000008C0600203A00000048
:10ED0800640600203A000000A00600203A00000037
:10ED180000000000ED970100000000000000000066
:10ED280000D00050000000000000000000000000BB
:10ED380000000000000000000000000000000000CB
:10ED480000000000000000000000000000000000BB
:10ED580000000000000000000000000000000000AB
:10ED6800000000000000000000000000000000009B
:10ED7800000000000000000000000000000000008B
:10ED8800000000000000000000000000000000007B
:10ED9800000000000000000000000000000000006B
:10EDA800000000000000000000000000000000005B
:10EDB80048350020000000000000000000000000AE
:10EDC8000004000048390020000000000000000096
:10EDD80000000000000400006DE5010000000000D4
:10EDE8008802002000000000ECD90100DB050020AB
:10EDF800E3050020EC050020F1050020F6050020C1
:10EE0800FA050020FF050020060600200F06002056
:10EE1800160600201D06002000000000A9A601001B
:10EE2800552A0100B52A010005A9010045A70100DE
:10EE38003BA8010000000000D3AB010023A801009B
:10EE4800C5A7010000000000ABA6010000000000FB
:10EE580000000000000000000000000000000000AA
:10EE6800000000000000000000000000000000009A
:10EE7800000000000000000000000000000000008A
:10EE8800000000000000000000000000000000007A
:10EE9800000000000000000000000000000000006A
:10EEA800000000000000000000000000000000005A
:10EEB800000000000000000000000000000000004A
:10EEC800000000000000000000000000000000003A
:10EED8004003002040030020000000000000000064
:10EEE8000E0000000000000000000000000000000C
:10EEF800000000000000000000000000000000000A
:10EF080000000000000000000000400600000101B1
:10EF180055B60100100000008D420100DCE101003F
:10EF28009C160020FFFF0000000000000000000009
:10EF380000C00050000000000000000000000000B9
:10EF480000000000000000000000000000000000B9
:10EF580000000000000000000000000000000000A9
:10EF68000000000000000000000000000000000099
:10EF78000000000000000000000000000000000089
:10EF88000000000000000000000000000000000079
:10EF98000000000000000000000000000C04002039
:10EFA8000C04002000000000010000001C040020E8
:10EFB8001C04002000000000010000000000000008
:10EFC8000000000000000000000000000000000039
:10EFD8000000000000000000000000000000000029
:10EFE8000000000000000000000000000000000019
:10EFF8000000000000A00050000000000000000019
:10F0080000000000000000000000000000000000F8
:10F0180000000000000000000000000000000000E8
:10F0280000000000000000000000000000000000D8
:10F0380000000000000000000000000000000000C8
:10F0480000000000000000000000000000000000B8
:10F0580000000000000000000000000000000000A8
:10F06800D0040020D00400200000000001000000AF
:10F07800E0040020E004002000000000010000007F
:10F088000000000000000000000000000000000078
:10F098000000000000000000000000000000000068
:10F0A8000000000000000000000000000000000058
:10F0B80000000000000000000090D003FF000000E6
:10F0C800FF000000900200003805002038050020ED
:10F0D800000000006D7901009C05002094050020C7
:10F0E8008C0500200000000084050020997A0100AA
:10F0F800E5790100197A0100617A010074050020A0
:10F108007C050020741600203A00003A781600208A
:10F118003A00003A7C1600203A00003A8016002097
:10F128003A00003A841600203A00003A8816002077
:10F138003A00003A6C05002070050020B405002054
:10F1480058050020500500204C05002048050020E7
:10F1580009020000000100807D12010002EF020197
:10F1680040E32F0400040400000000080B00020222
:10F17800020000090400000102020000052400103A
:10F1880001052401000104240202052406000107E8
:10F1980005810310000A09040100020A00000007A3
:0FF1A80005820240000007050102400000000040
:10F1B7000000000000000000000000000000000048
:05F1C700000000000043
:10F1CC003406002034060020882E002000000000A9
:0CF1DC000800000010000000000000000F
:10F1E80000000000082F00200004000000000000BC
:04F1F8000000000013
:10F1FC0064060020640600200000000000000000EF
:10F20C000E000000780600207806002000000000A8
:10F21C00000000000E0000008C0600208C06002070
:10F22C0000000000000000000E000000A0060020FE
:10F23C00A006002000000000000000000E000000EE
:10F24C00B4060020B40600200C0000000A000000E8
:10F25C00102E0020882E0020102E0020102E0020B2
:08F26C0000000000000000009A
:10F27400DC060020DC060020010000000100000084
:0CF28400EC060020EC060020000000005A
:08F29000F8060020F80600203A
:10F298000000000000000000080700200807002008
:10F2A800100010000A0000002FAC010018E1010056
:04F2B80008330020F7
:10F2BC0077E50100000000000000000000000000E5
:10F2CC00000000000000000008DA0100000000004F
:10F2DC000000000000000000000000000000000022
:10F2EC000000000000000000000000000000000012
:10F2FC000000000000000000000000000000000002
:10F30C0000000000000000000000000000000000F1
:10F31C0000000000000000000000000000000000E1
:0CF32C00C90500200000000000000000E7
:10F33800000000004802002000000000000000005B
:08F348000000000000000000BD
:04F3500015E015E0CF
:040000031000119147
:00000001FF
