:020000040001F9
:100000003DB8F396000001000002000054F100002A
:1000100000010000000000000000000000000000DF
:1000200000000000000000000000000000000000D0
:1000300000000000000000000000000000000000C0
:1000400000000000000000000000000000000000B0
:1000500000000000000000000000000000000000A0
:100060000000000000000000000000000000000090
:100070000000000000000000000000000000000080
:100080000000000000000000000000000000000070
:100090000000000000000000000000000000000060
:1000A0000000000000000000000000000000000050
:1000B0000000000000000000000000000000000040
:1000C0000000000000000000000000000000000030
:1000D0000000000000000000000000000000000020
:1000E0000000000000000000000000000000000010
:1000F0000000000000000000000000000000000000
:1001000000000000000000000000000000000000EF
:1001100000000000000000000000000000000000DF
:1001200000000000000000000000000000000000CF
:1001300000000000000000000000000000000000BF
:1001400000000000000000000000000000000000AF
:10015000000000000000000000000000000000009F
:10016000000000000000000000000000000000008F
:10017000000000000000000000000000000000007F
:10018000000000000000000000000000000000006F
:10019000000000000000000000000000000000005F
:1001A000000000000000000000000000000000004F
:1001B000000000000000000000000000000000003F
:1001C000000000000000000000000000000000002F
:1001D000000000000000000000000000000000001F
:1001E000000000000000000000000000000000000F
:1001F00000000000000000000000000000000000FF
:10020000102A0020911101000B9701007D110100BF
:100210007D1101007D1101007D1101007D110100A2
:100220000000000000000000000000006912010052
:100230007D11010000000000311401007D1101005A
:10024000B1140100B1140100B1140100B114010096
:10025000B1140100B1140100B1140100B114010086
:10026000B1140100B1140100B1140100B114010076
:10027000B1140100B1140100B1140100B114010066
:10028000B1140100B1140100B1140100B114010056
:10029000B1140100B1140100B1140100B114010046
:1002A000B1140100B1140100B1140100B114010036
:1002B000B1140100B1140100B1140100B114010026
:1002C000B1140100B1140100B1140100B114010016
:1002D000B1140100B1140100B1140100B114010006
:1002E000B1140100B1140100B1140100B1140100F6
:1002F000B1140100B1140100B1140100B1140100E6
:10030000B1140100B1140100B1140100B1140100D5
:10031000B1140100B1140100B1140100B1140100C5
:10032000B1140100B1140100B1140100B1140100B5
:10033000B1140100B1140100B1140100B1140100A5
:10034000B1140100B1140100B1140100B114010095
:10035000B114010053B94AB9002908BF00281CBFD5
:100360004FF0FF314FF0FF3000F00CB8ADF1080C4A
:100370006DE904CE00F012F8DDF804E0DDE90223B7
:1003800004B07047704700BF10F8012B11F8013B13
:10039000012A28BF9A42F7D0D01A70472DE9F047BA
:1003A0008C468E46089E154604461946002B40F0A2
:1003B000D080724547D9B2FA82F74FB1C7F1200316
:1003C0000EFA07FCBD40BC4020FA03F343EA0C0CD4
:1003D0004FEA154EA8B2230CBCFBFEF80EFB18CC5E
:1003E00008FB00F943EA0C43994528D9EB1808F1BA
:1003F000FF3204D2994502D9A8F102022B44A3EBA3
:100400000903A4B2B3FBFEFC0EFB1C330CFB00F093
:1004100044EA0344A04214D92C190CF1FF3304D24E
:10042000A04202D9ACF102032C44241A43EA024050
:100430001EB1FC40002334607360BDE8F087424683
:10044000DDE76346F1E7002A79D0B2FA82F3002BA8
:100450003FD01946C1F1200302FA01F500FA01F478
:100460002EFA03F20EFA01FE20FA03F3AFB243EACA
:100470000E034FEA154EB2FBFEFC0EFB1C201A0CBD
:100480000CFB07F842EA004290455AD9AA180CF131
:10049000FF3004D2904502D9ACF102002A44A2EB0D
:1004A00008029BB2B2FBFEFC0EFB1C220CFB07F702
:1004B00043EA02439F4246D9EB180CF1FF3204D2C3
:1004C0009F4202D9ACF102022B44DB1B42EA0042FC
:1004D00002E0AEEB020301224FEA154EAFB2200C50
:1004E000B3FBFEFC0EFB1C330CFB07F840EA034396
:1004F00098452AD9EB180CF1FF3004D2984502D95F
:10050000ACF102002B44A3EB0803A4B2B3FBFEFC46
:100510000EFB1C330CFB07F744EA0344A74216D931
:100520002C190CF1FF3304D2A74202D9ACF102031B
:100530002C44E41B43EA00400F46114678E71F2194
:1005400088E76046ABE76246BFE76046DBE76346A5
:10055000EFE7734506D916B9002108466DE7C6E9ED
:10056000000EF9E7B3FA83F787B9734501D38242E6
:1005700007D8841A6EEB030301209C461EB90021A4
:100580005BE73846FAE7C6E9004CF8E7C7F1200C0C
:10059000BB4000FA07F422FA0CF520FA0CF1BA403D
:1005A0001D432EFA0CF30EFA07FE4FEA154941EAF5
:1005B0000E011FFA85FEB3FBF9F809FB18300B0C8E
:1005C00008FB0EFA43EA00439A4540D9EB1808F1BC
:1005D000FF3004D29A4502D9A8F102002B44A3EBC4
:1005E0000A0389B2B3FBF9F809FB183308FB0EFEC6
:1005F00041EA03418E452CD9691808F1FF3304D232
:100600008E4502D9A8F10203294443EA0040A1EB38
:100610000E01A0FB02984145CE46434602D306D1C7
:100620004C4504D20138B9EB020E68EB0503002EED
:10063000A5D0B4EB0E0261EB030101FA0CFC22FA27
:1006400007F3F9404CEA0303C6E9003197E7404657
:10065000C5E74346D9E700001FB502230190029386
:100660008DF80C3007489DF80C30826843F0020387
:100670008DF80C3094683823012201A9A04704B0FA
:1006800010BD00BF24DA01002DE9F04136488CB0DE
:1006900008F06EFE354C20460CF0D3FA002859D0F5
:1006A00042F6412302A8ADF80830FFF7D5FF20B18C
:1006B000412238212E4808F05BFE41F2420303A894
:1006C000ADF80C30FFF7C8FF20B14222382128488E
:1006D00008F04EFE002604AD0DF10703069301233A
:1006E0000793062350270A9307232E60AE808DF8C8
:1006F00007708DF8206009958DF82C309DF82C300E
:10070000A26843F002038DF82C30D2F80880382319
:100710000222164806A9C04720B13A46382115489A
:1007200008F026FE144808F023FEBDF81010134808
:1007300008F01EFEBDF81210114808F019FEBDF8B1
:100740001410104808F014FE00214FF400400CF083
:100750005EFDC1E721680C4808F00AFE4FF0FF304B
:100760000CB0BDE8F08100BF6EE4010024DA0100A6
:10077000A8E40100E1E4010019E501003AE5010007
:100780004AE501005CE501008EE40100014B1B68B5
:10079000184700BFD0000020014B1860704700BF11
:1007A000D000002030B5044685B00D46102200214F
:1007B00068460CF0D4FE02238DF80230044B2A4622
:1007C00021466846019307F0EFFA05B030BD00BF3F
:1007D0008D07010080B505460E461746984606F07F
:1007E000B3FD034600F076FE0446DFF8189042465B
:1007F00049F8003039463046A84754F8090000F05F
:1008000001FE00BF080000002DE9F047058B0446FB
:10081000280717460CD501290CBF45F0100545F0F7
:100820002005258387F31188BFF36F8FBDE8F0871C
:10083000022905F0070540F09480204608F0C0FD2D
:10084000052864D801A353F820F000BF2508010053
:10085000630901000F090100D1080100EB08010044
:10086000FD08010001F007035A1F012A1FD80022CA
:1008700021F00701062BD4F8008089B2C4E90022D8
:1008800009D1434603E0628B013262831B68002B6F
:10089000F9D141F002012046218308F091FD4FF08B
:1008A000000900286DD041F02001218369E0042B6C
:1008B0000AD121F0070189B22046218308F080FD8A
:1008C00010B141F0200121834FF00008C14658E0EB
:1008D0002369D3F80090238B23F0070343F006032A
:1008E0004FF00008238346464BE02369D3F8049079
:1008F000238B23F0070343F00403F1E72369D3F8C4
:100900000890238B23F0070343F00503E8E74FF03B
:100910000008C146E7E7012243F00803238387F379
:100920001188BFF36F8F002A3BD1B8F1000F4AD175
:10093000B9F1000F02D020462C49C847EFF31187C8
:10094000202383F31288BFF36F8F238B23F00803D8
:100950009BB22383D9063FD523F01002228303F0F4
:1009600007056669218B002EBFF67CAF00239946F0
:10097000D4F8008021F00701C4E9003341F00101FF
:100980002183238B03F0070AAA4502D0A268002A1C
:10099000C1D1B8F1000F02D1B9F1000FDAD00022B5
:1009A000BAE7A1680029C0D00D680029BDD0334640
:1009B000524620464F68B8471DB12B6829461D4650
:1009C000F3E72B46FAE74146334652462046D8F82D
:1009D000008008F021FDA8E79A067FF523AF23F0F9
:1009E0002002228303F0070527E700BF459401009A
:1009F000014B03600020704798E0010007B51B49D8
:100A00001B4809F085F870BB1A49194809F080F8AD
:100A100048BB1949164809F07BF820BB1749144810
:100A200009F076F8F8B90146154A114809F052FB69
:100A3000C8B90246012313490D4809F025FC90B9B5
:100A4000012301460093EF220223094808F06AFFC0
:100A500048B9074808F08FFF28B9054803B05DF88A
:100A600004EB08F0B8BF03B05DF804FB48010020B8
:100A70002407002030010020180100200001002080
:100A8000D40000206DE5010008B5044808F070FCB2
:100A9000034808F06DFC002008BD00BF86E501009A
:100AA000BBE50100014806F095BF00BF98E00100DA
:100AB00038B5044618B90F4B0F485B689847616812
:100AC000B1F5683F10D0B1F5680F0DD00B4DA942BC
:100AD0000AD011F46861206807D0014608480CF07C
:100AE0005BF900232360656038BD14220CF037FDEC
:100AF000F9E700BF40050020E8E501002C5F5CA994
:100B00006811002008B560B34368B3F5683F0ED0A4
:100B1000B3F5680F18D0144A934220D000684FF004
:100B2000FF324FF0FF3305F083FD58B115E001228D
:100B30000368D3E8EF1F002903D1C3E8E02F0028A2
:100B4000F7D10AD1002008BD0368084A1B7803F5D5
:100B5000807352F82330002BF4D00548F3E70548A2
:100B6000F1E76FF4E040EEE72C5F5CA90000035072
:100B7000E98FFFFFEA8FFFFF08B520B34368B3F5A5
:100B8000683F09D0B3F5680F13D0114A93421DD0C6
:100B9000006805F0BFFD14E000220368D3E8EF1FF2
:100BA000012903D1C3E8E02F0028F7D109D0094873
:100BB00008BD00210368084A1B7803F5807342F8DA
:100BC00023100020F4E76FF4E040F1E70348EFE77B
:100BD0002C5F5CA9E98FFFFF00000350EA8FFFFF45
:100BE00010B5044618B91D4B1D485B6898476368EB
:100BF000B3F5683F2FD0B3F5680F2CD0194A934254
:100C000019D1236803BB4FF0FF324FF0FF33214669
:100C1000154805F015FC08B923681BB90F4B13489C
:100C20005B6898471422002120680CF098FC4FF470
:100C30006863636008E0B3F5680F0DD83A2B03D002
:100C400040F6BA629342DED120680CF004F9636882
:100C500043F03A03636010BD054AF3E74005002006
:100C6000E8E501002C5F5CA9681100200EE6010098
:100C70003A00003A08B506494023142205480CF012
:100C80007EF8BDE808400449044806F015BF00BFDF
:100C9000680C002068110020A0E00100B4E0010011
:100CA00008B50348034A0021121A08F026FD08BDC2
:100CB000B8070020D0160020074808B5074A0849A1
:100CC000121A08F01CFDBDE808400648064A07490C
:100CD000121A08F014BD00BF00000020B807002061
:100CE00098EB0100000000200000002098EB0100BC
:100CF00038B505460C4699B1D1E901230F4809687A
:100D000008F036FBD4E90423E1680D4808F030FB15
:100D1000E1690C4808F02CFBA1690B4808F028FB9E
:100D2000012D05D1EFF305810848103908F020FBAB
:100D300021462846BDE8384005F01CBA3BE60100D4
:100D40006BE601009BE60100ABE60100DAE601007C
:100D500030BFFFF7FDBF00BF2DE9F04105460B4E48
:100D6000DFF82C80324606EB0807CC1B20460949E9
:100D70000CF0E8FBA01942460021083C0CF0EFFB08
:100D8000C5F8AC4007F10800BDE8F08100000000A4
:100D90000800000000DE010010B5204C204808F0DB
:100DA000E7FAA36A990137D51E4808F0E1FA1E2038
:100DB000A36ADA0103D51C4808F0DAFA1F20174CA1
:100DC000A36ADB0203D5194808F0D2FA0220A36A0D
:100DD0001C0303D5164808F0CBFA21200F4CA36A58
:100DE000590303D5134808F0C3FA2220A36A9A03D3
:100DF00003D5114808F0BCFA2320084CA36ADB0392
:100E000003D50E4808F0B4FA2420A36A6FEA03431E
:100E10006FEA1343A36210BD1D20C9E700ED00E097
:100E2000EEE6010007E701001BE7010036E70100DD
:100E300061E7010080E70100A6E70100C1E70100CA
:100E400070B5244C064624480D4608F091FAA36A72
:100E5000D90435D5214808F08BFA1720A36A1A0562
:100E600003D51F4808F084FA18201A4CA36A9B0582
:100E70000FD51C4808F07CFAA16BA36A180407D5AB
:100E8000194808F075FA1EB1A36A23F40043A3625F
:100E90001920104CA36A590503D5144808F068FAC4
:100EA0001A20A36ADA050DD5114808F061FA1B2053
:100EB000084A936A43F47F43936200232B7070BD0A
:100EC0001620CBE7A36A9B04F2D50A4808F050FA33
:100ED0001C20EDE700ED00E0EDE7010004E8010073
:100EE00016E801002AE8010044E801005AE8010080
:100EF00076E801008FE8010070B5264C06462648CA
:100F00000D4608F035FAA36AD80640D5234808F004
:100F10002FFA1120A36A190703D5214808F028FAEF
:100F200012201C4CA36A9A070FD51E4808F020FA1D
:100F3000616BA36A1B0607D51B4808F019FA1EB19E
:100F4000A36A23F08003A3621320124CA36ADE0776
:100F500003D5164808F00CFA1420A36A9C0603D5A2
:100F6000134808F005FA15200A4B9A6AD10658BFB3
:100F70009A6A9A6A920642BF5A6A22F400525A62E8
:100F80009A6A42F0FF029A6200232B7070BD102013
:100F9000C0E700BF00ED00E0BFE80100D6E80100B7
:100FA00016E801000AE9010023E901003AE901001D
:100FB0008FE801002DE9F0415D4B04465F68002594
:100FC0008AB0C7F3080685F31188BFF36F8F02F06C
:100FD0007F43B3F17F4F06D102F00C03082B13D1EE
:100FE000544808F0C5F900252C464FF00008F31EC0
:100FF0008DF80780092B00F28B80DFE803F00A7F71
:10100000837B89898989898710074CBF0C46012514
:10101000EBE74948464E08F0ABF98DF80780F36AD4
:101020009A0704D5454808F0A3F900232AE0F36A9B
:10103000002B01DA4248F6E7F36A5B00F5D5414838
:1010400008F096F97369A26943F480737361BFF382
:101050004F8FBFF36F8F32F8023C726922F48072B7
:101060007261BFF34F8FBFF36F8F03F47F42B2F50E
:101070005F4F27D1DBB2022B24D12168324808F020
:1010800077F923689DF80720CAB902AE04F120075A
:10109000324620686168083403C2BC421646F7D164
:1010A000099A002D40D0C2F3080121B96FEA5222FB
:1010B0006FEA42220992184602A9FFF719FE0AB008
:1010C000BDE8F0811A4B9A6AD2B22AB101200DF123
:1010D0000701FFF711FF0FE09A6A12F47F4F05D066
:1010E00001200DF10701FFF7ABFE05E09B6AB3F5A8
:1010F000803F9AD3FFF750FE0346C3E700200DF16F
:101100000701E6E700200DF10701ECE70F488AE749
:101110000F4B17F4F87F0F490F4808BF1946A6F187
:10112000100208F025F980E76FF30802C2E700BF5C
:1011300000ED00E088E90100B4E90100CCE901001C
:10114000EEE90100FDE901001DEA01003AEA0100B3
:101150005AE901006FE901005FEA0100064B5A6994
:1011600042F010025A615A6942F480625A615A6927
:1011700022F008025A61704700ED00E0EFF30880AA
:10118000EFF3098101B57246FFF714FF01BD00BFFF
:10119000002080F31488BFF36F8F002080F30A884B
:1011A00080F30B88104880F3088800200F490870EE
:1011B00003F056FD00200E490860BFF34F8F00F08A
:1011C0002DF8202080F311880A484FF40061401860
:1011D00080F30988EFF314800221084380F3148818
:1011E000BFF36F8F00F0A6F8102A0020CE16002063
:1011F00094ED00E0D01C0020002318460649D1F8E9
:101200009020C2F30722934200DB7047C1F8983068
:10121000C1F8A0000133F6E700ED00E010B572B6AA
:10122000002484F31388FFF7E7FF23464FF0FF30D5
:101230000C4A03F120010133102B42F82100F8D1B0
:1012400000234FF0FF30074A03F160010133102BF8
:1012500042F82100F8D162B6BFF34F8FBFF36F8F12
:1012600010BD00BF00E100E01EF0040F0CBFEFF363
:101270000880EFF30980816911F8021C0229FFD070
:1012800001B5724608F03DFA01BD00BF40B200282A
:1012900007DB01234109034A00F01F00834042F8A5
:1012A0002130704700E100E040B200280CDB012251
:1012B0000649430900F01F008240203341F82320F3
:1012C000BFF34F8FBFF36F8F704700BF00E100E0A7
:1012D000054B420953F82220012300F01F0003FAB6
:1012E00000F01040704700BF00E100E040B200286D
:1012F00001F10101ACBF00F16040064B4FEA411122
:10130000C9B2ABBF00F5614000F00F0080F80013D8
:101310001954704714ED00E0044B054A23F07F0395
:101320009360BFF34F8FBFF36F8F704700020100D0
:1013300000ED00E008B5FFF7EFFF074AD2F888306C
:1013400023F47003C2F88830FFF7AAFCFFF7B4FC5F
:1013500000F0A2F804F0D8FF00ED00E042F8203CD5
:10136000009B0B4942F81C3C019B21F0010142F813
:10137000183C029B42F8081C42F8143C4FF0807362
:1013800042F8043C0023203A0265C0F8B0307047B0
:10139000D507010000B50E4B15469860D0F8AC207B
:1013A0000C4B0E461A60D0F89C3083F30B882C4609
:1013B00086F309880020044B98472046002100222C
:1013C0000023024C2047000031970100D50701009F
:1013D00038160020841100201022014B1A6170473A
:1013E00000ED00E0054B5A699B689A421FBF044A12
:1013F000536843F080535360704700BF3816002095
:1014000000ED00E0084B9B6883420BD1EFF30583AE
:1014100043B1064B5A6842F080525A605A6A22F42D
:1014200000425A6205F096BF3816002000ED00E039
:1014300016498A684FF030001044EFF3098C80E8B9
:10144000F01F202080F31288BFF36F8F104F4FF0F2
:1014500000664A698A603E60D2F8AC000D4C20609C
:10146000D2F8B0000023C2F8B03080F3118802F146
:10147000300090E8F01F8CF3098802F1000004B5F9
:1014800008F04EF9BDE8044070470000381600200F
:1014900004ED00E084110020002320210348C2183D
:1014A0000133452B82F80013F9D1704700E100E0C9
:1014B00008B5EFF30583064A103B02EBC30152F86F
:1014C000330049688847BDE80840FFF78BBF00BF7D
:1014D000B0DA010001480068704700008411002064
:1014E0001FB50121094B0A4A0A4800F0F7F800230A
:1014F000064A0393084B0121019301A8D31A0293D2
:1015000000F0F6F805B05DF804FB00BF000007200E
:1015100000000020C4E00100B80700200A7A0B6830
:1015200010B562F304031C46CB68520923F01F0375
:1015300043EA4203044A43F00103C2F89800C2F8A8
:101540009C40C2F8A03010BD00ED00E010B5074B84
:10155000D3F89030C3F30723013B984202D8FFF73A
:10156000DDFF10BD6FF01500FBE700BF00ED00E0F0
:101570002DE9F04F0F46144606464FF000084B4D3C
:1015800085B0B84580F28E80D6F80490B9F1000F8E
:1015900035D0B9F11F0F40F2838019F01F0F7FD1B2
:1015A000D6F800A01AF01F0F7AD1504608F0FCF8C8
:1015B000834609EB0A00013808F0F6F883456FD13D
:1015C0001BF1160F6CD05C456ADDC5F898B0D5F8F4
:1015D0009C10C5F898B0D5F8A03021F01F0143F059
:1015E0001F0AD6E900321A44994202F1FF391BD191
:1015F000CA4508D131465FFA8BF008F0DEF808F1F1
:1016000001080C36BDE73146C5F898B0D5F89C30D6
:10161000E0B263F30402C5F89C2008F0CEF810F1A4
:10162000160F3DD0441CEAE7C5F898B0D5F8A020C5
:10163000013B23F01F0302F01F021343CA4531464A
:10164000E0B2C5F8A030E8D008F0B7F810F1160FF6
:1016500026D0C5F898B0D5F89C209DF808300AF13E
:10166000FF3A62F304038DF80830D5F8A0309DF8F6
:1016700008205B0863F347128DF80820D6E9003292
:101680001344009323F01F035344A3EB09030130D9
:1016900023F01F036946C0B20393FFF757FFBEE76D
:1016A0006FF01504204605B0BDE8F08F00ED00E0B6
:1016B0000522044BC3F89420BFF34F8FBFF36F8F05
:1016C000704700BF00ED00E0BFF35F8F0022024BC8
:1016D000C3F89420704700BF00ED00E010B5034C44
:1016E0002278FFF745FF207010BD00BF9016002044
:1016F0002DE9F74F294D8A4606464FF00008AB46C4
:10170000274FD0451BDAD6F80490B9F1000F3FD02F
:1017100031680846019108F047F80199044609EB41
:101720000100013808F040F884424FF014021D4BCC
:1017300008D002FB08F36FF015024BF8032003B04A
:10174000BDE8F08F14F1160F2C60F8D01978A14283
:10175000F5DD02FB08B0C7F89840C7F89840D7F805
:101760009C4000F10801007B64F304000871D7F885
:10177000A0000C79400860F347140C71D7F89C1056
:1017800021F01F016960D7F8A01021F01F01296125
:1017900008F1010814350C36B3E700BF88110020AA
:1017A00000ED00E090160020F0B55349534DD1F8FC
:1017B00090302C68C3F307239C4287B000F29980D5
:1017C0000020FFF781FF4E4BC1F8C030844216D194
:1017D0004C4D01A82C70FFF70BF9002607464A4C28
:1017E000B74213D100202B784349D1F89020C2F39F
:1017F0000722934277DBFFF75BFF002046E0696832
:1018000001EB0011FFF78AFE0130DFE7019930019B
:1018100001EB0613DA682240B2F1807F52D00AD879
:10182000B2F5001F34D0B2F5800F3ED0B2F5801F64
:1018300012D00136D4E7B2F1006F43D0B2F1805F2D
:10184000F7D15A689B680958013B22F01F000344F6
:1018500023F01F03012032E05A689B680958013BBE
:1018600022F01F0003440120844623F01F0340EAB6
:101870004C10CDE902218DF8100002A928780593BB
:10188000FFF764FE00282ADA6FF0150007B0F0BDFC
:101890005A689B680958013B22F01F0003444FF02F
:1018A000020C012023F01F03E1E75A689B680958E6
:1018B000013B22F01F000344062023F01F034FF0DA
:1018C000000CD4E75A689B680958013B22F01F00BE
:1018D00003444FF0030C012023F01F03C7E72B78CC
:1018E00001332B70A5E7C1F89830C1F8A00001338F
:1018F0007BE74FF0FF30C9E700ED00E0D0E00100EA
:10190000AAFF4400901600200000F0FF08B5024B2B
:101910001B689847002008BD9C110020034B044A17
:101920001860937843F00203937070479C11002075
:101930008001002008B50649064821F00701C1F1E1
:10194000005202F5E02207F0BFFC002008BD00BFF6
:101950004F3D0020A011002070B541690446867AF1
:101960000A4D59B1437ADB0706D4242303FB0653FF
:10197000DB691B689B68984700236361242021462C
:1019800000FB0650BDE870400BF000BB00070020D4
:101990002422024B02FB0030704700BF00070020EA
:1019A0002DE9F04385B00546684690461C460391F4
:1019B0000BF00DFDDDE90067EFF31189202383F3C0
:1019C0001288BFF36F8F6B8A002B41D02A8A9A420C
:1019D00025D900220023284604F0ECFE0446F0B18D
:1019E00089F31188BFF36F8F039B002B41D03246E0
:1019F0003B4668460BF010FD2421A27A254B204679
:101A000001FB0233DB6903A91B681D68DDE90023C4
:101A1000A847606170BB2046FFF79EFF24E0698AFB
:101A20004B1E6B8289F31188BFF36F8F2B7D2A8A3F
:101A30002C6A1B3323F00303521A02FB0344154B99
:101A4000154AEB1A9B105343A3722B7DE372CBE72D
:101A500089F31188BFF36F8F23464246284604F06E
:101A6000A9FE04460028BFD10024204605B0BDE8E9
:101A7000F0836361012300252381039B2946638250
:101A8000E27A656004F118000BF069FD6369258254
:101A9000E360EAE700070020398EE33870B52425BB
:101AA0000C4C00B970BD037A4668002BFAD0013B9C
:101AB000DBB20372002BF5D1C3604360837A05FB70
:101AC00003439B6913B198473046EAE7FFF744FFA9
:101AD000FAE700BF00070020052370B5144D154E2E
:101AE0002C780134B4FBF3F303EB8303E41A0AF01C
:101AF00003FB114A137823B156F82430C01A072883
:101B000014D94FF05023D3F8141141B10021C3F878
:101B10001411D3F814312C700CB9012313702C78E4
:101B20000AF0EAFA46F82400012070BD0020FCE724
:101B300092160020AC11002091160020054B03EBFB
:101B40008000D0F8003223F0E04343F04053C0F867
:101B50000032704700258450012208B50B4B0C4918
:101B6000C3F8002502230020C1F8D036FFF7E6FFB6
:101B70001046FFF7E3FFC1F80427C1F80429C1F8B4
:101B8000002BBDE8084000F07BB800BF00100050FB
:101B90000040005007B500220E4B0F49C3F8A821A2
:101BA000C3F8AC204FF48062C3F8B8254FF400624C
:101BB0000A48C3F83C250DF107020AF0F1FA0028A3
:101BC00003DB9DF8070003F037F903B05DF804EB81
:101BD00000F05EB800A002502CA0025028A10250D4
:101BE00048B1054B054A1B68B3FBF2F35843044B5D
:101BF00043F00103184770472805002040420F00BA
:101C000000DE010070B50025104E1149114C00078F
:101C100016F8013B03F01F025B090FD0012B0FD117
:101C2000234603EB8203D3F80022013522F0E04281
:101C30000243042DC3F80022EAD170BD0B46F0E741
:101C40000023803253F82230FFDE00BF68EB010032
:101C500000258450002884501FB50023019303936E
:101C6000012369460548029307F00CFC029B9B0781
:101C700008BF039B05B05DF804FB00BFC011002046
:101C80000149024807F0EBBBF8E00100C011002059
:101C90001022024BC3F84024FFF7DEBF0030005093
:101CA00008B54FF0FF33044A13603F2310465360DA
:101CB00003F0AEF8002008BDDC1100202DE9F04152
:101CC00090F82830044603F01F03012B0F4600F163
:101CD00028062FD0022B18D08BB3204694F8291059
:101CE00007F0BCFE024678B3304607F0A1FF1D4D59
:101CF000002834D113693BB33A4631462046984711
:101D00000346FFF7E7FB2B5024E0818DC9B208F0B2
:101D100081FA05460028E0D0304607F089FF0246E8
:101D200068688368CAB99B6873B13A463146BDE8B2
:101D3000F0411847818DC9B208F053FAE9E790F8ED
:101D4000291008F08AFAE4E7FFF7C4FB6FF0850278
:101D5000044B1A500020BDE8F081DB68E4E7D3684B
:101D6000C9E700BF0C0000002DE9F04F0B7E0446D0
:101D700033F080080D46164693B040F08E847AB159
:101D80000846FFF78BFE6B7EDF0703D49E0711D555
:101D90002B7E7BB9204613B0BDE8F04F07F074BF2F
:101DA0004A7E00F12809900708D5802B0CD12846DF
:101DB000FFF774FE404613B0BDE8F08F910700F0C6
:101DC0002784002B40F02484D2072FD52B8A082BA0
:101DD00040F00684EA68294613680020A36253682D
:101DE000C9F8043007F010FD054610B1FFF756FEA4
:101DF000EFE0484607F01CFFE28D70B9B2B129460A
:101E0000A06909F00BFA0146002800F02D84204655
:101E100013B0BDE8F04F08F0A1BB3AB1114620461F
:101E200008F097FB0546002800F01E84FFF752FBE0
:101E3000002394F82880B14F18F0600FC351C8F305
:101E4000411307D0032B40F0BD81FFF743FB6FF038
:101E5000850337E0484607F0EBFE94F82930002868
:101E600040F04E81013B0A2BEFD801A252F823F03B
:101E7000E71F01004B1E0100732001004B1E0100F3
:101E80009D1E01004B1E01004B1E01004B1E010058
:101E90000D1F01004B1E01006F1F0100618D7F2986
:101EA000D3D8A38D002BD0D1E38D002BCDD118F04A
:101EB0001F0FCAD194F83030022B05D1FFF70AFB6F
:101EC0004FF0FF333B5076E0A069036993F8803010
:101ED0001B0707D5C9B207F00AFF804628B1002DBD
:101EE0006CD167E7012384F8393094F83030012B46
:101EF0000AD1638D43B984F83030FFF7EBFA3B58D1
:101F0000002B00F0858056E00123F4E7204607F01F
:101F100004FD628D0146FF2A97D8E38D002B94D1F2
:101F200094F82830D80690D194F83030002BC5D0E2
:101F30002AB12046D2B208F07AF80028BED0618DCE
:101F400094F838308B42D8D02046C9B208F076F8E1
:101F500080460028C3D1628D0521002A14BF0223C8
:101F60000123204684F8303008F082FBC5E708F0F2
:101F70001F08B8F1010F7FF468AFE38D002B7FF4E9
:101F800064AF628DFF2A3FF660AFA18DFF293FF657
:101F90005CAF94F83030022B90D12046D2B2C9B257
:101FA00008F05BFA10F1020F804640F01081FFF755
:101FB00091FA47F8008065B14FF000082846FFF716
:101FC0006DFDB8F1000F7FF4F5AEFFF783FA3B58D3
:101FD000F3B1484607F02CFE0346A069002B00F041
:101FE0004F83802155E3E38D002B7FF42EAF94F8CF
:101FF0003030002B3FF462AF012BA18D02D10029BC
:102000007FF45CAF18F01F080CD0B8F1020F16D0A7
:10201000E38D002B40F0D782204607F01FFE0028FA
:10202000D7D1B7E600297FF449AF638D012BEFD1FB
:1020300094F86C3061F3C30384F86C30E8E7B4F8CB
:102040002AA0BAF1000FE3D15FFA81F84146204699
:1020500008F0F4FA0346FFF73DFA3B50013302D192
:102060004FF0FF383BE752464146204607F0E6FD79
:1020700043E7E38D002B7FF4E8AE628DA38D022A47
:102080005FFA83FA11D108F01F085AEA08087FF4B2
:10209000DCAE0122A069190A07F009FE00287FF4CE
:1020A000D4AE012384F8393027E794F830100029A2
:1020B0003FF404AF012902D1002B7FF4FFAE18F0EA
:1020C0001F0811D0B8F1020FA2D1002AA0D15146A9
:1020D000204608F09FFA0346FFF7FCF93B50013316
:1020E000BED001225146C0E7002B7FF4E7AE012AA3
:1020F0008ED194F86C3043F008039DE70C0000008B
:102100000A2B3FF6A2AE01A252F823F039210100BA
:102110004B1E01004B1E01004B1E01004B1E010017
:102120004B1E0100B32101004B1E0100432501009D
:102130004B1E01006D250100E38D022B7FF485AE5F
:1021400094F83030002B3FF4B9AE012BA18D02D1B1
:1021500000297FF4B3AE18F01F0811D0B8F1020FB8
:102160001CD04FF0000805F10C0A504607F058FD4E
:10217000E38D984218D2FFF7ADF96FF00B03A1E69B
:1021800000297FF49BAE94F86C304FEA930808F076
:102190000208C3F3001348EA0308E4E72046C9B283
:1021A00008F05BFA8046DEE74146504607F04FFBF9
:1021B000A3E6B4F82AA018F01F0F4FEA1A235FFA1B
:1021C0008AFA09D029462046FFF778FD8046B8F103
:1021D000000F7FF484AE90E6013B0E2B3FF635AE48
:1021E00001A252F823F000BF252201006522010060
:1021F0000F2301004B1E01004B1E010007230100AD
:10220000072301004B1E01004B1E01004B1E010065
:102210004B1E01004B1E01004B1E01004B1E010016
:102220005124010005F10C08404607F0F9FC8346F3
:102230002046B4F82EA007F070FB20B101287FF4EF
:1022400004AE616F00E0216F002900F02A82DA45B8
:1022500028BFDA460A784046524528BF524607F062
:10226000E5FA4AE6204607F058FB0AF1010201466A
:102270000190D2B2204607F0B4FE804600283FF419
:10228000E4AD05F10C0AD0F804B0504607F0C8FCE4
:102290009BF800205946824228BF0246504607F06C
:1022A000C5FAD8F80CB0BBF1000F09D1298AE38D2B
:1022B00099427FF622AE5046C91A07F0D2FA1CE6C0
:1022C000DBF8040083681B6B13B9DBF800B0EAE7A6
:1022D000019998470028F8D0A0F1040858F8041F85
:1022E0000029F2D00A78002AEFD05046CDE9022129
:1022F00007F096FC029A0399904238BF82B250468A
:1023000007F094FAEAE7204607F007FB9DE55246FE
:102310000321204607F0E2FB824600283FF495ADFA
:1023200007F079FCB4F82EB09AF81530C8B99AF8CD
:1023300014808DF829308DF82880DAF8103005F1F6
:102340000C0A1B885046ADF82A3007F069FCC345DB
:102350005A4628BF4246824228BF02460AA9504632
:102360007DE74FF00008DAF808208DF81530C04BF3
:102370008DF814801340BF4A934258D1102106A80B
:1023800009F052F9021EFFF660AD0AA9102A0846AC
:1023900028BF1022DFF8E0E20DF1180C424501F1F0
:1023A000020133D80346920002325FFA82F88DF8B8
:1023B000148005F10C0A5046029307F031FCD84511
:1023C000424628BF5A46904228BF104602288346FC
:1023D000804628BF4FF0020B50465A46A8EB0B0828
:1023E00005A907F023FA4FEA58030193029B9B4685
:1023F00003EB5802934521D118F0010F3FF47DAD56
:102400005046019A995C07F01AFA76E51CF8013BF0
:1024100008F101084FEA131A03F00F031EF80AA08F
:102420001EF8033001F802AC01F8013CB6E79AF857
:102430001480DAF810308DF81480BAE750461BF893
:10244000011BCDE9023207F002FADDE90232D1E7E1
:10245000204607F062FA38B101282CD0FFF73AF88D
:102460006FF085033B5048E5236F002B00F0198186
:102470005B88B3F5007FF1D9804B04F14C0B0A93D4
:1024800000238DF82C30E36C9B4508BF0023BDF87A
:102490002A10A3B15A7D0F2A08D11A7D0A44ADF83B
:1024A0002A209DF82C2001328DF82C20226D934299
:1024B00003D01B68EBE7636FD7E7BDF82A1005F17F
:1024C0000C0A5046019107F0ABFBB4F82E8001993D
:1024D000884528BF8846804528BF80464246052A51
:1024E00028BF052250460AA9019207F09FF9019AD8
:1024F000B8EB02083FF401ADE36C5B453FF4FDAC83
:10250000002B3FF4FAAC5A7D0F2A14D11A7D1969B9
:10251000424528BF42465046019307F087F9019B88
:102520001A7D424594BFA8EB0208A8EB0808B8F151
:10253000000F3FF4E2AC226D93423FF4DEAC1B6827
:10254000DEE794F83030002B3FF4B8ACE38D012B7C
:102550007FF47BAC05F10C08404607F061FB0028D6
:102560003FF409AE94F8381040464CE708F01F08D5
:10257000B8F1010F7FF4A2AC204607F046FD002819
:102580003FF49CACB4F82CA0BAF1FF0F3FF65DAC61
:1025900043681B795345FFF458AC5FFA8AF30F2B5D
:1025A0003FF653ACE38D012B7FF44FAC05F10C08E3
:1025B000404607F035FB00283FF4DDAD04EB0A038D
:1025C00093F83A10D0E7484607F032FB18B928468E
:1025D000FFF764FA20E52946204607F0BFFF08B15F
:1025E000284603E4A069036993F8801011F0040100
:1025F0007FF4D0AB08F026FE054600283FF4E9AC96
:102600000146204607F0AAFF00283FF4C3ABE7E7E6
:1026100052077FF5DEAC002B3FF4C9AB2846FFF72D
:102620003DFA94F83930002B3FF4C4AB94F82930CC
:10263000052B05D1618DA069C9B207F058FB06468C
:1026400094F82930032B09D1638D022B06D1A18D7B
:102650000022A069090A07F02AFB06460023B046BB
:1026600084F83930FFF7A6BB6FF00B06B1E400BF6A
:1026700000FF0200000302006CEB0100050F0500E3
:10268000E38D002B3FF4ADAC16F10C0118BF012116
:10269000C90108F0DCFCFFF77DBB6FF00408FFF711
:1026A00089BB6FF015081AE40B7810B4062B14D10F
:1026B0000369D3F89C20EFF31184202383F312885D
:1026C000BFF36F8F00204B681860506A58B9C2E999
:1026D000083384F31188BFF36F8F0022002303486F
:1026E00010BC0AF0A9BB03605362F2E7B4060020F5
:1026F0002DE9FF4120264FF0FF334FF0FF325B48BA
:1027000001A903F031FF039B1B69D3F89C40236AA6
:1027100093B1EFF3118286F31288BFF36F8F216AB2
:1027200029B1606A0B688142236208BF636282F349
:102730001188BFF36F8FC9B99DF80430062BDAD02A
:10274000072BD8D801A252F823F000BF9F27010021
:1027500093270100BF270100A5270100E3270100FF
:10276000D9270100F7260100672801000B7E2046CB
:102770005D06D1F81E2009D1FFF7F6FA02460028BF
:10278000C5D00721204607F073FFC0E707F039FDE9
:10279000F4E700220121204607F06AFFABE70022A0
:1027A0001146F8E794F86C3001A943F00403204681
:1027B00084F86C3007F0C0FA00220321EBE794F8AC
:1027C0006C3001A923F00403204684F86C3007F034
:1027D000B3FA00220221DEE7204601A907F0ACFA95
:1027E00089E794F86C30A76923F0040384F86C300F
:1027F000D7F808803B69A033D3E8AF3F9A072FD5BD
:102800003846D8F83C309847D8F82430002138466C
:1028100098470546D8F8403038469847ADB929461C
:10282000204607F00BFC054678B9A06908F029FDA1
:10283000831E5842584194F86C3084F8305023F08D
:10284000680343EA401384F86C30002204212046D8
:1028500007F00EFF002D3FF44EAF2A4607219AE7FE
:102860004FF0FF35F1E70621029A94E7B406002005
:1028700030B589B0002200230024CDE906236FF093
:1028800007034FF48062CDE90334CDE90144154BD1
:1028900015490094154804F0DBFA1549134804F073
:1028A00061FA144B14498B4207D30020134B14498F
:1028B0008B420CD3002009B030BD03F11402D2E8E2
:1028C000EF0FC2E8E54F002DF9D11833EBE703F124
:1028D0001402D2E8EF4FC2E8E50F002DF9D118330A
:1028E000E6E700BFF1260100D0160020B80700205F
:1028F00082EA0100A0070020B8070020B8070020E6
:10290000B807002038B5024605460949806908F035
:1029100016FD044648B985F83800284607F063FAE2
:10292000044610B1A86908F039FD204638BD00BF43
:10293000A926010070B50546074C084EB44202D3E3
:102940000024204670BD636828461968FDF71CFD09
:102950000028F6D01834F1E7A0070020B8070020BF
:1029600070B50646EFF31181202383F31288BFF37D
:102970006F8F1B4D2A6881F31188BFF36F8F5268E8
:1029800092F86C20D20705D4BDE8704021220023C4
:1029900004F07AB9EFF3118283F31288BFF36F8FDB
:1029A0002C682CB1696823688C422B6008BF6B606F
:1029B00082F31188BFF36F8F44B1606804F108019E
:1029C000C3699847214607480AF0E6F92B6833B1F6
:1029D0003046BDE870400022002304F021B970BDEC
:1029E000E41100203406002030B585B0CDE9001296
:1029F000054600220023144803A903F021FD0246E6
:102A0000E8B9DDE90001039B5D60083383E803005A
:102A1000EFF31180202383F31288BFF36F8F039BA2
:102A20001A600A4A516861B9C2E9003380F311881B
:102A3000BFF36F8F00220023054804F0F1F805B0C2
:102A400030BD0B605360F1E734060020E411002034
:102A50000000002038B54B780469202B45682069B8
:102A600008D0222B19D0FEF735FD6FF08502104BF0
:102A70001A5010E0CB88072BF5D1D3681A68426052
:102A80009A8802819B79837207F013FE22460821FF
:102A9000284607F0FBFD002038BD4B880921C3F311
:102AA0004002838103F00103027643762246EFE77A
:102AB0000C00000008B513464A78212A14D133B916
:102AC000FEF708FD6FF00B020A4B1A500AE0CA88A5
:102AD0000169072A096928BF0722043103F10C00A4
:102AE00006F0A4FE002008BDFEF7F4FC6FF085029E
:102AF000004BEAE70C00000073B5202504698DF84F
:102B00000710EFF3118685F31288BFF36F8F012250
:102B1000E06B0DF1070106F0ACFD86F31188BFF301
:102B20006F8F01280CD00AF0D8FA88B101220C4B23
:102B3000D3E8EF1F002903D1C3E8E02F0028F7D125
:102B40002122002304F1480004F06AF802B070BDAD
:102B5000A37E002BEAD0002121200AF058FBD0E709
:102B6000EC11002038B5002405690E49EB6B05F126
:102B70004800C3E90144DC606B6BC3E90144DC60DD
:102B80000AF092FA05F1780007490AF061FA07495C
:102B900005F124000AF05CFA284607F08AFD204679
:102BA00038BD00BF47A80100EDA901006FAA0100D0
:102BB000F8B5144687680546FB6B0E4698472146D4
:102BC000002200230548FEF7EBFE044600B106761E
:102BD00028463B6C98472046F8BD00BF0007002000
:102BE00010F0080F0B4B42B20CD1002A4FF0140228
:102BF00000F00F0002FB0033B4BFD3F80806D3F88F
:102C000008077047002AB4BFD3F8A806D3F8A8076E
:102C1000704700BF006003500246F8B5EFF3118122
:102C2000202383F31288BFF36F8F012400F008057F
:102C300008F0DBFB570604FA00F46FEA04061BD029
:102C4000D5B9174F3B6823FA00F0C00714D53340BD
:102C50003B6053B2DB4322F08000DB0F00F2DA303E
:102C60001B0103EB40030F48C0F80038D0F80438CC
:102C700043F00203C0F804380B4803683340036094
:102C800035B90A481206036854BF33402343036032
:102C9000044BC3F86C4481F31188BFF36F8FF8BD08
:102CA00048120020006003504C12002050120020F7
:102CB00070B5024608F099FBEFF31185202383F3EA
:102CC0001288BFF36F8F0124531E062B04FA00F401
:102CD0000FD80F4E0F4B31681B680B43C34013F0E6
:102CE000010306D10C4802F59472214340F82230CA
:102CF00031600A4A1368234313604FF48002084B83
:102D0000C3F8042185F31188BFF36F8F70BD00BF36
:102D10004812002050120020006003504C12002086
:102D200000E100E0F8B50306044623D410F00807DC
:102D300020D100F00F02920002F1A04202F55832B9
:102D4000D2F84434B3B1EFF31186202383F3128811
:102D5000BFF36F8F08F049FB0123084D03FA00F120
:102D60002B68C2F8A07423EA01032B6086F3118854
:102D7000BFF36F8F024BC3F81845F8BD5012002007
:102D80000060035010B591F91800154B0028B4BF2E
:102D9000D3F81045D3F8144501230A7E02F00F0240
:102DA000934023420DD10E4A0028B5BFD2F810053A
:102DB000D2F8140503430343B4BFC2F81035C2F878
:102DC00014350B7E1A0709D4054AC2F80C3543F4B2
:102DD0008073C2F80C35087EFFF7A4FF002010BDF9
:102DE000006003500B7E074A13F07F0F0CBF0123D6
:102DF00043F480734FF000000CBF5365C2F81835E0
:102E0000704700BF00600350EFF31180202383F36D
:102E10001288BFF36F8F0C4B1A7802F0FF0332B1A8
:102E20000A49D1F82C2562B10022C1F82C2580F383
:102E30001188BFF36F8F002B0CBF6FF00A000020CA
:102E400070471346F3E700BF96160020006003505A
:102E500070B506460D4607F059FF044607F05FFFC0
:102E600028BB204607F07EFF08B3802D16D1437E95
:102E70009A0744BF0E4A15705B070FD50D4B1B78A0
:102E800013B901220C4B1A65204607F067FF002298
:102E900001463046BDE8704007F07DBF2846FFF789
:102EA00007FF2046BDE87040012107F03CBF70BD20
:102EB000951600209A1600200060035070B5064653
:102EC0000C4607F023FF054607F029FF20BB2846E4
:102ED00007F048FF0146F8B1ACB9437ED8071BD4D0
:102EE0009A0704D501220D4B1C700D4BDA644B7E02
:102EF0005B0708D50B4B1B7873B13046BDE87040BB
:102F0000002207F048BF2046FFF7D2FE2846BDE862
:102F10007040012107F007BF70BD00BF951600206B
:102F2000006003509B16002010B54468206800F034
:102F300077FF104B1860104B1B782BB100220F4B02
:102F40001146186807F01BFF002201213720FEF709
:102F5000CDF9002201213620FEF7C8F9201D02F02C
:102F6000D9FA04F1080003F04DF803F02BF8002023
:102F700010BD00BF00120020971600205412002040
:102F80000128014610B519D0022809D0A8B90F4B65
:102F90000246186807F0F3FE01220D4B1A700CE090
:102FA00000220C4B0C4C1A700C4B3620C4F800332A
:102FB000FEF76CF90123C4F8043510BD034B002261
:102FC000186807F0DCFE0022014BE7E754120020EE
:102FD000971600209616002000600350FDFFDF01C9
:102FE000002213B5402311460092044607F099FFD2
:102FF000024618B16FF0040002B010BD00904023EB
:103000008021204607F08DFF0028F3D101241C49C0
:103010001C4B4860C86018688C6006F033FA0028C2
:10302000EADBEFF31182202383F31288BFF36F8F63
:103030004FF40061144BC3F80014C3F80045D3F8F3
:1030400000140905FBD54FF40061C3F8001480217A
:10305000C3F81C150121C3F8301540F2FF11002000
:103060000A4B19600A4B18600A4B18600A4B18701B
:103070000A4B187082F31188BFF36F8FBCE700BF53
:10308000F0110020001200200060035050120020B8
:103090004C120020481200209316002095160020A4
:1030A0002DE9F04105464FF0FF324FF0FF3338482D
:1030B00003F0E6FB4FF48002364B3620C3F8842140
:1030C000FEF706F9A0B14FF00108334F334B3C68CF
:1030D0001B686FF30F041C437CBB40F2FF13304EA0
:1030E0003B603620C6F80445FEF7DEF8C6F800431C
:1030F0002C4A13788BB10021294BC3F80811012108
:10310000C3F80026C3F804165960D3F80811002943
:10311000FBD00021C3F8081111700024204BC3F824
:1031200000451B4803F078FB2146284607F054FF72
:10313000C0B16FF00400BDE8F08194FAA4F6B6FACD
:1031400086F633460F2EC6BFA6F11003D8B243F061
:103150008000030701D4FFF75FFD08FA06F624EAB2
:103160000604B9E78021284607F036FF0028E0D1A1
:103170000D4B0E491C68204606F0F3F910F1780F4C
:1031800002D1204606F0C9F900EAE070D3E700BF9B
:10319000DC06002000E100E0501200204C1200206C
:1031A000006003509316002000120020F011002050
:1031B000014601480AF0B4B9EC06002008B5054BF9
:1031C0001970054B1B7813B10420FFF7F1FF0020A5
:1031D00008BD00BF981600209916002010B504699C
:1031E000087E08F002F901230B4A03FA00F0136885
:1031F0000343136003F0E4FF4020FFF7D9FF4FF0D3
:10320000FF324FF0FF3304F18401044803F07AFDEC
:1032100003F0EAFF002010BD44120020F806002051
:103220002DE9F043474B89B005460669186006F161
:10323000840009F010FE002200230024CDE90623BB
:103240006FF007034FF40072CDE90334CDE9014478
:103250003D4B3E4900953E4803F0FAFDDFF8F4800F
:103260003D49C1463A4803F07DFDD8F810203B4B5C
:103270003B4F134043F4820343F04003C8F810303F
:103280004146284688F8184007F052FD002855D1DD
:103290000134092C18D009EB44118A7C082C42F027
:1032A0004002304B8A7408D1D9F810212E491140C0
:1032B0002E4A0A43C9F8102103E00A693A401A432A
:1032C0000A6108F12008DBE7294C8046A146226903
:1032D000284B234F134043F4041343F0400323616E
:1032E00068F07F0221462846227607F021FD28BBA0
:1032F00008F10108B8F1090F18D009EB48118A7CD0
:10330000B8F1080F42F02002164B8A7408D1D9F8A0
:10331000102115491140154A0A43C9F8102103E04C
:103320000A693A401A430A612034D9E796F8803096
:1033300023F0720343F0720386F8803009B0BDE8D1
:10334000F08300BF5412002085380100D01A0020FD
:1033500070080020781300209AEA01000000BEFFE8
:103360000000F9FF400006000000F7FFFF01080021
:10337000581200200000DEFF10B50C461146204612
:1033800007F0F2FC207E08F030F80146034808F010
:103390003BF80120FFF70CFF002010BD9C1400201B
:1033A00008B5064A0B7EC2F80C3543F48073C2F8A8
:1033B0000C35087EFFF7B6FC002008BD0060035006
:1033C00010B50C7E4FF0FF324FF0FF33114803F081
:1033D00057FA2046FFF720FC012304F00F02934028
:1033E000DB430D4A14F0800F15BFD2F81015D2F848
:1033F00014150B400B4014BFC2F81035C2F8143539
:10340000044803F009FA4FF48002044B0020C3F88B
:10341000042110BDDC0600200060035000E100E044
:103420002DE9F04FB24BDFF8CC82D3F85421B24FE4
:1034300085B00AB30022C3F85421D3F804239102C3
:103440001AD5D3F8C034002B14BF4FF001224FF42B
:103450008072AA4B9B683BB998F8000007F0C5FF43
:103460000123834022EA03023B681343A44A3B60E2
:10347000136823F0012313609D4BD3F8604134B1EE
:103480000022C3F86021D3F86C44C3F86C44D3F82D
:1034900028214AB10022C3F828219A4B187807F056
:1034A000A4FF012383401C4398F8005098F9009032
:1034B0002A0700F1FF80B9F1000FB4BF924B934B84
:1034C00005F00F02920013441A683AB3002228460E
:1034D0001A60FFF785FB8E4B00F001001A78504010
:1034E00018708C4B28461A6807F07FFFC240D3073C
:1034F000064600F1F680B9F1000F80F2E280882DD7
:1035000000F0DF8001237E4AB34011680B43136053
:10351000812388F80030794803F07EF98CB14FF0B0
:1035200001093B6824F00121754A0B433B60136895
:10353000DFF8E4A123EA01031360A4B2002C40F0F9
:10354000F7806B4BD3F800214AB10022C3F8002169
:10355000724B04211A70704B186807F010FC644B12
:10356000D3F858212AB30022C3F85821D3F80044D5
:10357000E005C3F8004405D50122684B08201A7005
:10358000FFF716FEA10505D50022644B10201A7026
:10359000FFF70EFE62050CD5604B1A784AB1002287
:1035A0001A700122524B2020C3F808259A65FFF7B4
:1035B000FFFD4F4BDFF85CA1D3F85C31F3B14F4B0B
:1035C0009B681BB998F800305B0617D00022484B67
:1035D0000420C3F85C21DAF80030494A23F00113D3
:1035E000CAF800303B6823F4803343F001033B60AA
:1035F000136823F001131360FFF7DAFDDAF80060B7
:103600003B681E4000F02381394BD3F82C95B9F16B
:10361000000F40F01C8100220023384803F030F9ED
:10362000002840F0148116F0012314BF93FAA3F68A
:1036300096FAA6F6B6FA86F6F4B20F2EC8BF103C7C
:10364000354BCCBFE4B244F080041868214607F043
:103650005DFB019007F086FB4FFA84FB04F0080342
:10366000BBF1000F0246029380F29C80019A058A0A
:10367000518BC368C1F30A018D4240F28A800D4626
:103680004FF0000903F06042B2F1005F05D0194627
:103690002A46234809F056FF214BB9F1000F00F0EC
:1036A000B2800121DAF80020B14022EA0102CAF812
:1036B0000020A8E01B4B1C4A33EA290328BF13460D
:1036C00002E71A48314607F09FFE0220FFF770FD1F
:1036D000B9F1000FFFF616AF013D062D7FF612AFD0
:1036E00016E7002DF4D10122014BDA6410E700BF88
:1036F000006003509416002050120020DC060020C9
:1037000048120020951600200861035030610350D4
:10371000931600204C120020541200209616002010
:1037200004120020506103502C61035098140020B3
:1037300094FAA4F5B5FA85F509FA05F345F0800584
:103740002946DAF8000024EA030407F0DFFA07F05C
:1037500009FB06462846FFF743FA014606F10C002E
:1037600006F086F8338A002B7FF4E8AE304607F087
:10377000FDFA18B1304607F0FDFADFE6284607F0FB
:1037800034FE01463D4807F03FFE0220FFF710FDE2
:10379000D4E6019307F0EAFA80F00109019B5FFA91
:1037A00089F96FE704F00801354B002952D0D3F8AE
:1037B000C03413F4803F08BF9946118AD068558AF7
:1037C00043186D1A51690393401A2D1A4D4528BFAD
:1037D0004D4602F10C002946029206F021F8019BA9
:1037E000598BDDE90223C1F30A0149457FF459AF42
:1037F0005169D068B2F812C0401A128AACEB0001CD
:1038000091423FF44EAF01203A6800FA06F622EAF0
:10381000060204F008013A6088F80040184AF1B93D
:10382000142104F00F0401FB0421BBF1000FB5BF0C
:1038300002EB84020A34C1F80036C1F80037B5BF84
:10384000C1F80456C1F80457506042F8240005B08E
:10385000BDE8F08F04F5947153F82190ADE7BBF10A
:10386000000FB5BFC2F8A036C2F8A037C2F8A45600
:10387000C2F8A457B4BF50629064E8E798140020DF
:10388000006003502DE9F04F0446AC4D85B04FF079
:10389000FF384FF0FF3900224FF0FF31CDE90089AA
:1038A000A74809F044FE4FF0FF31A54809F03BFE60
:1038B000074638072ED5A34842464B4602F0E0FFA4
:1038C000EFF31182202383F31288BFF36F8F9E4B97
:1038D0001B787BB1D5F8003413F400730AD10121B1
:1038E000C5F82C15D5F82C15D5F80014890548BF56
:1038F000C5F82C3582F31188BFF36F8F914802F021
:103900008BFF0121204607F0EAF90022032120461F
:1039100007F035FAFE0608D50021204607F0DFF94A
:1039200000220221204607F02AFAB80608D5002115
:10393000204607F0D4F900220221204607F01FFAA2
:10394000B9075DD4FA070CD50022804BD3E8EF8F7E
:10395000C3E8E12F0029F9D10126B8F1000F40F0AA
:10396000AD80790734D54FF0000C794B83F800C057
:10397000D5F88004C0B28DF80800D5F88414C9B217
:103980008DF80910D5F88834D5F88C2443EA022341
:103990009BB2ADF80A30D5F89024D5F8946442EA89
:1039A0000622ADF80C20D5F89824D5F89C6442EA9C
:1039B000062292B2674EADF80E20002840F09780A4
:1039C000052940F0948001213170002A00F09B808D
:1039D0007B067FF55CAF206984304FF0FF324FF0FB
:1039E000FF3302F025FE5C4E3168002940F0BE80B6
:1039F0005A4803F04FF92069843002F08BFE46E705
:103A00000022574BD3E8EF8FC3E8E12F0029F9D10B
:103A10004FF0010AB8F1000F94D098FAA8F3B3FA66
:103A200083F31E460F2BC6BFA3F11006F6B246F075
:103A300080060AFA03F328EA0308330631462046D3
:103A400027D507F063F9834607F088F98146D8B196
:103A50000021584607F067F900224946204607F042
:103A60009AF9802E10D13A4B002183F800A020460D
:103A7000C5F850A007F04AF907F070F9014618B1EF
:103A80000022204607F087F931462046FFF7E0F98B
:103A9000C0E707F03BF9834607F060F9814640B183
:103AA0000021584607F03FF900224946204607F01A
:103AB00072F931462046FFF701FAABE798FAA8F30E
:103AC000B3FA83F319460F2BC6BFA3F11001C9B295
:103AD00041F0800106FA03F30A06204628EA0308AB
:103AE00002D5FFF7B5F938E7FFF7E8F935E71D4AE2
:103AF00086F800C0D5F8703412789A420AD10022B4
:103B0000194B1A7014E003F07F03ADF80A30ADF8DA
:103B10000C20F4E70123144A337013704FF4A063B0
:103B2000ADF80830D5F87034CDF80CC0ADF80A30D7
:103B3000204602A907F056F94AE700BF006003508B
:103B4000EC060020DC060020961600209C140020C5
:103B50009B1600209A16002044120020F806002030
:103B600098140020981600209916002091FAA1F7C9
:103B7000B7FA87F739460F2FC8BFA7F110012046C3
:103B8000CCBFC9B241F0800107F0C0F8804690F880
:103B900018904FF0FF324FF0FF33124802F070FEE2
:103BA0004846FFF739F80F4802F036FE4FF480021E
:103BB0000D4B4146C3F80421204607F004F90021CB
:103BC000404607F0B0F80123BB40DB43074AD2E888
:103BD000EF0F1840C2E8E10F0029F8D13268134016
:103BE000336001E7DC06002000E100E098140020CB
:103BF000084B70B5C31A0D4607499B10044659433C
:103C00004022064807F042FC2B4601462046BDE80C
:103C100070401847B4140020B76DDBB698D9010086
:103C2000402373B50B4C0093041B0B460D460A4909
:103C3000A41061430646094A094807F052FC0146B0
:103C400028B130462B4602B0BDE87040184702B09C
:103C500070BD00BFB4140020B76DDBB651B50100D4
:103C600098D901002DE9F8430022012107460520DB
:103C7000FDF73CFB114801F0FFF80446C0B901F024
:103C80002FF925464FF01C094FF00C083E690C49EE
:103C900009FB056005F0E3FB031E0CDB012308FBB9
:103CA00005661D44042DB367F0D12046BDE8F883B6
:103CB0006FF00404F9E71C46F7E700BFED3D010093
:103CC00088E101001FB5002201236C46CDE90223E3
:103CD0006B46074ACDE9004407F033FC28B94FF49E
:103CE00080420023684602F0CBFD04B010BD00BF47
:103CF0007BB5010010B5EFF31184202383F3128804
:103D0000BFF36F8F074A136823F00201DB071160CE
:103D100002D4012008F072FA84F31188BFF36F8F88
:103D200010BD00BF541500200C22104B014602FBB1
:103D30000033002030B4D3E91C521867EFF3118030
:103D4000202484F31288BFF36F8F9C6F04F0C004AB
:103D500044F002049C6780F31188BFF36F8F1DB19C
:103D60002B4630BC0248184730BC7047B4140020C2
:103D700098D9010010B4EFF31180202282F3128849
:103D8000BFF36F8F17490B6843F0020413F0010370
:103D90000C601AD04FF05023D3F80C14D3F80C3425
:103DA00013F0010311D0EFF3118182F31288BFF3F6
:103DB0006F8F0D4A936F03F0C00343F002039367C4
:103DC00081F31188BFF36F8F012380F31188BFF354
:103DD0006F8F1BB1002010BCFFF7A6BF012010BCE5
:103DE00008F0FDB954150020B4140020092813D898
:103DF000DFE800F005101212121212120E0C074B1F
:103E0000986F10F0070007D1FFF78EBF0220FBE785
:103E10000320F9E70120F7E7704700BFB414002042
:103E2000C3B21C20014A00FB03207047B4140020D9
:103E30002DE9F041012280463749D1E8EF3FC1E842
:103E4000E02F0028F9D133B9344935484B60CB60B5
:103E50008A6005F017FB08F1FF33012B4FD8B8F14A
:103E6000010F07D14FF05023D3F81C3403F00303A4
:103E7000022B44D009F031F9054658B1EFF3118611
:103E8000202383F31288BFF36F8F01254FF0502456
:103E9000244F22E0244B1B78002BEFD04FF050230F
:103EA00002220646C3F80823F0E755B3304605F072
:103EB0005FFCD4F81835DBB2012B0ED1D4F8042105
:103EC0005AB10022C4F80421D4F804210222C4F813
:103ED00018252022C7F88021A360D4F81824D4F82C
:103EE0001834D203E1D503F00303022B02D0B8F15A
:103EF000010FDAD155B186F31188BFF36F8FBDE89A
:103F0000F0810021212009F082F9D2E74FF05023FF
:103F10000222C3F80423F2E7B0140020A01400200A
:103F2000D014002000E100E0CE16002008B50748BC
:103F300008F087FE38B10648FDF7F0FC0448FCF7AE
:103F40002BFC002008BD6FF01200FBE7ECD901004C
:103F5000553F01000A2838B50446074D04D1AB6827
:103F60000D2128465B689847AB6803485B68E1B25F
:103F70009847204638BD00BFECD901002DE9F04339
:103F800040F206364768D00648BF4FF0030C3B7C32
:103F900002EA060658BFC2F3401C87B001F01F05B5
:103FA000B6F5837F144645EA43158DF803C043D028
:103FB0000DD8062E16D005D8A6B1022E3ED06FF031
:103FC000150036E0B6F5807FF9D101260AE040F20F
:103FD0000222964234D0B6F5407F33D0B6F5007F4A
:103FE000EDD1022622032FD501237A688B409360FE
:103FF000B86890BB05F01F036D092CD0012D75D159
:104000003C4A02EB8302C4F30043D2F8001283F06F
:104010000103C4F3404444EA430421F4706144EAD8
:104020008C0421F00F0144EA06230B43C2F800324E
:10403000002007B0BDE8F0830726D3E70426D1E7C8
:104040000526CFE70326CDE7630341BF01237A6846
:104050008B40D360CCE7284AD3E729460DF1020212
:1040600008F08BFB14F4403F80460CD12946B86819
:1040700008F09CFBB8F1000FDAD19DF80210B86887
:1040800001F04AF9D4E74FF0000901ABCDE90199FD
:10409000CDE90439CDF80C902946B86803AA08F098
:1040A00041FA4845C4DB14F4003314D09DF80330C2
:1040B000C4F3004484F001048DF80E308DF80C60D8
:1040C0008DF80D404B462946B86803AA08F0DDFA82
:1040D0000028CFDAACE7CDE904330DF103030393F5
:1040E0002946B86803AA08F01DFAF1E7803350F8B2
:1040F0002330FFDE00288450002584504209034607
:1041000070B502D0012A17D070BD0D4E32695168CA
:104110000029F9D0012503F01F030C689D400029F8
:10412000F2D08A682A4002D030464B6898472CB1BA
:10413000236821461C46F2E7024EE7E72346F8E7EC
:10414000D0D90100B4D9010038B54568A86890B14C
:1041500008F026FB014670B9A86801F0ABF80446E8
:1041600058B902460649A86808F004FB2246052112
:104170000D20FDF7BBF8002038BD6FF00400FBE711
:10418000FD400100F0B544681646A068227C01F0AD
:104190001F0587B045EA421500286CD0B6F5001F10
:1041A00004D1294608F054FB002055E06268607C89
:1041B000B6F5800F50624FF0000001AA01905060E8
:1041C00037D1B3F1007F14BF052304238DF80430E9
:1041D0000023CDE904230393E3680DF1030723FAD9
:1041E00001F111F0010139D1B6F1A07F36D105F00E
:1041F0001F036A0903F1800326D0012A3ED1214A18
:1042000052F82330DB0729D43A462946A06808F043
:10421000B4FA16301AD002972946A06803AA08F00B
:1042200081F9002818DB01222946A06808F0C0FAAD
:10423000BAE7B3F1C06F05D0B3F1007F14BF01231B
:104240000223C3E70323C1E70F4AD9E73946A06831
:1042500001F06CF80028DEDA07B0F0BD3A462946D6
:10426000A06808F08AFA0028D6D19DF80310A0684B
:1042700001F052F8D0E76FF08500EDE751F82330F8
:10428000FFDE00BF0028845000258450044B054AFF
:1042900001219362044A09201A600022FDF726B822
:1042A000701500207003002000900050036803F098
:1042B0001F025B09026004D0012B034818BF0020D5
:1042C00070470248704700BF002884500025845082
:1042D0002DE9F74F154607464FF0010800EB810125
:1042E000B94203D1002003B0BDE8F08F3A68C2F3B1
:1042F000C323082BC2F3080400F2AD805748C65C04
:1043000040F2FF139C4208BF4FF0FF34B2F10C5F44
:104310004FEA126316D2032B16D9043B1E2B13D877
:10432000DFE803F0151C211212121235411212128D
:10433000121212121212444D5053121212565B5E98
:10434000616467004E2B13D06FF08500CBE74FF010
:104350000009C5F80845621C2FD051E04FF0010953
:10436000C5F80C45F7E7C5F810454FF0000915E012
:10437000C5F81445631C20D001A80194FFF796FFEF
:10438000019B4FF0010908FA03F3836040E0C5F890
:104390000845002EE9D14FF000090626601C0CD01C
:1043A0004FF0000A36E0C5F80C45F2E7C5F8604565
:1043B0007B88621C03F001031ED1043790E7C5F827
:1043C0006445F5E7C5F86845F2E7C5F86C45EFE7E1
:1043D000C5F824454FF00109E0E7C5F82845C9E7CD
:1043E000C5F83045F6E7C5F83445F3E7C5F8384574
:1043F000F0E7C5F83C45BDE7002BBDD14FF0010902
:1044000001A80194FFF752FF019B08FA03F3C36070
:104410004FF0010AD7F800B001A81BF4004F1CBFF1
:104420004FF001094FF0000A0194FFF73FFF019B95
:104430000B4C00EB8300D0F80022CBF3412B33026E
:1044400043EA8B0343EA0A031440234343EA490344
:10445000C0F80032B1E76FF0150044E77DEB0100D2
:10446000F0F0FCFF08B578B108494FF4004E8C46D7
:104470000021E0FB0EC100236046054AFBF76AFFFE
:10448000BDE8084008F0C3BE08BD00BF3F420F00B2
:1044900040420F002DE9F04198468B880E46990462
:1044A00007461546046900F182804FF0FF324FF055
:1044B000FF3304F16C0002F0E3F92666002D7FD192
:1044C000C4F890500023C4F8943004F1A80204F119
:1044D000940104F1900007F0EBFB0546C4F8A4003A
:1044E000B8F1000F74D1C4F898800023C4F89C3050
:1044F00004F1B00204F19C0104F1980007F0D8FB2C
:1045000000231A46D4F894C0C4F8AC00C4F88C3028
:10451000624566D100221146D4F89CE0714568D10D
:1045200093422CBFC4F8A030C4F8A02015B1D4F831
:10453000A8302BB900286FD0D4F8B030002B6BD046
:104540003146384600F0BCF8054610BB04F15C0863
:10455000E66504F1B405284602F0B8F9384630495A
:1045600007F026FD4FF0FF324FF0FF33284602F0F0
:1045700087F93146384607F01CFD384607F0F8FB4E
:10458000404607F067FB054600283BD1B3889A04F4
:104590000AD4E36D13B19B889B0405D400232366E2
:1045A00004F16C0002F038F92846BDE8F081636F31
:1045B000002B7FF47AAF236E9E427FF476AF7DE7C7
:1045C0002B68C4F89030002B3FF47CAF6B687AE71F
:1045D000D8F80030C4F89830002B86D0D8F80430D2
:1045E00084E7D4F8901001EBC201496801320B4412
:1045F0008EE7D4F898C00CEBC10CDCF804C0013194
:1046000062448BE710F1740FC3D1384607F009FDFF
:10461000404607F01FFBBCE76FF01505B9E700BF88
:10462000A3BE01000246184810B582420AD94FF0D5
:104630005023D3F858359B0703D1144B9A4228BF17
:10464000184610BD15D012488242FAD2114B9A4238
:1046500011D8114B9A4210D8104B9A420FD8104BD8
:104660009A420ED80F4C104B1048A24298BF1846E1
:10467000E7E71046E5E70E48E3E70E48E1E70E48B6
:10468000DFE70E48DDE700BF0024F4000048E80142
:1046900000127A00FF083D007F841E003F420F0099
:1046A0001FA107008FD0030048E8010090D003004D
:1046B00000093D0080841E0040420F0020A1070039
:1046C000F0B50569064695F828300C468BB00BB35B
:1046D000EA6A0B689A421DD12A6B4B689A4219D13B
:1046E00095F84030087D984214D1B5F844200B8BE2
:1046F0009A420FD16B6B8A68002877D0934209D118
:10470000AA6BCB685A4032F47F4003D1EA6B0B6945
:104710009A4269D0A288100500F1828012F0090047
:1047200040F0818002F4FC63B3F5807F7BD1216887
:10473000404B994277D92B687768D3F80835591CD4
:1047400010D012F0020203F01F0C4FF001014FEAEB
:10475000531352D1002B4ED08B4267D1364B01FA06
:104760000CF1D9604FF0FF3321680393BB7F0846FB
:104770008DF81230FFF756FFBB69984203D2084606
:10478000FFF750FF03460593A388990703F004023F
:104790003DD5002A0CBF02220322C3F300138DF87B
:1047A00019304FF0FF33079397F820308DF8182019
:1047B0008DF8203001238DF823308DF8243095F8C2
:1047C000283033B36946284608F0E5F860B905F1AA
:1047D0002C0304F11C0254F8041B944243F8041BFC
:1047E000F9D1012385F828300BB0F0BD9A4291D160
:1047F000AA6BCB688CE7114BB1E733B1012B17D112
:104800000D4B01FA0CF19960ACE70C4BF9E79208FB
:10481000C3E7334669462846094A08F09CF8D5E7BD
:104820006FF08500E0E76FF01500DDE7D260FFDE96
:104830008060FCE747E80100002884500025845090
:104840007BBF01000123834070B5DC430C4AD2E8F2
:10485000EF1F01EA0405C2E8E65F002EF7D14FF42E
:10486000803282400748C0F80823BFF35F8FBFF350
:104870006F8F03EA0100003818BF012070BD00BF30
:10488000F81500200050015070B4124922F07F4604
:10489000D1E90034D01AC31844F10004C1E900344E
:1048A000A6F50013B3F5400F09D20B4B1B681A0A8B
:1048B0001B069C19094B42F10005C3E90045EFF3C3
:1048C0001181202383F31288BFF36F8F70BC02F035
:1048D00051BF00BF38090020FC150020400900200E
:1048E000D9B101230D4A8340D2E8EFCF4CEA030C43
:1048F000C2E8E1CF0029F7D14FF48033084A834062
:10490000C2F80433074BD3E8AF3FC340DB0742BFD5
:104910004FF40012044BC3F800217047F815002033
:1049200000500150F415002000E100E00D4B186824
:10493000010A0006BFF35F8F0B4BD3F8043518183C
:1049400041F10001B3F5801F0AD2084BD3E90023DF
:10495000904271EB030303D210F1807041F100012A
:10496000704700BFFC150020005001504009002096
:104970002DE9F04F85B016461F4604469DF840A02D
:10498000FFF760FF0190FFF7D1FFB04271EB070323
:104990005CD23B4B301A67EB0101984271F1000188
:1049A00009D36FF0150520460199FFF799FF2846B6
:1049B00005B0BDE8F08F334B03EB0413D3E90223BA
:1049C0009F4208BF96424ED04FF480382E4908FAD5
:1049D00004F8204626F07F4BC1F8488307F080FB9F
:1049E0004FF00309584604F15005AD00ADB205F192
:1049F000502504F5A87305F580350293029A20F03E
:104A00007F4341F82230C1F84483D1F804351F4A6E
:104A1000C01A033820F07F40904224D9286868B13A
:104A2000D1F80435A3EB0B0020F07F40B0F5000F68
:104A3000039318D9204607F053FB039BBAF1000FEC
:104A4000AFD109EB030009F10109D7E7BAF1000F73
:104A5000A7D101230E4AA340D2E8EF0F1843C2E8C2
:104A6000E10F0029F8D107490E982301C8500F9B88
:104A700001EB04120025C2E90267536093E700BF0F
:104A8000010080002809002000500150FDFF7F0038
:104A9000F41500207FB500254FF0FF304FF0FF31B7
:104AA000194C1A4B0226C4F80833C4F84833184B83
:104AB000C4F80855C3E902014FF480334FF40012E3
:104AC000C4F80433134B0121C4F804631520C3F860
:104AD00080212A46FCF70AFC1520FCF7D7FB0123AE
:104AE0000D4AA360236013600C4B0D4A00932846C7
:104AF0000023CDE90155FFF73BFF3046FFF798F95A
:104B0000284604B070BD00BF0050015003000F00E4
:104B10002809002000E100E0F81500208948010084
:104B2000FFFF7F002DE9F7432D4BD3F804239107B6
:104B30000BD5D3F8042142B10022C3F80421294A3D
:104B4000D3F80431136801331360254CD4F80433CF
:104B5000DA033FD5244BD3E8EF2F22F00101C3E85D
:104B6000E01F0028F7D1D30702D4D4F840318BB32B
:104B70000025C4F84051D4F84031FFF7D7FEEFF3D9
:104B80001182202383F31288BFF36F8F174BD3E971
:104B90000267B042B94120D3D3E900984FF0FF300B
:104BA0004FF0FF311D60C3E902014FF48033C4F8B8
:104BB0004833C4F84051D4F8403182F31188BFF330
:104BC0006F8FB9F1000F05D032463B460020CDF87B
:104BD0000080C84703B0BDE8F083A946EDE700BFF9
:104BE00000500150FC150020F41500202809002079
:104BF00030B5431C124C85B005D08442A8BF044692
:104C0000012CB8BF0124FFF791FE0E4B0C4DD3E9E8
:104C10000013401AB0F5000F0FD22218AA4228BF85
:104C20002A46002052180849CDE90100009143F1BD
:104C30000003FFF79DFE05B030BD2A46F1E700BF37
:104C4000FFFF7F00380900208948010008B5FFF701
:104C50006DFE024B1B68C01A08BD00BF380900205A
:104C600008B507F058FA58B1614BD3F8202A3AB981
:104C70000D21C3F8201A0121C3F81C19C3F81C29FF
:104C80000022D30003F57F03D3F80013013107D0CE
:104C9000D3F800130132D3F80433202A0B60F0D18B
:104CA00007F039FA002840F09A8007F034FA40B152
:104CB000504B514AC3F830254FF050230122C3F81E
:104CC00058254FF47F03D3F83021D3F83431072A25
:104CD00006D1023B012B9EBF0022484BC3F84C2556
:104CE00007F019FA50B14FF05023D3F80024D10740
:104CF00042BF0022C3F81421C3F818214FF47F03E8
:104D0000D3F83021D3F83431072A09D14FF050239A
:104D1000D3F80024D20744BF6FF00102C3F8002487
:104D200007F0F9F918B16522314BC3F80C274FF49D
:104D30007F03D3F83021D3F83431072A16D12F4B13
:104D4000D3F82034002B11DA4FF050230322C3F89C
:104D5000182501229A60D3F80421002AFBD00022F2
:104D6000C3F804210122DA60C3F818254FF47F0349
:104D7000D3F83021D3F83431072A20D1023B022B5B
:104D80001DD97E221A4B1B49C3F80C27C3F83C29B6
:104D90007F231B4AC2F818310023C1F8043EC1F832
:104DA000083E01F54821C1F81031C2F82431C2F89B
:104DB0002C3102F5FF1202F58052C2F8A032114ADE
:104DC000D2F88C3043F44063C2F88C300E4A0F4B5B
:104DD0001168C3F84415D269C3F84C2508BD2922CF
:104DE000034BC3F80C270322C3F83C275DE700BF41
:104DF00000400050009003504400EFBE00200350DC
:104E00000020005000ED00E00080FF000060005036
:104E1000014B1860704700BF0016002010B5054B0D
:104E20001446186807F089F90028A4BF20700020F4
:104E300010BD00BF001600200123024A8340C2F8C3
:104E40000435704700700150014B00201B68184763
:104E500004160020014B1B68184700BF04160020F1
:104E6000014B09201B68184704160020014B08203D
:104E70001B6818470416002010B5144C237913BB87
:104E800001232371124B0028206018BF184600F040
:104E90003BF8D0B923680F48002B08BF184600F034
:104EA000BDF890B923680C48002B08BF184600F0E5
:104EB000FDF850B923680948002B08BF1846BDE823
:104EC000104000F067B86FF0770010BD04160020A6
:104ED000494E0100614E0100554E01006D4E01002A
:104EE00008B5074B1B6833B10520FCF7F1F910B981
:104EF0000520FCF7CBF90122024B1A7008BD00BF58
:104F000004160020CC160020074B0246187938B949
:104F10001A6001221A714FF05023C3F8142570470C
:104F20006FF07700704700BF0C1600204FF0502341
:104F30000022C3F80021D3F80021012208491A6099
:104F4000096811B1C3F804237047D3F80021002A7F
:104F5000FBD00022C3F80021D3F80031704700BF16
:104F60000C1600204FF05023D3F80423D2070DD5A0
:104F7000D3F8002152B10022C3F80021D3F8002158
:104F80000122C3F80823024B1B681847704700BF73
:104F90000C160020054B0246187918B91A60012238
:104FA0001A7170476FF07700704700BF1416002029
:104FB0004FF050230022C3F82021D3F820210122F2
:104FC0009A61094A126822B14FF48072C3F804232F
:104FD0007047D3F82021002AFBD00022C3F82021FB
:104FE000D3F82031704700BF141600204FF0502333
:104FF000D3F80423D2050ED5D3F820215AB10022CC
:10500000C3F82021D3F820214FF48072C3F808237D
:10501000014B1B681847704714160020074B0246C7
:10502000187938B91A6001221A714FF05023C3F869
:10503000802570476FF07700704700BF1C16002076
:105040004FF050230022C3F82421D3F82421012259
:105050001A62094A126822B14FF40072C3F804239D
:105060007047D3F82421002AFBD00022C3F8242162
:10507000D3F82431704700BF1C1600204FF0502396
:10508000D3F8042392050ED5D3F824215AB1002277
:10509000C3F82421D3F824214FF40072C3F8082365
:1050A000014B1B68184770471C160020074B02462F
:1050B000187938B91A6001221A714FF05023C3F8D9
:1050C000182570476FF07700704700BF2416002046
:1050D0004FF0502310B5D3F818141E4C11F4803F34
:1050E000D3F818241BD002F00302022A02D0012AAE
:1050F00012D101224FF05023C3F818250022C3F823
:105100000421D3F8042101229A602268A2B9D3F8BD
:105110000421002AFBD017E007F0E0F8E9E7D3F814
:105120001424D207E5D5D3F81C2402F00302013A77
:10513000012AF1D822681AB10222C3F8042310BD53
:10514000D3F80421002AFBD00022C3F80421D3F8AD
:105150000431F4E724160020F8B54FF05023012560
:105160000026D3F80443184F04F0820404B9F8BDB4
:10517000B4FA84F0C0F11F00830003F580739BB282
:1051800003F1502305FA00F2196892B224EA0204EE
:105190000029EBD01E601B684FF05023022AC3F891
:1051A00008230DD1D3F81814D3F8181401F0030113
:1051B000012905D1C3F81825C3F804239960D5E760
:1051C0003B68C0B29847D1E724160020036803F07B
:1051D0001F025B09026004D0012B034818BF0020A6
:1051E00070470248704700BF002884500025845053
:1051F000034A4309D35C00F01F001844C0B2704753
:1052000086EB0100024611F0010010B50BD18B07AF
:10521000C1F340000DD50749086A506008620038A4
:1052200018BF012005E0044C236A13602362002BA1
:10523000EDD010BD0028845000258450F7B50446F9
:105240000846FFF7D5FF04EB4006B38A0D46DB079F
:105250002AD5204607F044F92946204607F0B1F840
:1052600050B1204607F0C3F80023276807EB800001
:10527000C0F81035C0F810352946204607F0E0F890
:10528000002101A8B1820195FFF7A0FF019B00EB6F
:105290008300D0F80022064B134043F00203C0F80D
:1052A0000032084603B0F0BD6FF01500FAE700BF0A
:1052B000F0F0FCFF70B590F88C40054690F88D60DA
:1052C00024BB21466022143008F049F92146114BD5
:1052D000286853F836608E420ED10024C0F87C4115
:1052E000D0F87C3140F30730FBF7D0FF0123204694
:1052F00085F88C30AB6770BDCBB29B0003F5807234
:105300007C2B04BF845083580131E4E76FF07700B1
:10531000F1E700BF00E3010090F88D00024B03EBC2
:10532000800006F024BF00BF2C05002010B5064BFE
:1053300090F88D000C4603EB800006F0FEFE00287E
:10534000A4BF2070002010BD2C0500202DE9F04FD7
:10535000804658F804AB90F88D40DAF804136A4B95
:10536000C9B2074653F8342050468BB041F0004193
:1053700007F08FF8051E39DA0023CDE90833624BB8
:10538000E60003EBC404636808A819460093FFF71E
:1053900039FF331D03934FF0000B5C4B0DF12009D7
:1053A0000293029A584912F8013B0292039A02EBC7
:1053B000D3028A5C03F0070322FA03F3DB071BD452
:1053C0000BF10103022B4FF0010B09F10409E8D1A5
:1053D0004FF000410022504607F05BF8009908A802
:1053E000FFF710FF0028D6D125F000450124002D3D
:1053F00073D10BB0BDE8F08F454B5B440493D9F8F3
:105400000060002EDCD096FAA6F6B6FA86F6049B6B
:105410001C7846EA44142046FFF7EAFE07EB4000FA
:10542000818AF208C1F3820305930193012319F8DD
:10543000020006F0070603FA06F620EA060009F85D
:10544000020007A80794FFF7C1FE079A11F0100F9A
:1054500002F1800250F82260059BC6F3014623D07A
:105460004046019A214606F0CCFF07A80794FFF7B3
:10547000ADFE079BF6B2803350F82330C3F30143EF
:105480009E4207D10021204606F08CFF314620467F
:1054900006F088FF07A80794FFF798FE0122079BF4
:1054A00002FA03F30362AAE7022E14BF02210321CA
:1054B0002046059306F076FF059B032B03D0022EB2
:1054C00007D1012BE6D121464046019A06F099FF0B
:1054D000E0E7032EDED1022BF4E795FAA5F3B3FA49
:1054E00083F304FA03F225EA020503F5A2725AF8DF
:1054F000222007EB43034046B3F87C10C2F301427D
:1055000006F07FFF73E700BF00E3010096EB0100A8
:1055100096EB010010B50E4C2378ABB903780D4A19
:10552000C3F34003C2F8003B0378052003F00103F6
:10553000C2F80437FBF7CCFE10B90520FBF7A6FE36
:1055400001230020237010BD6FF07700FBE700BF40
:10555000CD160020004000504FF0502310B5D3F876
:10556000044361070AD5D3F808213AB10022C3F8F1
:105570000821D3F80831124B1B689847A2060CD5B6
:105580004FF05023D3F814213AB10020C3F814018E
:10559000D3F814310B4B1B68984763060FD54FF0B7
:1055A0005023D3F8182152B10022C3F81821D3F8A0
:1055B0001831044B0120BDE810401B68184710BD8E
:1055C000301600202C160020036803F01F025B0930
:1055D000026004D0012B034818BF00207047024826
:1055E000704700BF002884500025845070B54B7F61
:1055F00004460D467BB1012364264361002202214B
:10560000204607F052F920B9012006F094FD013E32
:10561000F4D100236B770021C4F8001507F021F9BD
:1056200020B1034B9C4208BFC4F8041C70BD00BFEE
:1056300000A0005073B51646421C1C460546069B4A
:1056400018D0012902D1BBB107F06DF901A801956D
:10565000FFF7BAFF019B240200EB8300D0F8002281
:10566000074B44EA86040C4313401C4344EA4101BF
:10567000C0F8001202B070BD07F061F9E6E700BFA4
:10568000F0F0FCFF4B69274A93420AD039D8264AEA
:10569000934206D033D8254A934202D0244A9342FB
:1056A0003AD191F823201AB191F82420002A36D15A
:1056B0000068204A904232D11F4A93422FD10B6892
:1056C0005A1C01D0082B27D14B685A1C01D0092B3A
:1056D00022D18B685A1C01D00A2B1DD191F82130A0
:1056E00023B1CB685A1C01D00B2B15D1CB695A1CA6
:1056F00015D00C2B14BF6FF01500002070470F4A17
:10570000CDE70F4A9342CCD004D80E4A9342C8D07A
:105710000D4AC4E7084AC2E76FF015007047002041
:10572000704700BF80841E0020A1070048E80100E8
:1057300090D0030000A000500048E80140420F0054
:105740000024F40000093D0000127A002DE9F74F13
:1057500091F8213007460C46002B00F0A98091F803
:1057600022806569714B9D4200F0BB8000F2AB80E6
:105770006F4B9D4200F0B88000F29D806D4B9D42C2
:1057800000F0B5806C4B9D4214BF4FF080454FF048
:10579000806594F8232097F8223062F3000387F89D
:1057A0002230227CDBB262F3410387F8223094F886
:1057B0002360002E32D16269604B01219A420CBFF6
:1057C0004FF003094FF00009237E3246012B94BFAE
:1057D00000230123009320684B46FFF72BFF009620
:1057E0004B46324601216068FFF724FF00964B4686
:1057F0003146A27EA068FFF71DFF237C324683F06E
:105800000103009301214B46E068FFF713FF0121DC
:1058100000914B463246E069FFF70CFF94F82130C7
:10582000002B6DD04FF0FF337B6294F8211094F879
:1058300012E0207E627E00296CD0E668217C94F81C
:10584000249094F820C03B68B9F1000F12D1D4E93C
:1058500000BAD4F80890E469C3F808B5C3F80CA5F9
:10586000C3F81095C3F86C45C3F81465C3F8681500
:10587000C3F86485003A18BF01220228C3F8C0E5C6
:10588000C3F8245549D003284AD0012801D142F059
:105890000202C3F85425C3F860C57B68002B42D0D0
:1058A000386840F3073003B0BDE8F04FFBF7EEBCBB
:1058B0004FF0020855E7224B9D4214BF4FF0804540
:1058C0004FF0805565E71F4B9D4213D01B4B9D4207
:1058D00013D01D4B9D4214BF4FF080454FF0004543
:1058E00057E74FF0005554E74FF0006551E74FF090
:1058F00000754EE74FF020654BE74FF0A05548E7A5
:10590000E3687B62227C97F8223062F3410387F8D8
:1059100022308AE74FF0FF3691E742F00402B8E701
:1059200042F00602B5E703B0BDE8F08F80841E00A8
:1059300020A1070048E8010090D003000048E801DA
:1059400040420F000024F40000127A00431C07B507
:1059500012D040F21F1398420ED0019001A8FFF719
:1059600033FE019B00EB8300D0F80022044B134070
:1059700043F00203C0F8003203B05DF804FB00BF3F
:10598000F0F0FCFF38B50446006840F30730FBF741
:105990008BFC636843B12146154A51F8043BC3F8B8
:1059A00008232068FFF722FE2368D3F80805D3F800
:1059B0000C15D3F8105594F82230DB0714D4FFF7F8
:1059C000C5FF2846FFF7C2FF0846FFF7BFFF606A22
:1059D000FFF7BCFF2368D3F86C05D3F81415FFF765
:1059E000B5FF0846FFF7B2FF002384F8203038BD2A
:1059F000520108002DE9FF4790F8213005460E4678
:105A00001746002B40F08C8043682BB112F0140F26
:105A100004BF012380F8213005F1100496E80F003F
:105A200084E80F00686A441C05D095F82230990775
:105A300018D506F078FF33682C6823B103F0604373
:105A4000B3F1005F06D1B3687BB103F06043B3F1FB
:105A5000005F0AD000236FF00C0085F8213004B0FD
:105A6000BDE8F08706F06BFFE5E717F0010318BF0C
:105A70000123C4F8503517F0020318BF0123C4F8FE
:105A800040350023D6E900A9D6E90281C4F844A52F
:105A9000C4F84895C4F83485C4F83815C4F81831EA
:105AA000D4F8183106F0DDFE28B11F4B9C4204BF2C
:105AB0000123C4F8043C072317F00806C4F8003596
:105AC00010D101226B68226163B9D4F81831002B20
:105AD000FBD0CDE902816A4640212046CDE900A9EC
:105AE00006F0E3FE6B6893B9686A421C05D095F82E
:105AF00022309B0708D506F022FF1EB92046291D3B
:105B0000FFF774FD0020AAE706F00DFFF5E740233C
:105B100017F0040F14BFC4F80833C4F80433F1E7D6
:105B20006FF00F009BE700BF00A0005030B500F001
:105B30001F04400911D0012811D10B4800EB84004B
:105B4000D0F80052094C1B0243EA82022C4042EA80
:105B500041012143C0F8001230BD0548EEE70023A3
:105B6000803453F82430FFDE00288450F0F0FCFF2E
:105B700000258450002203680849C260C3F8081356
:105B8000D3F8001221F4BC51C3F80012C3F8002569
:105B9000012380F8282080F82630704702029C01FB
:105BA00000232DE9F04780F827304B6805460E4664
:105BB0001746046833B1CB6803F06043B3F1005F6C
:105BC00040F040813378023B012B06D8336903F063
:105BD0006043B3F1005F40F035819C4BC4F808335B
:105BE00095F8283003F0FF023BB16FF00F08EB6827
:105BF000C4F804334046BDE8F08707F01403B3FA55
:105C000083F35B0985F82830337885F8243073787E
:105C100085F82530F3682B6173686B613369AB617C
:105C2000B3682F62EB61C7F3001385F829307378EE
:105C3000C4F88835C4F86021D4F86031C4F848212C
:105C4000D4F84831C4F82421D4F82431C4F804210C
:105C5000D4F8043117F0010318BF0123C4F85035FC
:105C600017F0020318BF0123C4F840353378032B23
:105C700000F28180DFE803F05E764A024FF4807321
:105C8000C4F80032D5E90423C4F84425C4F84835E3
:105C90000123A3604FF48011204606F02DFF002859
:105CA000F8D1D5E90623C4F84425C4F848354FF4A3
:105CB0008023EB604FF0000817F0080910D133780B
:105CC000032B0DD0012B6A686BD12360002A55D0BD
:105CD00073682BB96B68002B00F09280012363611D
:105CE0006B68002B00F08C80780744BF0023EB60CA
:105CF00079065EBFEB6843F00203EB60EB6843F4A8
:105D00000073EB60EB68C4F8043373E7D5E9042350
:105D1000C4F84425C4F84835D5E90623C4F8342529
:105D2000C4F838354FF48453C4F800320123236299
:105D30000223BEE7B806D5E90423C4F84425C4F815
:105D400048354BBF4FF480734FF40073C4F80032F2
:105D5000C4F800324CBF4FF480230223EB600123D0
:105D60002362A7E7D5E90423C4F83425C4F83835FD
:105D70004FF48053D8E76FF015089DE76A6902B9C0
:105D800063614FF0010ADFF8C8903249204606F0FF
:105D9000B3FE810501D5C4F814A010EA090FF4D0B0
:105DA00096E70123A360002A92D16A6932B3DFF833
:105DB000A0A019EA0A0F8BD12046264906F09CFEC6
:105DC00010F4007F8146F4D04FF08071204606F039
:105DD00093FED4F8003208B19A0505D4012222625C
:105DE000626140B14FF00009DB05E2D54FF480213C
:105DF000204606F081FE4FF00009DAE76361D6E73E
:105E00000022D4F8C434C4F8C43485F828206BB117
:105E10009A0756BF03F001086FF00D08A8F18C082F
:105E200013F0040F18BF6FF00A08E3E67B063FF596
:105E3000E1AE2046291D06F0F3FD002808BF6FF0F3
:105E40008B08D7E66FF00C08D4E600BF02029C0175
:105E5000020004000202040070B50568022186B049
:105E60000446284606F048FE4FF4007106462846D0
:105E700006F042FED0B1D6B9E3684FF08071C5F8A4
:105E800008330223E360E3682846C5F8043306F0CC
:105E900033FE18B1D5F800329B0502D401232B62E2
:105EA0006B61012384F8273006B070BDAEB3236A5E
:105EB0005E060AD494F827303BB92846211D06F027
:105EC000AFFD80F0010084F82700236A13F004037B
:105ED0003BD1C5F86031D5F86021C5F85C31D5F803
:105EE0005C3194F8293013B194F8273013B30023B0
:105EF000C5F80032E360314BC5F8083345F307338A
:105F0000002B17DB01215A0903F01F03994002F10E
:105F100060032B4A42F823100CE04FF480212846FE
:105F200006F0EAFD94F82430002B2FD194F82930A4
:105F3000002BDDD0A38CADF8043023690493636992
:105F40000293A3690593E3690393D5F8C4349807D2
:105F5000C5F8C4342CD459072CD4DA072CD494F8BF
:105F600027309B00DBB28DF8003094F829300BB954
:105F700084F82830236A5B0703D594F82730002B78
:105F800092D0D4E90131684698478DE74FF4007309
:105F9000C5F8003240F20223E36003F1CE73C5F886
:105FA0000833E368C5F804330123AB602B627BE759
:105FB0000123D8E70223D6E70323D4E702029C019A
:105FC00000E100E00722024BC3F80423704700BF42
:105FD000007003500722024BC3F80823704700BF2C
:105FE00000700350072208B5044B3720C3F808237C
:105FF000FBF75AF90022024B1A6008BD00700350EB
:106000003416002010B50446FFF7ECFF2268054B5C
:1060100037201A600022044BC3F80821BDE8104065
:10602000FBF734B9341600200070035010B5114C42
:10603000D4F800312BB100200F4BC4F800011B68CD
:106040009847D4F8043133B10023C4F804310A4B23
:1060500001201B689847074BD3F8082142B1002262
:10606000C3F80821044B0220BDE810401B68184704
:1060700010BD00BF0070035034160020036803F009
:106080001F025B09026004D0012B034818BF0020E7
:1060900070470248704700BF002884500025845094
:1060A000F7B5064606F0A5FD084606F0A2FD01A8D4
:1060B0000196FFF7E3FF40F20D650C46019B2C496A
:1060C00000EB8300D0F8003201940B402B43C0F862
:1060D000003201A8FFF7D2FF019B012700EB8300EC
:1060E000D0F800320B402B43C0F80032042006F0F9
:1060F00022F8092501A80194FFF7C0FF019A03695E
:10610000D340DB0714D401A80196FFF7B7FF019B2A
:10611000013D07FA03F3C360042006F00CF8304693
:1061200006F067FD042006F006F815F0FF05E1D142
:1061300001A80194FFF7A2FF0123019A9340C360D5
:10614000042005F0F8FF204606F053FD042005F07A
:10615000F2FF01A80194FFF791FF019A0369D34070
:1061600013F0010F0CBF6FF08B00002003B0F0BDE7
:10617000F0F0FCFF38B5EFF31185202383F312888C
:10618000BFF36F8F064B9C6806F06EFD85F3118898
:10619000BFF36F8F2046BDE83840FBF733B900BF2F
:1061A0003816002038B50A4B53F82040013053F818
:1061B0002050A54200D838BD606830B1037EDB07AF
:1061C00001D406F026FD0834F3E723689847FAE780
:1061D00010E30100012270B52A4B86B003201A702B
:1061E000FFF7E0FFFBF7D6FC07F0ABF90420FFF761
:1061F000D9FF254C254D2646AE4204F130040FD37D
:1062000000F0DEFF204CAC4226D300F0EDFFFAF7A1
:106210003BFA1F4A938923F00103938106B070BDB6
:1062200054F80C3C059354F8103C049354F8143C77
:10623000039354F8183C029354F81C3C019354F80F
:10624000203C009354E90A2354E90C0100F09AFD24
:1062500054F8303C5E65CEE7D4E90A23B3F1FF3F42
:1062600008BFB2F1FF3F05D052EA0301206803D115
:1062700006F0E6FF3034C6E70649183001F0EAF9C7
:10628000F8E700BFCE160020D8DC0100D8DC010002
:10629000000A00209DD10100B82370B5144E86B0CD
:1062A00003FB0066134B012205930F23CDE9033254
:1062B0000023CDE9013314234FF4A0720E4D0F4992
:1062C00003FB0055044602FB00110D4B30460095C0
:1062D00000F058FD337C2C7423F004033374094B15
:1062E000013403EBC423EE606B6006B070BD00BFE9
:1062F000480900200FEB010038160020D0240020B0
:1063000009CE0100D01C00207FB50020FFF74AFF16
:10631000294B03F5006282F3088883F30A8800247E
:10632000E023264D85F82230EC772C766C76AC761F
:1063300085F820406B6A43F4E0236B6285F82340C4
:10634000FAF70CFFFBF748F84FF0FF33AB62EB6254
:10635000FBF72AFAFBF7C4F8194800F0A5FDFBF794
:10636000FBFB0120FFF71EFF0220164DFFF71AFF6F
:1063700000F064FF144B4FF480625D61134B1449CD
:10638000059301232846CDE90343CDE90144114B90
:10639000009400F0F7FC06462B7C284623F004030B
:1063A0002B7406F0D8FE2046FFF776FF31462846CC
:1063B000084AFAF7EFFF00BFD01C002000ED00E014
:1063C000B80A0020000A00203816002014EB010053
:1063D00010260020D561010038B5064C064DAC42B0
:1063E00001D3002038BD2046D4E9011206F081FC1B
:1063F0001434F4E7500600206406002030B5054B45
:1064000085B0DDE908450293CDE9004506F02FFC93
:1064100005B030BDC591010038B5074C074DAC4201
:1064200001D3002038BD204606F087FC08B91C3493
:10643000F5E76FF01500F5E7340600205006002060
:1064400073B50C46EFF31181202585F31288BFF355
:106450006F8FC5685DB125602B68C36083690133A8
:106460008361002081F31188BFF36F8F11E052EA3E
:10647000030603D16FF00B002560F3E7CDE900239D
:106480000246083000F0FAFD18B9034B9B685B69BF
:10649000236002B070BD00BF38160020F7B50D466E
:1064A00004469DF82010EFF31187202080F3128816
:1064B000BFF36F8F266AE068864240D22668B442F6
:1064C0001AD0CEB1304606F0AAFC06F1180006F04C
:1064D00045FF2946002554F8082F706907F032F867
:1064E0003046C6F8B45006F036FE2046394606F06F
:1064F00065FE284603B0F0BDA268A9B12946E0694F
:1065000007F020F8E369A26813446269E3619342EB
:1065100001D12369E3610020236A0133236287F3F9
:106520001188BFF36F8FE5E7A06923692946984278
:1065300008BF6069801AA06107F004F8EBE752EA2F
:1065400003010BD0074904F1080089684D61CDE9CA
:1065500000233946224600F091FDCBE76FF0220080
:10656000DDE700BF38160020F7B504460846EFF314
:106570001186202181F31288BFF36F8F216A0029D1
:106580003BD0A268A16906F0DDFFA369A268256877
:1065900013446269A361934204BF2369A361236A20
:1065A000AC4203F1FF33236236D02846002D34D0AD
:1065B000002706F034FC05F1180006F0CFFE6969EB
:1065C000A268E06906F0BEFFE369A26828461344AA
:1065D0006269E361934204BF2369E361236A013383
:1065E0002362C5F8B47006F0B6FD04F10800314628
:1065F00006F0E4FD384603B0F0BD52EA030111D0C5
:106600000A4989684861CDE900233146224604F1F0
:10661000080000F033FDEEE7002086F31188BFF399
:106620006F8FE8E76FF02200F7E700BF3816002011
:106630002DE9F341044617461E46EFF31188202347
:1066400083F31288BFF36F8F304BC2689B6872B1BF
:106650008068984217D057EA060216D188F311884D
:10666000BFF36F8F6FF00F0002B0BDE8F08193F9B8
:106670000E1001322161C4E9023288F31188BFF3A0
:106680006F8F0020F0E72169F3E793F90E1090F97E
:106690000E30994230DA9942A8BF194606F0D3FB72
:1066A000054622464146CDE90076194800F0E6FC51
:1066B0000028E6D0EFF31186202383F31288BFF37E
:1066C0006F8FA068D0B1236821699C420AD04BB17A
:1066D00093F90E309942A8BF19466FF07F03994293
:1066E000B8BF194606F0AFFB40B13146084806F086
:1066F00065FD6FF00A00B7E70025D2E7002DF4D161
:1067000086F31188BFF36F8FF3E700BF38160020C0
:10671000CF160020F8B583680546002B40D0234AE9
:10672000926893423FD1C368012B03D9013BC360F8
:106730000020F8BDEFF31187202383F31288BFF305
:106740006F8F0169806806F07EFB2C68A54207D137
:106750000023C5E9023387F31188BFF36F8FE7E7A2
:10676000002CF5D0D4E90032002613605A60237C57
:10677000C4E9006623F002032374A66004F1180044
:1067800006F0ECFDAC6094F90E3020462B61C4F8A5
:10679000B46006F0E0FC3946054806F00FFDC7E797
:1067A0006FF01500C5E74FF0FF30C2E73816002044
:1067B000CF16002037B51146EFF31185202282F362
:1067C0001288BFF36F8F04689CB12368426823F07E
:1067D00003039442036008BF43600121204606F092
:1067E000B6FB044685F31188BFF36F8F204603B0D4
:1067F00030BD51EA0302F5D000F10802CDE90013E3
:106800001046294600F03AFC0028EFD1014B9B6866
:106810005C69EBE73816002070B5EFF31186202392
:1068200083F31288BFF36F8F0468A0421BD0D4B1EA
:10683000D4E90032002513605A60237CC4E9005576
:1068400023F002032374A56004F1180006F086FD0E
:106850002046C4F8B45006F07EFC3146BDE87040D6
:10686000064806F0ABBCD0E902329A4218BF0133A9
:10687000836086F31188BFF36F8F70BDCF16002041
:1068800013B5EFF31181202484F31288BFF36F8FC7
:10689000846844B1013C846081F31188BFF36F8F39
:1068A000002002B010BD52EA030406D181F3118822
:1068B000BFF36F8F6FF00F00F3E7CDE900230246BF
:1068C000014800F0DBFBECE7CF16002070B5054671
:1068D000EFF31186202383F31288BFF36F8F002319
:1068E0002C68A54219D0C4B1D4E9003213605A60B3
:1068F0000023227CC4E9003322F002022274A36048
:1069000004F1180006F02AFD6FF00A032046C4F8CF
:10691000B43006F020FC0123E2E70022AA6023B98C
:1069200086F31188BFF36F8F70BD3146BDE87040AC
:10693000014806F043BC00BFCF1600202DE9FF41FF
:1069400004462027534EEFF3118887F31288BFF3D4
:106950006F8FD4F8BC50F5B9022104F1D40006F0D1
:106960002FFB002870D004F1CC050022012128461D
:1069700006F086FC0028F8D100234FF0FF32029386
:106980004FF0FF334146CDE90023434804F1C402F0
:1069900000F082FDD7E7D4F8C0202B689542C4F8F8
:1069A000BC3008BFC4F8C030D4F8D43043F0020380
:1069B000C4F8D430EB6823F0040343F00103EB6028
:1069C0006B6888F31188BFF36F8F28469847EFF301
:1069D000118887F31288BFF36F8FEB68D80623F016
:1069E00001023ED4EA60EB689A0717D5306823F0BD
:1069F0000203EB6090B10021036878B142689542D0
:106A00003DD10368002934D172683360904200D1CF
:106A10007360002340F8083BFFF7FEFED4F8D43043
:106A200023F00203C4F8D430DB0530D4D4F8BC30F2
:106A3000003B18BF012388F31188BFF36F8F002B31
:106A400081D000F003FC7EE7D4F8D430D90693D58A
:106A5000C4F8D40088F31188BFF36F8F04B0BDE889
:106A6000F08123F01103EB6005F11000FFF7D4FE75
:106A7000B9E70B607368984208BF7160C9E70146C7
:106A80001BB11A6818461346B7E71A46FAE70023FF
:106A9000D1E700BF5C160020CF160020F8B5C36810
:106AA00004469A070E46C3F3400542D45F0742D41A
:106AB0000B680BB983680B60E368D80742BFA36813
:106AC00002253360376858BF012557B31B4B9A68BE
:106AD000D7F8B8309A421ED106F0FFFA80F00100D4
:106AE000C0B2D7F8D430D907C3F380021CD5F2B1B5
:106AF000F8B100232360D7F8C03073B9C7E92F4439
:106B0000384606F077FAE36843F00403E36033683D
:106B1000A3602846F8BD0020E3E71C60C7F8C0402A
:106B2000EEE76FF0150506E06FF0120503E01B07B6
:106B3000DFD56FF00F0500233360EAE73816002039
:106B40000146014806F0A0BA900B0020F0B50446BB
:106B5000002089B00E9DC4E92F0004F1C400C4E9EF
:106B6000310004F1CC00C4E9330055B32879002882
:106B700040F2011008BF0120C4F8D40000204FF0FB
:106B8000FF364FF0FF37CDE90330CDE90100CDE905
:106B9000066720460C4B009400F05AF955B129685D
:106BA00011B1204600F0DEF86B791BB1A38943F0E8
:106BB0000103A381204606F043FBC4F8B84009B0A6
:106BC000F0BD0120D8E700BF3D69010037B5019055
:106BD0000846EFF31184202181F31288BFF36F8FF1
:106BE000C16811F01E0F16D153EA020508D101A9A0
:106BF000FFF754FF84F31188BFF36F8F03B030BDEC
:106C000041F00801C160019910308161034900F031
:106C100021FD0120EEE70020ECE700BF03D00100DA
:106C200001460148FFF7D2BF900B0020F7B50C4694
:106C300016461D460190EFF31187202383F3128837
:106C4000BFF36F8F084606F0C6F955EA060309D16F
:106C5000204601A9FFF722FF87F31188BFF36F8F4A
:106C600003B0F0BDE368324643F00803E360019BE4
:106C70000449A36204F110002B4600F0EBFC012054
:106C8000EAE700BF03D0010001460148FFF7CEBF8D
:106C9000900B00202DE9F0410546EFF311872023EA
:106CA00083F31288BFF36F8F0468A0421BD0D4B166
:106CB0000026204606F004FA04F1180006F04EFB08
:106CC000B0462046C4F8B48006F045FA2C68013678
:106CD000A54210D07CB1204606F0F2F904F118006C
:106CE00006F03CFBEDE787F31188BFF36F8F0026BA
:106CF0003046BDE8F0813946014806F05FFAF7E713
:106D0000CF1600202DE9F3411C4652EA0403074642
:106D10000D46164608D10846FFF7FCFC6FF00A0442
:106D2000204602B0BDE8F081EFF31188202383F301
:106D30001288BFF36F8F0846FFF7ECFCCDE90064C3
:106D40003A464146064800F099F904460028E7D142
:106D50004FF0FF324FF0FF332846FFF769FCDFE7C3
:106D6000CF16002010B5044608B9054B9C681F22B9
:106D700004F17C0006F0FBFB002084F89B0010BDB2
:106D8000381600202DE9F04F984685B000F15803E1
:106D9000C0E91633129B002583810423D61D26F0FB
:106DA00007060374119B01EB060A0F46C0E906555E
:106DB000514685608373C5730446DDF838B0DDF84D
:106DC0004C90F9F7C9FF109B073020F00700C4E989
:106DD0002776C4F8A40002930F9BAAEB0006CDE926
:106DE00000B33246434639462046FAF7B7FA0F9BBE
:106DF000C4E91A8B2367109B65656367EFF3118302
:106E0000202282F31288BFF36F8F104F3A6A3C62E0
:106E1000A26783F31188BFF36F8FB9F1000F11D010
:106E20001F22494604F17C0006F0A1FB84F89B5028
:106E3000BB680BB1D3F8A8303046C4F8A83005B011
:106E4000BDE8F08F84F87C90F2E700BF3816002090
:106E5000F0B5002587B00595109DDDE91276049503
:106E60000F9D044603950E9D02950D9D01950C9D69
:106E70000095FFF787FFB6F1FF3F08BFB7F1FF3F6F
:106E800005D056EA070305D1204606F0D9F9204679
:106E900007B0F0BD3A46334604F11800014900F04E
:106EA000D9FBF4E79DD10100012303748381002302
:106EB000C0E92733C0F8A830014B9860704700BF85
:106EC000381600206FF00A01094A9368C3F8B4101D
:106ED0000849C3F8B0004B6843F080534B6000236F
:106EE00083F31188BFF36F8F9368D3F8B4007047B2
:106EF0003816002000ED00E070B590F91020037CFA
:106F0000002A2FDBD9062DD11A4C63F07F032246CD
:106F1000037452F8183FE169934207D1C0E9002198
:106F20000860E0610FE09942F8D01B68002BF5D0B3
:106F300093F90E6090F90E50AE42F4DD5968C0E945
:106F4000003108605860A569954200D005B9E56830
:106F5000A3681A7CD20606D1DA897F2A03D9AA69E6
:106F60000AB9636170BDAB4202D0284600F0D6FA80
:106F70006561F7E73816002038B590F91020014612
:106F8000002A037C04DA03F07F03037406F0ABF8F5
:106F90000D4D2A4652F8184FAB68944200D004B900
:106FA000EC688B4207D01A7CD20604D1DA897F2A9A
:106FB00001D9A2692AB1A34202D0204600F0AEFA5C
:106FC00023466B6138BD00BF38160020B3F1FF3F88
:106FD00008BFB2F1FF3F03D00249183000F03ABBBE
:106FE000704700BF9DD10100034648B9EFF3058209
:106FF00032B9064A51699268914201D0FFF762BFE7
:1070000083F31188BFF36F8F704700BF38160020DD
:1070100038B5184CA168E0690B68814214BF1A4664
:10702000002249680B605960A368E1692AB9124AD5
:10703000C3E900210B60E3610AE092F90E5093F975
:107040000E00854212DD5168C3E900210B605360D8
:10705000A569094B9D4200D005B9E568A3689D422A
:1070600002D0284600F05AFA656138BD8A42DED067
:107070001268DBE73816002050160020F8B5DDE96D
:1070800006670D4B0C46986811460C4A1060EFF3EA
:107090001182202282F31288BFF36F8F9D682846E9
:1070A00006F033F8284632463B46FFF78FFF20466E
:1070B000BDE8F840FFF706BF381600206416002030
:1070C000F8B50446EFF31187202383F31288BFF34A
:1070D0006F8F037C49B203F01F02002A0CBF012608
:1070E000002635D103F07F032A4D037405F0FBFF22
:1070F0002A46037C817363F07F03037452F8183FC0
:10710000E869934207D1C4E900200460EC610DE016
:107110009842F8D01B68002BF5D093F90EC08C452F
:10712000F6DD5968C4E900310C605C60AC699442DA
:1071300000D004B9EC68AB689C4202D0204600F055
:10714000EDF96C6187F31188BFF36F8F3046F8BD9E
:107150009B071CD5856805F0C6FF81732B689D428F
:1071600009D16B68C4E900531C606C60EAE76A6887
:107170009A42F6D01B68002BF3D093F90E208A4276
:10718000F5DD5A68C4E9003214605C60DAE78173A7
:10719000D8E700BF38160020034648B9EFF3058250
:1071A00032B9064A51699268914201D0FFF78ABE0E
:1071B00083F31188BFF36F8F704700BF381600202C
:1071C000EFF31181202383F31288BFF36F8F054BF8
:1071D0009A68D37B013BD37381F31188BFF36F8F20
:1071E000704700BF3816002070B5EFF311862023DA
:1071F00083F31288BFF36F8F0F4DAB68DA7B0132D8
:10720000DA732A4652F8184F944200D004B9EC6859
:107210001A7CD20604D1DA897F2A01D9A2692AB15F
:107220009C4202D0204600F079F923466B6130463B
:10723000BDE87040FFF7D8BE38160020024B03F1BE
:107240001802C3E9062270473816002070B5EFF324
:107250001186202383F31288BFF36F8F1A4CA16825
:10726000E0690B68814214BF1A46002249680B602E
:107270005960A368E1692AB9144AC3E900210B6087
:10728000E3610AE092F90E5093F90E00854216DD93
:107290005168C3E900210B605360A5690B4B9D4207
:1072A00000D005B9E568A3689D4202D0284600F0E9
:1072B00035F965613046BDE87040FFF703BE8A428C
:1072C000DAD01268D7E700BF381600205016002029
:1072D000F8B550EA010306460C4603D1FFF7B6FFA6
:1072E0000020F8BDEFF31187202383F31288BFF34A
:1072F0006F8F124D124BA8681860FFF73DFEA8680B
:10730000234632460F49183000F0A4F9AA68044613
:10731000137C384643F004031374FFF7D3FDAB68C6
:10732000D3E90A23B3F1004F08BF002AD8D106F0F1
:107330004AF8201A20EAE070D3E700BF3816002090
:10734000641600209DD10100014B9868704700BF72
:10735000381600202DE9F84304468789EFF311869B
:10736000202383F31288BFF36F8F037C190705D5A1
:1073700086F31188BFF36F8FBDE8F883D90943F016
:10738000080272D10274A36813B1204605F0B3FE5F
:1073900004F1180005F0E2FFA56D04F15808A845B6
:1073A00011D04FF0000975B1284605F0A4FE05F193
:1073B000180005F0D3FF2846C5F8B490FFF79CFDF0
:1073C000A56DA845EFD1DFF8C480D8F808309C42FD
:1073D00053D1EFF30589B9F1000918BF4FF0010946
:1073E000D8F818502A4A954200D00DB9D8F80C5058
:1073F000AB4202D0284600F091F82046C8F814505D
:1074000002F093F9204600F0D9F8B9F1000F02D04C
:107410002048FFF749FDD8F808309C4230D1EFF3FF
:1074200005836BBBA289D20711D586F31188BFF300
:107430006F8F83F31188BFF36F8F0423184602DF29
:10744000EFF31186202383F31288BFF36F8F30464A
:10745000FFF738FDFB078FD5002383F31188BFF3B7
:107460006F8F0423184602DF86E703F07F0343F0A3
:107470000803037405F037FE85E74FF00009AFE716
:1074800086F31188BFF36F8FE4E700BF3816002042
:1074900050160020B80A0020D3B5DDE90667089C25
:1074A000CDE90067FFF7EAFD1CB1034B9B685B6900
:1074B000236002B0D0BD00BF38160020027C034616
:1074C00012F01F0210D10A4988420DD009490868FC
:1074D00068B1D9897F2909D893F90E20064B1B681A
:1074E0009A42B8BF0020704700207047104670478E
:1074F0004809002034050020681600200122044BB2
:10750000C01A044BC0105843034B1A54704700BFB5
:10751000700B0020ABAAAAAACF16002070B50C4BA6
:107520000C4D1E7CFFF7CAFF182303FB06550446CB
:10753000284605F013FF0022074B9A553CB1621E06
:107540002846BDE870400549D31700F083B870BDE8
:1075500038160020700B0020CF160020FD740100AB
:1075600038B5EFF31185202383F31288BFF36F8FB3
:107570000F4B104A9C681068A04206D1FFF7CEFF5F
:1075800085F31188BFF36F8F38BD00211B7C11601C
:10759000094AD35C002BF3D02046FFF78FFF002869
:1075A000EED0237CDB0601D1FFF732FD2046E5E774
:1075B0003816002064160020CF160020EFF311814A
:1075C000202383F31288BFF36F8F0A4A136A834222
:1075D00007D19B6F136281F31188BFF36F8F7047E0
:1075E0001346002BF7D09A6F8242F9D1826F9A67C7
:1075F000F1E700BF38160020024B1868984208BF18
:107600000020704738050020034B1B680BB9FDF7BD
:107610001DBB0020704700BF6C16002030B570B154
:107620000B4B5B6898420AD0036843B1D3E904214D
:10763000D0E90445121941EB0501C3E90421D0E961
:10764000003213605A600023C0E9003330BD00BF30
:1076500038050020B3F1FF3F08BFB2F1FF3F2DE92D
:10766000F84F0446994615461F467AD08160EFF3DD
:107670001188202383F31288BFF36F8FB9F1000FB5
:10768000DFF8E4A020DBFFF7BFFFDAE900270135D0
:1076900049F100092D1849EBE07306464FF0010946
:1076A000C4E90453AD1843EB0707FFF7A5FF0346F2
:1076B000DFF8B8E0DEF804A0EBB9C4E900EACAF8E4
:1076C0000040CEF8044028E06FF00103DAE9001230
:1076D0005B1A4FF0FF3161EB02025B1B62EB0902A8
:1076E000012B72F10001BCBF012300224FF0000901
:1076F000C0E90432D9E7D3E9041CD4E904208A4262
:1077000070EB0C0B24DA891A5A686CEB0000C3E9A1
:107710000410C4E9003214605C60FFF76DFF84421E
:107720000ED1134B1B685BB9B9F1000F02D1FFF703
:107730006BFF0646304605F0FAFD0021FDF758FACA
:1077400088F31188BFF36F8F28463946BDE8F88F5C
:10775000521A60EB0C005345C4E90420ADD01B68FD
:10776000AAE700252F46EFE7880B00203805002008
:107770006C1600202DE9F047DFF8A8900246C9F802
:1077800000000D46FFF738FF00260027DFF898803D
:107790004FEAE27ED8E9001350B1D0E9044CA2428E
:1077A0007EEB0C0A1ADAA41A6CEB0E06C0E904464A
:1077B0000024521843EB0E032046C8E90023C9F801
:1077C000004005F0B4FD2146FDF712FA85F311885B
:1077D000BFF36F8FBDE8F047FFF7C2BE611843EB00
:1077E000E473C0E90467C8E90013FFF717FF01223B
:1077F0004FF00043C0E9042385F31188BFF36F8F76
:1078000083689847EFF31185202383F31288BFF331
:107810006F8FD9F80020121BC9F80020FFF7ECFE8B
:10782000B6E700BF6C160020880B002010B5EFF300
:107830001184202383F31288BFF36F8FFFF7E4FED8
:107840000346054AD2E90001181841EBE37184F3BD
:107850001188BFF36F8F10BD880B002073B50446ED
:10786000EFF31186202383F31288BFF36F8F8368B1
:10787000594003EA02050A40534000220093094997
:107880006B46019205F01FFDDDE9003223EA020399
:1078900004F10C003146A36005F090FC284602B0CC
:1078A00070BD00BFE1D40100F8B507460C4616468E
:1078B00005F013FC08B10020F8BD0E4B9B68D3F80F
:1078C000A850002DF7D0221DF5D2EFF3118420230C
:1078D00083F31288BFF36F8F284647F00401B04747
:1078E00084F31188BFF36F8F0028E4D040F8045B65
:1078F000E2E700BF381600200146024A0020FFF7E9
:10790000D3BF00BFBF91010007B5074B4FF48062A2
:10791000009306494FF0FF330548FFF717F90020A1
:1079200003B05DF804FB00BF28E30100102A00202B
:10793000900B002010B50A4C23681BB10123236073
:10794000002010BD00F0F4F80028F7D00138072817
:1079500003D8044B53F8200010BD034810BD00BFEE
:107960007016002034E30100FE8FFFFFBFF34F8F3E
:107970000549064BCA6802F4E0621343CB60BFF3CB
:107980004F8F00BFFDE700BF00ED00E00400FA05E7
:1079900030B44FF0FE3200250B4B0C4C0C494968BB
:1079A000C3F80024C3F80424C3F80824C3F80C2443
:1079B000C3F81024C3F81424C3F81824C3F81C24F3
:1079C000C4F8005530BC0847005084500040845033
:1079D00040050020024BD0E90012C3E900127047B5
:1079E0004005002010B5044650B1636813F0685F8D
:1079F00005D0064A934202D000236260236010BD86
:107A0000034B04485B689847EFE700BF2C5F5CA915
:107A10004005002054E30100C8B143680D4A934279
:107A200013D013F0685F0ED0012350E8002F1946E1
:107A300040E8001C9CF0000FF7D1012AF5D0BFF3FD
:107A40005F8F0020704704487047044870476FF408
:107A5000E04070472C5F5CA9E98FFFFFEA8FFFFFD2
:107A6000034680B1426809498A420AD012F0685F31
:107A700005D0BFF35F8F002210461A60704704489C
:107A80007047044870476FF4E04070472C5F5CA972
:107A9000E98FFFFFEA8FFFFF10B5044620B10023F6
:107AA000034A2360626010BD0248FFF771FFF6E7EA
:107AB0003A00003A7CE3010070B5184CD0F804C0DD
:107AC0000568C4F804C0D0F808C0C068C4F808C08D
:107AD000E06025600868124B124A186048685860D8
:107AE00088689860C8680969D8601961536813F09C
:107AF000685F05D000230C49104651601360A84709
:107B00000A48436813F0685F07D0002206492368DB
:107B1000C0E90021BDE87040184770BD5C05002039
:107B2000480500207C0500202C5F5CA9740500201E
:107B300008B500F013F830B900F014F828B9064A77
:107B4000C2F80C0A08BD032008BD00F009F800F0D7
:107B500043F8042008BD00BF005084500020704747
:107B60000020704710B5154800F05EF800B110BD58
:107B7000134800F059F80028F9D1124C204600F0C3
:107B800053F80028F3D1104B10481C6000F04CF85B
:107B90000028ECD10E4800F047F80028E7D10D4846
:107BA00000F042F801460028E1D100F039F804461F
:107BB00008B900F04DF8204610BD00BFBC050020FC
:107BC000B8050020B4050020AC050020B005002059
:107BD000A8050020A405002008B50B4800F02EF8E9
:107BE0000A4800F02BF80A4800F028F8094800F08D
:107BF00025F8094800F022F8084800F01FF8BDE811
:107C0000084000F00FB800BFBC050020B8050020F8
:107C1000B4050020B0050020A8050020A405002020
:107C200000207047704700BF08B5034B02681B680F
:107C300010689847002008BD5C05002008B5034B7C
:107C400002685B6810689847002008BD5C0500204A
:107C500070B5094C094D2069AB68984718B1084BBD
:107C600008485B6898470021074AEB681160206963
:107C7000BDE87040184700BF480500205C050020A3
:107C800040050020A0E301008C1600202DE9F04102
:107C90000126B24201DCBDE8F08107463B461F46A3
:107CA00013F8014B002CF6D0252CF8D11D780237A3
:107CB000252DF3D00023DFF8EC809C461C461F2CBA
:107CC00027D8A5F1200EBEF1100F06D828FA0EFE17
:107CD0001EF0010F53D12E2D3CD02E2D27D8242D50
:107CE00033D02A2D36D0BCF1000FD4D0B445D5D135
:107CF00045F020070B68A7F1650CBCF1020F01D914
:107D0000612F42D1073323F00703083301360B609C
:107D1000BFE77F2CDFD96C2D23D01DD8682D27D04D
:107D20006A2D01D04C2DDED144F4207408E0A5F179
:107D3000300EBEF1090FEED80A2404FB03E3202421
:107D400017F8015B002DBAD1CDE7BCF1000F18D0B8
:107D5000B34218D00023F3E7742DF1D07A2DEFD081
:107D6000C1E7250648BF44F4007444F08004E7E707
:107D7000E50548BF44F4007444F48074E0E700244F
:107D8000DEE79C46E6E76325B2E7692D02D007D817
:107D9000632D03D0250601D5A405B3D40433B5E77C
:107DA000732DF6E7892801002DE9F04F837893B011
:107DB0008046D0F804909C07CDE9081214D50B46F4
:107DC00000250B92187888B1252813D0013306932B
:107DD00041460135C847002880F2F28398F8023006
:107DE00043F0040388F802304FF0FF35284613B003
:107DF000BDE8F08F93F801A09A1CBAF1250F069206
:107E0000E6D04FF0000B5E465F465C461F2C23D841
:107E1000AAF12003102B22D8DFE803F01521211B43
:107E20002121210B2121211321182121090044F0B6
:107E30000104069B13F801AB0693BAF1000FE5D1DC
:107E40001BE044F0020444F00404F2E744F00804A8
:107E5000EFE744F01004ECE77F2C00F2F680BAF173
:107E60002E0F00F0D38000F2AC80BAF1240F00F0A6
:107E7000D380BAF12A0F00F0B480BBF1000F06D016
:107E8000099B5A460BA908980B93FFF7FFFE002E9B
:107E90004AF02003B8BF24F040040493A3F1650323
:107EA000BCBF0026A4B2022B04D94AF02003612BE8
:107EB00040F086826FEA0A0A0AF0200307930B9BC0
:107EC000073323F0070303F108020B92049A612A97
:107ED000D3E9000104F0400340F0E480002B079B4D
:107EE0000CAA44F4C05408BF4FF0FF360093334649
:107EF00005F06FFC01304FF0010CDDF830A0C3B28B
:107F0000B3420393A8BF03F1FF367023CDE9043CCD
:107F10000AF10903122B0DD90AF16303C62B40F2B3
:107F2000F3800AF2E73340F2CE7293428CBF04230F
:107F3000032305939DF83430D80700F1E780A207AA
:107F400000F1E780C4F3800B4FEA4B1B5FFA8BFB19
:107F500013F00C0F00F0E980BBF1000F0CBF0323FE
:107F60000423BB420EDA2007A7EB03070BD42F44F0
:107F700041462020C847002805F10105FFF62EAF35
:107F8000BD42F5D10027BBF1000F07D0414658464E
:107F9000C847002805F10105FFF620AF9DF83430F1
:107FA000AD4C13F0080FAD4B08BF1C4626463246B9
:107FB00016F8010B002840F0AF802C1B02EB040BDD
:107FC0007AE1AAF13003092B3FD814F0400F4FF0AB
:107FD0000A020ABF44F0200402FB063602FB073700
:107FE00027E7BBF1000F7FF424AF0B9A600652F82D
:107FF000043B0B9201D51E461BE7002BA7BF44F0A4
:1080000020041F465F4244F0280412E763063FF550
:10801000EDAE44F040040CE7BBF1000F3DD014F08E
:10802000400A099B0BA908980CBF3A4632460B93AD
:10803000FFF72CFE0B9B53F8042B0B93BAF1000FA8
:1080400001D01646F5E61746F3E6BAF16C0F16D0E6
:108050000CD8BAF1680F19D0BAF16A0F03D0BAF18F
:108060004C0F7FF40AAF44F42074E2E6BAF1740FC7
:108070003FF4DFAEBAF17A0F3FF4DBAEFDE6200647
:1080800048BF44F4007444F08004D2E6E30548BFDE
:1080900044F4007444F48074CBE65E46BB46344638
:1080A0003746C6E6002B049B08BF0626652B0FD17A
:1080B000721C44F48054D2B21346112A4FF0650E5C
:1080C0004FF0000228BF11239446CDF810E007E0DE
:1080D000049B662B10D144F40054B44601221123B2
:1080E000CDE9002C0CAA00F015FBDDF830A0C3B2DE
:1080F0000393022305930BE716F0FF02DCD16523FF
:10810000944604930123EBE7022312E74FF02D0B73
:108110001EE74FF02B0B1BE7079B4146C01AC0B26E
:10812000C8470028BFF643AF58E614F4405F40F05C
:108130009780039B002E03F1480308BF01266B4480
:10814000133B039A1AB113F8012D302A75D014F09D
:10815000100F039B18BF33461AF1040F72DBB245B0
:1081600070DA534544F400547DDD0AF101069E1B8C
:108170002AEAEA730133BBF1000F00D00133002E6D
:1081800073D0721C13449F42CCBFFF1A002714F017
:10819000090F03D12F44BD426BD10027BBF1000F63
:1081A00007D041465846C847002805F10105FFF6AB
:1081B00015AE230510D541463020C8470028FFF6EC
:1081C0000DAE079B41460235C3F1780000F0F80080
:1081D000C8470028FFF602AE200704D4AB467D193D
:1081E0005D454ED10027A10469D52AEAEA7376429B
:1081F000AAEB030A039A013B05F1010B524589BF23
:108200000CAA3020524450799E4242DC41460493ED
:10821000C84700280AF1010A049BFFF6DFAD5A1C8B
:1082200009D141462E200493C8470028FFF6D6AD59
:1082300005F1020B049B5D46DCE7039A013AD2B2DA
:1082400003927EE75E1E14F4006F059A14BF0523A7
:10825000032313448FE700BF26EB010022EB01004C
:10826000A10485D4EFE7002682E7E20648BF013388
:1082700089E741462020C847002805F101058ADA30
:10828000ACE541463020C84700280BF1010BA7DAC6
:10829000A4E541460393C8470028FFF69FADE606D4
:1082A0000AD5039B013307D105F1020B41462E206D
:1082B000C8470028FFF692AD5D465F4412E2414692
:1082C0009DF83500C8470028FFF688AD002E5DDD1B
:1082D00041462E20C8470028FFF680AD01240CAB94
:1082E000039A4146A346A242CABFE2183020507901
:1082F000C8470028FFF672AD01340CABA642EFDA96
:10830000AC1C5C44049B4146079A981AC0B2C8470B
:108310000028FFF663ADBAF1000F4146B6BF2D202D
:108320002B20CAF1000AC8470028FFF657AD059B6D
:10833000042B37D14FF47A7641460334BAFBF6F575
:1083400005F13000C0B2C8470028FFF647AD06FB74
:1083500015AA642641460134BAFBF6F505F1300052
:10836000C0B2C8470028FFF639AD06FB15AA0A2699
:1083700041460134BAFBF6F505F13000C0B2C847FA
:108380000028FFF62BAD06FB15AA12E0E40601D487
:108390006C1CB7E741462E20C847002805F10204AF
:1083A000B0DA1BE5059B0234032BD2D0059B012BD1
:1083B000DDD10AF1300004F1010B4146C0B277E78C
:1083C000AAF16303122B00F2E580DFE813F013003B
:1083D0005400E300E300E300E3005400E300E300A3
:1083E000E300E300E300FC00DD00E300E30029001C
:1083F000E300AB000B9B01260DF1300A1A1D1B6830
:108400000B928DF8303020072CD50AEB060B544622
:108410005C4529D1A5EB0A0ABF1B04EB0A0B4BE70D
:108420000B9B1A1D0B92D3F800A0A94BBAF1000FB9
:1084300008BF9A4614F0400F504614BF31464FF023
:10844000FF3105F0A7F80646DDE741462020C84782
:108450000028FFF6C3AC013CA642F6D32F443D1BD7
:108460002746D2E73C46F7E7414614F8010BC847D8
:108470000028CDDAB2E421060B9B32D5A2052BD51C
:10848000073323F0070303F10802D3E900010B923D
:1084900024F0100B00291FFA8BFB32DA40424BF418
:1084A000806B61EB41010CAC0A23224605F07EF89B
:1084B0001BF0400FA0EB040200F09C802BF00103A6
:1084C00096429BB240F39F80BAF1000F40F09D802E
:1084D0002BF011039BB21FE01A1D18680B92C117F5
:1084E000D6E71A1DE00519680B9201D40846F6E795
:1084F000A20547BF48B241F3C01108B241F3C031F1
:10850000C6E750EA0103CED16306CCD5002ECAD10E
:1085100024F011043246A3B2344640F206410B4225
:108520006FD126E024F010040A23A4B214F0800CCA
:108530000B9A4CD014F4007115BF0732101D22F0B5
:1085400007020B900FBF106802F108010B91D2E9EE
:10855000000150EA010247D124F0160B62061FFA0F
:108560008BFB45D5002E43D124F017043246A3B22D
:10857000344619075FD4D90704D5A74272DD3C1BE6
:10858000A6183C46A34650E044F0100410234FF0D8
:10859000780ACBE74AF02003782B04D1CAF178039C
:1085A00043F01003C2E741462520C8470028FFF6E4
:1085B00015AC41465046C8470028FFF60FAC0235BF
:1085C000069BFFF7FFBB08234FF0000AAEE7111D23
:1085D00010680B9114F48071BBD014F400711ABFB1
:1085E000C0B2614680B2B4E724F006041FFA84FBEF
:1085F0000CAC5AE714465B46D9068ED5BAF1000F8B
:1086000005D10134B5E71446F6E73446F4E7023401
:10861000AFE741462020CDE90332C8470028FFF6E6
:10862000DDAB0BF1010BDDE903325F45F1DC2C1B07
:1086300004EB0B055C46D90616D541463020039263
:10864000C8470028FFF6CAAB039ABAF1000F32D030
:10865000023541465046C8470028039AFFF6BEAB94
:108660002E441DE016468DE740F206410B42F7D03E
:1086700013F0020F05F101054146039214BF2B20B0
:10868000202013F4806F18BF2D20E4E741463020EE
:108690000392C847002805F10105039AFFF69EAB37
:1086A000731B9A42F2DB16460DF1300A2EB902EB2B
:1086B000050B3F1B00E60135D2E7013E4146039220
:1086C0001AF80600C8470028039AEFDAFFF786BBBE
:1086D0002AEB010041462020C847002805F101058A
:1086E000FFF67CAB7B1B002BF4DC69E71FB502AB0C
:1086F000074A00934FF0CC3305F035F8DDE902016D
:10870000C00840EA4170C90805B05DF804FB00BF2D
:10871000CDCCCCCC2DE9F04F9BB00F0D04460A9385
:108720009DF890300592C1F30A520C93C1F31303E4
:10873000C90F07917AB950EA03017ED10599302318
:1087400001274B71079B0A6043F002030B71384607
:108750001BB0BDE8F08F40F2FF718A420BD103439A
:10876000079B059A4FF0000714BF43F0080343F03E
:1087700004031371EBE7A2F2354A43F48015234357
:1087800004F001024FEA85080CBF27F0010701271A
:1087900048EA9478089208BF7F054FEA840602BF32
:1087A0007F0DB7FA87F77F09BAF1000FC0F2B680E4
:1087B000504600F0EFF9BAF1030FC8BF013804903A
:1087C00000F0F4F9049B7C3016A9A3EB0A0A82445A
:1087D000184600F07DFA12AB20462946019310ABF3
:1087E00016AA02970093534604F006FF049B044622
:1087F0000D46152B00F28E8014ABA94A3046414637
:1088000000934FF0CC33DDE9109A04F0ACFF149BD9
:10881000159A9B0843EA827303EB8303B34210D19A
:108820004146304600F0CAF9049B83428CBF4FF0AA
:1088300000084FF00108002715E01D46DFF864A28C
:108840009DE7089B002B55D1013E48F1FF31F01BFD
:1088500061F1000100F0B2F9049BDDF82080834251
:108860008CBF002701270C9B002B40F0C880DDF84F
:10887000289000264FF00A0B06960996DDE91001B4
:10888000FFF734FFDDE912A3CDE90D01194650468B
:108890000F93FFF72BFF0A4603460D990B908B426F
:1088A0000E9B72EB03010F9B80F0C480204629468B
:1088B0000F92FFF71BFF0B9B002E14BF4FF0000819
:1088C00008F001080F9A0BFB10460BFB03F50D9BFC
:1088D000F6B204461093554514BF002707F0010770
:1088E0000E9B0D46139211930B9B1293069B013323
:1088F0000693C3E7B01C48F1000100F05FF9049B48
:1089000083428CBF00200120B9EB00006AF1000215
:10891000CDE910024FF000084746A4E7CAF1000B6A
:10892000584600F03DF9BAF1FF3F0CBF8146A0F177
:108930000109ABEB090B0AEB09035846049300F05D
:1089400035F916A9A0F17D0A584600F04FF912AB8F
:10895000A9EB0A0A2046019310AB294616AA0093F8
:108960005346029704F048FEB9F1010F04460D4644
:108970000ED8089B13B94FF0010874E7109B4FF015
:108980000108119A013B42F1FF32CDE9103252E762
:10899000B9F13E0FBED84FF0FF33A9F12000C9F165
:1089A000200103FA09F203FA00F023FA01F103FAB5
:1089B00009F3024326EA03060A4328EA020856EAB4
:1089C00008060CBF4FF001084FF0000833E700FB2A
:1089D00002F60133A1FB001232448C4275EB020611
:1089E000F5D2049ADDF828901344259A1344D20F47
:1089F0009342B8BF13469945A8BF994639E70A2163
:108A0000002201230846E8E70BFB01FE0CF1010CF4
:108A1000A0FB0B017144844275EB010EF4D2CC45EE
:108A20000DDDB9F1000F02D154EA050107D0012391
:108A300009933BE70A2000214FF0010CEBE7002FE0
:108A400032D04FF00A0B50461946FFF74FFE0BFB92
:108A500000F20B9152450E9026D1002E14BF4FF01C
:108A6000000808F00108DDE91001FFF73FFE8A4623
:108A70000D9029462046FFF739FE0D9A0E9B0BFB01
:108A800010460D4604461293F6B2CDE9102A0B9A11
:108A90009A460B9B1392069A01320692D3E700BFC7
:108AA000CDCCCCCCCCFBFFFFB8F1000F05D0052E10
:108AB00003D104F001060436F6B2069BDDF81080FF
:108AC0009844099B53B9DDE912239D4208BF9442A3
:108AD00004D1089B002B4AD1002F48D0042E94BF0C
:108AE0000026012630194FF00A024FF000034FF024
:108AF000010745F100011446904271EB030538D29D
:108B0000F6B1B9451CDA0C9B6BB108EB0703259A4B
:108B1000DDF828901344012BB8BF01239945A8BF65
:108B200099464F450CDD053008F1010807F1FF3784
:108B30004FF00A024FF0000341F10001F7F70AFC81
:108B40004F450FFA88F8059BA8BF4F464FF0000924
:108B50003FB2B84408F1FF3607F105089844B9451B
:108B60000EDB059B1A461E60079B1371EFE501267D
:108B7000B8E704FB03F50137A2FB04232B44BBE752
:108B80000A220023F7F7E6FB303209F1010908F861
:108B9000012DE4E7014B5843800C7047413401003C
:108BA000014B5843000D7047FB2E0B00024B5843FE
:108BB000C00C0130704700BF4F93120070B50346E0
:108BC000094A00204FF0CC364FF0333506FB03F452
:108BD00002FB0144A3FB023121449D4275EB0104D9
:108BE00001D30130F2E770BDCDCCCCCC1A232DE9F6
:108BF000F04FB0FBF3FA334E03FB1A0389B004467F
:108C00000D4606EB0A1653B9D6E90023C1E9002345
:108C1000D6E90201C5E9020109B0BDE8F08F2A4A90
:108C200002EBC303D3E9008904AB404649460093F5
:108C3000D6E9022304F097FD06AB83460F46404673
:108C400049460093D6E9002304F08DFD00238146B8
:108C5000DDE9066216EB0B0652EB070828BF01237D
:108C600033B1049B059A013342F10002CDE904328D
:108C700020460391FFF79AFF07461A2000FB0AF0EF
:108C8000FFF794FF3F1A3246434648460399009740
:108C900004F080FD0D4A4FEA141C640004F01E032A
:108CA00052F82C40DC4004F003042418304641F113
:108CB0000001DDE90423C5E900414146009704F0C5
:108CC00069FDA7E7D8DE010008DE0100C0E301006E
:108CD0002DE9F04F1A2700F11905DFF8E0A089B05F
:108CE00004460E46B5FBF7F56F434FEA051B0AEB4A
:108CF00005153A1A0AD1D5E90023C1E90023D5E9BF
:108D00000201C6E9020109B0BDE8F08F2C4B03EB6C
:108D1000C203D3E9008904AB404649460093D5E934
:108D2000022304F020FD5AF80B206B68013ACDE9CC
:108D3000020106A963F1000340460091494604F090
:108D400012FD8A46029900238146DDE906526D181C
:108D5000039952EB010828BF012333B1049B059A04
:108D6000013342F10002CDE904323846FFF71EFF1D
:108D700007462046FFF71AFF3F1A2A464346484651
:108D80005146009704F006FD0E4A4FEA141C640099
:108D900004F01E0352F82C40DC4004F003040134BC
:108DA0002418284641F10001DDE90423C6E9004109
:108DB0004146009704F0EEFCA3E700BFA8DF0100E6
:108DC00008DE010014E401007047836800EBC10174
:108DD000B3F5004F2CBF51F8220031F81200704754
:108DE00000EBC1018068B0F5004F2CBF41F8223084
:108DF00021F812307047012208B5FFF7E6FFD04096
:108E000008BD836800EBC101B3F5004F08D34B6880
:108E10001AB143F001034B60704723F00103FAE7F6
:108E20004B881AB143F001034B80704723F00103D4
:108E3000FAE753000122FFF7D3BF08B58368B3F503
:108E4000004F06D3FFF7D7FF01288CBF0020012079
:108E500008BD0020FCE78368B3F5004F34BF04234E
:108E60000823C91A081AC00870478368B3F5004F71
:108E700028BF0139B1FA81F0C0F11F0070472DE918
:108E8000F041174603220E460446FFF79EFF864236
:108E9000054607F104080AD10122E368BA4023EA33
:108EA0000203E360002344F82830BDE8F081314636
:108EB00002222046FFF789FF06462B460146032281
:108EC000204644F82850FFF78BFF334629462046BA
:108ED000BDE8F0410222FFF783BF38B504460D46D6
:108EE000FFF7ABFF70B929462046FFF784FF014624
:108EF0002046FFF7BAFF294602462046BDE8384023
:108F0000FFF7BDBF38BD2DE9F04705468946FFF79D
:108F1000ACFF05EB800ADAF81070064677B94FF01F
:108F2000FF34EB680136B4401C4015D094FAA4F22B
:108F3000B2FA82F2131D55F8234009E03C464FF087
:108F4000030821462846FFF756FF484507D3324617
:108F500021462846FFF793FF2046BDE8F0872146CB
:108F600003222846FFF731FFB8F101080446CAF88A
:108F70001000D4D08742E4D1D1E72DE9F041144666
:108F80000E460546FFF737FFA4EB0608371B0744DC
:108F9000424631462846FFF74CFF3A4621462846CE
:108FA000FFF747FF4346002221462846FFF718FFF8
:108FB00021462846FFF71FFF3B462118002228467E
:108FC000BDE8F041FFF70CBF2DE9F041164604461D
:108FD0000F46FFF710FF314605462046FFF70BFF0F
:108FE00005442A4639462046FFF723FF31462046EE
:108FF000FFF701FF2B46311800222046BDE8F04163
:10900000FFF7EEBE2DE9F04104460D46FFF715FFD0
:10901000B8BB29462046FFF7EEFE01462046FFF783
:1090200024FF04EB80010E6996B90122E3688240B7
:109030001343E36002220D612B4629462046FFF7C9
:10904000CFFE032229462046BDE8F041FFF7C8BE07
:10905000022231462046FFF7B8FE0746034629465E
:109060002046FFF7BDFE0322334629462046FFF780
:10907000B7FE39462B462046FFF7B2FE02223146A4
:10908000E1E7BDE8F08170B500295CD005680122F8
:109090002846FFF7E0FE014604462846FFF795FE06
:1090A000104006D180F31188BFF36F8F0423184658
:1090B00002DF21462846FFF79EFE26183146002291
:1090C0002846FFF782FE361AB44206D082F3118892
:1090D000BFF36F8F0423184602DF00222146284683
:1090E000FFF78FFE2146FFF786FE26180122314644
:1090F0002846FFF76AFEC20708D431462846FFF724
:10910000ECFE324621462846FFF75EFF002221464C
:109110002846FFF75AFE261A012231462846FFF755
:1091200054FEC30709D431462846FFF7D6FE22462F
:1091300031462846FFF748FF344621462846BDE819
:109140007040FFF75FBF70BD70B5056809B90020BA
:1091500070BDAB6801F00704B3F5004F34BF0422C3
:10916000082207341444E40804EBD1049C4228BFCD
:109170001C4628462146FFF7C6FE06460028E6D0D4
:1091800001462846FFF737FEA04209D9344431464C
:1091900028462246FFF7F1FE21462846FFF732FF18
:1091A000284601223146FFF72CFEAB68B3F5004F8D
:1091B00034BF0423082303EBC6031844C8E7114651
:1091C000FFF7C2BF2DE9F8434B42066803EA0107E7
:1091D00031EA03031446B2680ED0B2F5004F2CBF3B
:1091E00008230423BB4228BF3B46B946CF1B94B992
:1091F00000252846BDE8F883B2F5004F34BF0423AC
:109200000823994204D82146BDE8F843FFF79CBFE4
:109210004FF00009EBE7B2F5004F34BF04250825F5
:10922000FB1AE10804F0070001EBD301073003F05B
:10923000070303442B4401EBD301914228BF11469D
:109240003046FFF760FE80460028D1D0B36809EBB6
:10925000C005B3F5004F34BF042308231D44354433
:109260007B1E1D44B5FBF7F57D43A5EB090529469B
:109270003046FFF7F0FD2C44073424F00704A41B0C
:10928000804507464FEAE40408D20246414630468C
:10929000FFF773FE41463046FFF7B4FE39463046CD
:1092A000FFF7A9FD3844844208D2394630462246A9
:1092B000FFF763FE21463046FFF7A4FE0122394640
:1092C0003046FFF79EFD94E7B2F5802F34BF0423AC
:1092D00008232DE9F0410026D21A8C18CD1D25F067
:1092E000070524F00704641BE408056021462846AE
:1092F000AC60EE60FFF7B9FD820002F11B07FF08CA
:109300003146043205F1100004F029F93A4631469D
:109310002846FFF78EFD3346324631462846FFF792
:109320005FFDA4EB0708284631460122FFF769FDDF
:1093300042463946FFF77DFD3B46324639462846D0
:10934000FFF74EFD21462846FFF773FD43463246A0
:1093500021462846FFF744FD214628460122FFF713
:1093600050FD3946BDE8F041FFF74CBE0020704784
:109370000FB407B504A951F8040B0191F7F712FADD
:1093800003B05DF804EB04B07047002203680BB92A
:10939000184670478B4210D10B6842B9426803608F
:1093A000914200D14360002301200B60704713609D
:1093B0004368994208BF4260F5E71A461B68E6E732
:1093C000038B13F0070306D10368002B18BF03209B
:1093D00008BF00207047022B05D1408BB0FA80F007
:1093E000400980007047012B04D10368002B18BF8F
:1093F0000520EDE70020704710B50C4600B111B90B
:109400006FF0150010BD081D00F0C6F80028F9D156
:10941000A368032BF6D9F3E72DE9F0410D46074683
:109420001946281D90461E4600F0C7F8044638B17C
:109430003346424629463846A446BDE8F0416047D7
:10944000BDE8F08110B4EFF31182202484F3128878
:10945000BFF36F8F416110BC0121F7F7D5B938B563
:109460000C46054658B151B10B6843B14B6833B156
:109470001C22002104F073F800202C6138BD6FF02D
:109480001500FBE7F8B504460E46FFF7B5FF051ECD
:109490003BDBEFF31182202383F31288BFF36F8F3E
:1094A0004FF6FF71638B278B8B4207F007072ED097
:1094B000062F2FD8DFE807F0182E082E1804180002
:1094C0006FF08505002303E0013363830225012348
:1094D00082F31188BFF36F8FBBB100233A46314648
:1094E0002046FFF799FF10E000233360636823B93B
:1094F000C4E9006627B13D46E4E71E606660F9E70F
:1095000002212046F7F780F93D462846F8BD6FF066
:109510000A05D7E76FF00405D4E710B5EFF3118221
:10952000202383F31288BFF36F8F048B04F00704AA
:10953000022C0AD0012C0CBF6FF004006FF08500E4
:1095400082F31188BFF36F8F08E0438B013B9BB21E
:10955000438323B92146F7F757F9204610BD20462B
:10956000EEE738B5A8B1A1B1EFF31185202282F35F
:109570001288BFF36F8F048BFFF707FF30B104F041
:10958000070085F31188BFF36F8F38BD6FF0770048
:10959000F7E76FF01500F8E7034658B1426802F0AC
:1095A0000302012A03D0032A04D1026812B1002069
:1095B000986070476FF0150070474268034602F0EC
:1095C0000302032A4FF00002816014BF10460068B6
:1095D0005A60704770B506460C888888241A30692E
:1095E000A4B2844285B224BF641BA4B22D1BA8B2CE
:1095F000984228BF18463368234413600B880344FD
:109600000B8070BD70B4838985880669ED1AADB290
:10961000731B934228BF134670BC0A46011DFFF717
:10962000D9BF70B40E460146C58831F80A3FEC1A1E
:10963000A3B2934228BF1346324670BCFFF7CABF9D
:1096400010B54B880C88E41AA4B294420ED31A4485
:1096500092B28B884A800A800069D21A92B2824202
:1096600001D2002010BD03448B80FAE76FF0150093
:10967000F8E72DE9F34106460F4615464FF000087E
:109680002A46304601A9FFF7BDFF044640B1024615
:109690003946019803F056FF2D1BA0442744EFD113
:1096A00042463046311DFFF7CBFF404602B0BDE8D1
:1096B000F0812DE9F34107460E4615464FF00008AC
:1096C0002A46384601A9FFF7ACFF044648B12EB13F
:1096D00002460199304603F035FF26442D1BA04475
:1096E000EED14246384607F10A01FFF7A9FF40468E
:1096F00002B0BDE8F0817047FEE703F030BF03F031
:1097000021BF01460068F7F7F3BA08B5F7F720FB69
:10971000BDE80840F7F766BE00210120F7F7E8BA78
:10972000D0F89C3083F30B8870476FF0850070474A
:1097300061B662B680F31188BFF36F8F704708B5CA
:1097400072B6002383F31188BFF36F8F00F098F88F
:1097500050B1BFF34F8F30BF00BF00BF00BF00BF8D
:1097600000BF00BF00BF00BF62B6BFF36F8F08BD70
:1097700010B5044672B6002383F31188BFF36F8FD0
:1097800000F07EF850B1BFF34F8F20BF00BF00BF85
:1097900000BF00BF00BF00BF00BF00BF84F311883F
:1097A000BFF36F8F62B610BD40E800F313F4803F43
:1097B000D8B208BF6FF01500704730B50C684B6821
:1097C00085B00A894D890094013B24F01F0423448D
:1097D00002F01F0242EA451223F01F0369468DF88A
:1097E00008200393F7F7B2FE05B030BD08B5F8F7CF
:1097F0008DF8002008BD002303824369C3607047D1
:10980000027A01320272704710B508B14B684360AA
:1098100000234C6808464B60F8F740F9204610BD1D
:109820008388026819448180D018704730B48488D6
:109830000568A3188380281930BC03F083BE10B5D7
:10984000838802685C1C8480D154D01810BD30B568
:10985000838802689D1C8580D418D154090A6170E0
:1098600030BD83885B1A9BB28380006818447047C0
:1098700003468288521A8280006808441860704744
:10988000F8F72AB94FF05023012270B50C4605466F
:10989000C3F814260020F8F7B5F928462346BDE89A
:1098A0007040002118472DE9F041064601200D4681
:1098B000F8F7A8F94FF47F03D3F830214FF0502484
:1098C000072AD3F834311BD1023B022B18D94FF0B1
:1098D000010800270520C4F81886C4F8147602F0A1
:1098E0002AFC4046C4F8148602F025FCC4F814761D
:1098F000C4F8187630462B46BDE8F04100211847E1
:109900000023C4F81436F5E74FF0FF324FF0FF3371
:109910000430FCF78DBEFCF7FDBE90F86C00C0F380
:1099200041107047F8B504461E460D461746FFF72E
:10993000EBFF94F86C309B0715D425B1012D10D0A6
:109940006FF0150508E0216F0029F9D000259DF87A
:1099500018300F714E718B71201DFFF7DCFF284608
:10996000F8BD616FF0E76FF07705F5E790F86C00F0
:10997000C0F38000704738B50446FDF721FC20464F
:10998000FFF7C2FFA06940B96FF01205201DFFF775
:10999000C2FFFDF729FC284638BD94F86C30DB0780
:1099A00016D403F04EF90028EED02046F8F7AAFFAF
:1099B00005460028EAD10146242204F1280003F0DC
:1099C000CEFD94F86C3043F0010384F86C30DDE791
:1099D0006FF07705DAE770B50446FDF7F1FB204636
:1099E000FFF792FF94F86C30DA0731D5C3F34001EA
:1099F0009B0730D4A06901F0CAFB0646A06901F0BC
:109A000056FC0546B0B9A36F4BB13146204600F075
:109A100087F90546A8B1A06901F071FC0AE0A069C8
:109A200001F0EDFBA0670028EFD1A06901F067FC11
:109A30006FF00B05201DFFF76EFFFDF7D5FB2846E5
:109A400070BD94F86C3043F0020384F86C30F1E799
:109A50004FF0FF35EEE76FF07705EBE70246034680
:109A600052F8640F90420BD100207047027A8A426C
:109A7000FBD09A6E8242F7D000680028F6D170477A
:109A80000028F3D1704738B504460D46FFF73CFF78
:109A900094F86C30DB0718D42B690BB9EB68BBB1B9
:109AA000636E1BB904F16403C4E919332B6893B9DD
:109AB000A26E04F16401C5E900121560A5661D4699
:109AC000201DFFF728FF284638BD4FF0FF35F7E788
:109AD0006FF01505F4E76FF07705F1E710B5044670
:109AE000034654F84C0FA0420DD100200DE0447DF8
:109AF0008C4204D1032909D1047A944205D01C6D0B
:109B00008442F2D000680028F1D110BD0F29F5E79A
:109B10002DE9F04105460C46061D4FF0FF324FF08F
:109B2000FF333046FCF784FD2F6F002F6DD095F882
:109B30006C30DB0769D4EB6C1BB905F14C03C5E94C
:109B400013332368002B63D1637D0F2B09D1237A54
:109B5000012B0CD02B6D05F14C02C4E900231C60D5
:109B60002C65637D032B0FD04FF0000806E02846DC
:109B7000E168FFF788FF80460028EBD03046FCF70D
:109B8000C9FD4046BDE8F081EA6C05F14C00904209
:109B90001ED1002329E091F815C0BCF1030F10D0AD
:109BA000013323724B68C4E900131C604C60637A74
:109BB000022B24D0032B25D0012BD5D1237ABB73C4
:109BC000D2E791F808C00CF1FF3C6345E8D1126878
:109BD000002ADED0517D2B6D03290DD19A42137AD4
:109BE00002D011680029D6D1013323722B6DC4E94C
:109BF00000031C602C65DAE79342E8D1C9E7237AB9
:109C0000FB73B1E7237A3B74AEE74FF0FF38B5E75B
:109C10006FF07708B2E70346006800B1187A704722
:109C20008388C2888168D21A03685B1AD01A704789
:109C30000346C08808B11878C009704770B50C4653
:109C4000154600F0E7FA40B1406883681B6823B10D
:109C50002A462146BDE87040184770BD38B58021BE
:109C60000446806901F0EEFA054650B101462046EF
:109C700000F074FC044610B12846F7F70FFF2046A9
:109C800038BD6FF00B04FAE738B50446806FFFF774
:109C9000B7FD0546FFF7AFFD2046294600F05EFC04
:109CA000044610B12846F7F7F9FE204638BDF8B54E
:109CB00004460D46174686680369A033D3E8AF3FD4
:109CC0009B070ED5B36A7BB1F36B98472946B36AFD
:109CD0003A4620469847336C054620469847284622
:109CE000F8BD4FF0FF35FAE76FF08505F7E770B57F
:109CF00004460D4686680369A033D3E8AF3F9B074F
:109D00000BD5F36B98472946736A20469847336C06
:109D1000054620469847284670BD4FF0FF35FAE7C4
:109D200010B5044619B9002084F8300010BDFFF7C3
:109D3000ABFF0028F7D0F9E738B590F830300D4682
:109D4000022B04D100F061F908B1C46804B938BD30
:109D50002B78032B05D0052B0ED0022B08D02468BE
:109D6000F4E7606883685B69002BF8D09847F6E7F2
:109D7000606883689B69F7E760688368DB69F3E77D
:109D8000012270B515460B685BB302F07F041034F6
:109D900023FA04F6F60710D5036823FA04F6F6074B
:109DA00002D46FF0150070BD05FA04F423EA040331
:109DB00003600B6823EA04030B60D340DE070DD574
:109DC000036823FA02F4E407EBD505FA02F423EA68
:109DD000040303600B6823EA04030B600132102ABA
:109DE000D1D10020DFE72DE9F04F836981461B695F
:109DF000026F93F880308FB0C3F34113022B0ED063
:109E0000032B0ED0012B0CBF10230823D371D9F8DC
:109E100054800026B8F1000F05D14046AFE0202362
:109E2000F4E74023F2E7D8F80430D8F80C40039365
:109E30000C9604967CB9049B039A09339BB29370E9
:109E40001B0AD3701671D8F80C40002C40F0B1807A
:109E5000D8F80080DDE7002560680D9583681B6BEE
:109E6000002B00F0A48029469847002800F09F802E
:109E7000C4E903553546A0F1040B5BF8043F0BB170
:109E80001A7822B9B5427DD86FF0150077E05A787C
:109E90000B2A08BF9D70DBF800305A78042A10D1D5
:109EA000E2680D990A43E260DA78002A58D101226B
:109EB0009D702369AA40134301352361EDB200234D
:109EC0000D93DBF800707B78052BD6D16FF0120074
:109ED0004FF0010AD9F8183008937A793B795FFA84
:109EE0008AF143EA0223ADF82E300C9B069397F9D2
:109EF0000230069A002BA3BF4FFA8AF3079353460A
:109F000041F08001BFBF4BB2079321F080031033B3
:109F1000DA40D2072BD40D9A22FA03F3DB0705921D
:109F200025D4BB79FA78089800930DF12E03099196
:109F300000F0B2FF0999D0B9079BB970002B4FF020
:109F40000103BCBF21F0800110318B4006980599B8
:109F5000BDF82E2019430343CDE90C31BA808CE7BC
:109F60006A1E9A700DA90CA8FFF70AFFA7E70AF16D
:109F7000010ABAF1100FB0D100283FF47EAF0FB044
:109F8000BDE8F08FE3680D9A1343E360606883686F
:109F90009B6AD3B198470028F1D10146606800F070
:109FA00000F9049B2E4603442468049342E7354697
:109FB000ECE7E36804F10C01A3600CA8FFF7E0FEF6
:109FC00000287FF461AF24683FE76FF08500D6E793
:109FD0004FF0FF324FF0FF330430FCF729BBFCF7A2
:109FE00099BB21B101290DD000231B68FFDE54303D
:109FF000006848B143685B79934205D00068002847
:10A00000F8D170475C30F3E7704710B590F8303006
:10A010000446022B09D1FFF780FC94F83820014652
:10A020002046BDE81040FFF7DCBF002010BD08B59A
:10A03000FFF7D7FF003818BF012008BD2DE9F04118
:10A0400004460E46FFF769FC94F838308046CBB9D9
:10A05000002E3BD0324641462046FFF7C2FF07465E
:10A06000A8B10246204600F0D0F9054688B984F828
:10A070003860FC6864B3606883681B6A03B1984702
:10A080002468F7E72046FFF7C0FF074620B96FF0C6
:10A090003C052846BDE8F0810146204600F08BF9DA
:10A0A00010220546002104F13A0003F058FA00237B
:10A0B00084F83830FF6817B9002DC9D0E9E778680F
:10A0C00083685B6A03B198473F68F4E784F83860B7
:10A0D0000025DEE7F8B504460E4615465768FFF73B
:10A0E00077FF94F86C30D9074BD4012E4CD0FB7914
:10A0F0009A0605D5A3691B6993F880309B0743D561
:10A10000002E41D1E36D53B9626D62B9236F6A6865
:10A110005B7C0133DBB25371226F53740EE09D42BE
:10A1200035D01B68EFE7954225D12A68EBB9A36DBE
:10A1300062659D4200D1A26500232B60A96841B1F0
:10A140002046FFF7E5FC064650B9A868FFF763FD17
:10A15000B87100232B60A36D83B9C4E9155500269F
:10A16000201DFFF73CFF3046F8BD1A60A26D9542F6
:10A1700008BFA365E0E713461268C6E71D60A56542
:10A18000EDE76FF00F06EBE76FF08506E8E76FF09D
:10A190001506E5E74FF0FF324FF0FF330430FCF7D0
:10A1A00047BA08B583681B6B0BB19847034600207C
:10A1B00023B153F8042B0AB1127802B908BD104438
:10A1C000F6E710B51C46FFF70CFF48B10122C06846
:10A1D00002FA04F320B10269134201D10068F9E7E1
:10A1E00010BD10B50C46FFF710FF48B10123C06841
:10A1F00003FA04F120B10369194201D10068F9E7BB
:10A2000010BDD1F81A0083681B6903B118476FF0BD
:10A210008500704770B5012501F07F0311F0800FB4
:10A2200018BF10339D4090F830300446022B01D007
:10A23000002070BD90F83860FFF76FFB3246014692
:10A240002046FFF7CEFE0028F2D0C0680028EFD0ED
:10A2500083681D42EDD10068F8E738B50C46FFF77A
:10A26000D4FE80B1C06870B14368DA681AB10023C7
:10A270001179994201DC0068F5E71568ED5CA542AB
:10A2800001D00133F5E738BD2DE9F04105461F4601
:10A290000846002A41D1F8F74DFB044600283CD07F
:10A2A0002846FFF777FF95F86C30DA072CD4D4F8FE
:10A2B000048004F11406D6E8AF3FDB0727D4D8F8B2
:10A2C00004300BB19D4222D13A4600212846FFF7C7
:10A2D00088FEF8B100232360036993B9C0E9034401
:10A2E000D6E8EF3F43F00103C6E8E23F002AF7D18A
:10A2F0000024C8F80450281DFCF70CFA2046BDE8DD
:10A30000F0811C600461EBE76FF00F04F3E76FF07E
:10A310007704F0E76FF03C04EDE76FF01204EDE72F
:10A320002DE9F8430D464C689846064617469DF8B9
:10A330002090FFF7F2FAA36801461B6B1BB96FF080
:10A340001500BDE8F883204698470028F7D0041F81
:10A3500000200C3554F8041F09B10B782BB90028E4
:10A3600014BF00206FF03C00EBE74B78042B0BD1BF
:10A37000F8B98B784345EDD1CB784B45EAD10B79D1
:10A38000002BDED00120E5E7052BE3D10028E1D04A
:10A39000012F07D0022FF5D12A468978B06900F045
:10A3A000C2F803E02A46B06900F0A1F80028E9D01D
:10A3B000C7E70020C5E7F8B50646CC680CB92046CB
:10A3C00022E0012504F10C07E268AAB165F07F03E1
:10A3D000D9B203F07F031033DA40D2070ED4E3681A
:10A3E000EB40DB0705D53A46B069E9B200F09BF8CF
:10A3F00050B90135102DE7D12468DFE73A46B0693E
:10A4000000F091F80028EAD0F8BD2DE9F3470024C8
:10A4100005460E46A146576897F805803B79A3424A
:10A4200003DC002002B0BDE8F0875FFA84FA314611
:10A43000534642462846FFF7C4FE014650B15346F4
:10A4400001222846CDF80090FFF76AFF0028E9D1E5
:10A450000134E3E76FF03C00E4E72DE9F743804681
:10A460000D461746FFF7BDFE064628B96FF00104FA
:10A47000204603B0BDE8F0830F2DF7D808EB05099F
:10A48000014699F83A402B46002240460097FFF7D4
:10A4900047FF0028EAD100942B460222314640466D
:10A4A000FFF73EFF04460028E2D12B460122314649
:10A4B00040460097FFF734FF04460028D8D1706863
:10A4C00083685B6813B13A462946984789F83A7021
:10A4D000CEE7012311F0800F18BF21F08001026840
:10A4E00018BF10318B4022EA03030360704737B571
:10A4F0008B790C46009315468B88CA78897800F0D2
:10A5000042FD70B994F90230A178002B4FF001039D
:10A51000B8BF21F080012A68B8BF10318B401343C7
:10A520002B6003B030BDF8B506460D46174600F067
:10A5300072FD044658B929463846FFF7CAFF294636
:10A54000304600F03BFE044608B9FCF77FFE20468B
:10A55000F8BD0A468069802100F060BE2DE9F04117
:10A560000B7E0C46590605462ED123B3FFF7FEF9A4
:10A5700070BB2846D5F87080268AEF8DFFF7CDF99D
:10A58000F8B1421E534253419B01228A9AB1BE4206
:10A59000324628BF3A46E98D91420CD9B2FBF3F11D
:10A5A00003FB11223AB994F91830002BBEBF637E29
:10A5B00043F0080363762146A869BDE8F04100F046
:10A5C000A0BD98F80730E0E76FF01500BDE8F08116
:10A5D0004FF0FF30FAE743689869F8F7E9BA70B5C9
:10A5E00091F918300546002B0C46466807DBC4F885
:10A5F0001A502146B069BDE8704000F082BD304677
:10A60000FFF7B4F90028F2D04FF0FF3070BD806939
:10A6100000F029BE38B5054680690C4600F017FDEC
:10A6200058B9012314F0800F18BF24F080046A6B1E
:10A6300018BF1034A34013436B6338BD70B5054693
:10A6400080690E4600F02DFD044620B9314605F123
:10A650003400FFF73EFF204670BD0B0648BF21F0D7
:10A660008001406B48BF1031C84000F001007047C6
:10A67000C36982B08DF8001001922BB102AB13E9CF
:10A68000060002B0F8F7B0B902B07047C36982B0F3
:10A690008DF8001001922BB102AB13E9060002B055
:10A6A000F8F7A2B902B07047704703695B68D868D1
:10A6B000704743680361037A63B1012B0CBF022327
:10A6C00003234375437A5A1E032A05D8DFE802F0B4
:10A6D000050505050123F4E700230375837A062B9E
:10A6E00009D0072B09D0052B0CBF0023032383754A
:10A6F000837EC37570470123F9E70223F7E70369F7
:10A7000093F8400030B1DA6B9388918910695B1A35
:10A710009BB2C01A7047036993F838007047036909
:10A7200093F8402012B993F8380070470120704721
:10A730000369C3E907127047D0E8AF0F084100F082
:10A740000100704703691B698833D3E8EF1F41F0AC
:10A750000201C3E8E21F002AF7D1704710B504696F
:10A76000606BFEF7A6FF10B1012384F8393010BDED
:10A7700010B50469606B4289C3889A4202D14FF0D8
:10A78000FF3010BD0122FEF794FF0028F7D004F13E
:10A790007800FCF7D5F90020F3E738B50469EFF34A
:10A7A0001185202383F31288BFF36F8FE06BFEF7D0
:10A7B00060FF85F31188BFF36F8F10B1012384F818
:10A7C000413038BD38B503461B6940685D68AC68E8
:10A7D000A37A84F8223094F82D3084F82330696805
:10A7E00041B1237C33B9FFF793F918B96868FFF7D3
:10A7F00012FA2074002038BD01238B40DB43D0E8DF
:10A80000EF2F1A40C0E8E12F0029F8D17047006906
:10A8100002218830FFF7F0BF006903218830FFF77D
:10A82000EBBF08B50369002118698830FFF7E4FF22
:10A83000BDE808400121FFF7DFBF03690121186966
:10A840008830FFF7D9BF2DE9F04750F8483C00F1B8
:10A8500040045B68064600212046D3F80090FFF7CD
:10A860006BFF00284CD001212046FFF765FF07460B
:10A87000002845D1D4E8EF3F43F02002C4E8E12F9F
:10A880000029F7D19B063BD4D9F8103040225B68F1
:10A8900048469B6893F83610FFF79DFE054650B971
:10A8A00020460521FFF7A8FF3046BDE8F0472122EA
:10A8B0000023FCF7B5B98246428A5AF80C1F56F8B5
:10A8C0000C0CFEF7F6FE804601465046FEF7A8FF48
:10A8D000B8F1000F04D008F03F08B8FA88F77F09F4
:10A8E0002946484606F82D7CFFF779FE40B12846F8
:10A8F000F7F7D4F82046BDE8F0470521FFF77CBF05
:10A90000BDE8F087F8B50D46016906460C6949684F
:10A91000476889682B7E91F83D102AB3994204D18B
:10A92000042104F18800FFF767FF33692A7E5B6822
:10A930009B6893F836309A4204D1052104F18800CF
:10A94000FFF75AFF33692A7E5B689B6893F82630CD
:10A950009A4203D104F18C00FBF7B8FF2946384630
:10A96000BDE8F840FFF753BE994214D12A8AE9683E
:10A97000606BFEF77EFE28B1E3691BB104F1240091
:10A98000FCF7DEF804F188000421FFF735FF04F13D
:10A990007800FCF7D5F833692A7E5B689B6893F8EA
:10A9A00036309A4215D1E3691BB104F12400FCF75B
:10A9B000C7F8052104F18800FFF71EFFE36B5A89F1
:10A9C000DB889A4205D00022002304F14800FCF7FE
:10A9D00027F933692A7E5B689B6893F826309A4290
:10A9E000BCD104F18C00FBF717FFB7E738B550F87E
:10A9F000783C02465B6800211D6800F11003184690
:10AA0000FFF79AFE90B301211846FFF795FE68BB49
:10AA100052F8441C8A8888890969121A92B28A1AE3
:10AA20003F2A23D9D3E8EF2F42F01001C3E8E01FFB
:10AA30000028F7D1D30619D42B6940225B68284639
:10AA40009B6893F83D10FFF7C6FD044670B1438A3A
:10AA50000146402B28BF402343822846FFF7BFFD15
:10AA600020B12046BDE83840F7F718B838BD38B5F2
:10AA700050F8083C0446002B4FD050F8243C00F11D
:10AA800064055B6802211A68002383828383284659
:10AA9000FFF752FEB8B154E9023110699847637D5F
:10AAA0001BB104F15400FCF74BF805212846FFF7D1
:10AAB00043FE98B9637F6BB10022002304F12400A8
:10AAC000FCF7AEF80AE003212846FFF735FE002820
:10AAD000E1D1E4E714F8093C002BEDD1022128462E
:10AAE000FFF72AFE38B123695A89DB889A4202D0DF
:10AAF0002046FCF725F803212846FFF71DFE60B12C
:10AB0000A2699388918912695B1A9BB29A4204D018
:10AB10002046BDE83840FCF713B838BD08B50369D6
:10AB2000022103F188021046FFF706FE28B1596B97
:10AB3000C8884989401A18BF012083F838000321CA
:10AB40001046FFF7F9FD40B1DA6B908891891269E0
:10AB5000401A80B2801A18BF012083F840000120FB
:10AB600008BD006900F18803D3E8EF1F41F0080138
:10AB7000C3E8E21F002AF7D1C26B9388918912695A
:10AB80005B1A9BB29A4202D02430FBF7D9BF7047C0
:10AB900038B5046904F18805D5E8EF3F43F00403B4
:10ABA000C5E8E23F002AF7D1636B5A89DB889A42F5
:10ABB00003D004F12400FBF7C3FF04212846FFF76C
:10ABC000BBFD28B904F17800BDE83840FBF7B8BFF9
:10ABD00038BD70B503691C6904F18805D5E8EF2F0D
:10ABE00042F00102C5E8E12F0029F7D102212846F1
:10ABF000FFF7A2FD10B11846FFF7CAFFE36B5A89B1
:10AC0000DB889A420AD103212846FFF795FD68B1F7
:10AC100004F12400BDE87040FBF792BF04F1480046
:10AC20000022BDE870400023FBF7FABF70BD38B5C5
:10AC30000446807AF6F7ACFE6169054649B1637A4D
:10AC4000DB0704D4C36920461B689B689847002330
:10AC5000636121462846BDE8384002F097B930B517
:10AC600009060546847C14D414F0400016D0298AC5
:10AC7000C3F30A00C1F30A01884222D802F003009C
:10AC8000022809D003280AD0012811D004F00100BD
:10AC900004E014F02000E9E7C4F3800030BD14F0B4
:10ACA0000200FBD013F4C05F09D0C4F30010F5E735
:10ACB00014F0080205D013F4C05FEFD0F5E70120CF
:10ACC000ECE70020EAE7A030D0E8AF0F00F0010089
:10ACD0007047A030D0E8AF0FC0F340007047036961
:10ACE000A033D3E8AF2F41B1D3E8EF1F41F0040107
:10ACF000C3E8E21F002AF7D17047D3E8EF1F21F025
:10AD00000401C3E8E21F002AF7D1704701F00F03E6
:10AD10000269090648BF103352F823007047007DCE
:10AD2000C0F300107047037D61F30413037570478F
:10AD300008B502691046FFF7C6FF60B9087E00F04B
:10AD40000F03000648BF103342F82310084602F0F4
:10AD50000AF9002008BD6FF00C00FBE70022002379
:10AD6000FBF728BD02F01CB902F005B9407EC0F324
:10AD7000C0007047437E23F00803437670471FB539
:10AD800004698DF80410CDE90220D4F8983001A9A7
:10AD9000984704B010BD1FB50346046906208DF81E
:10ADA00004002046CDE90213FFF78DFF40B1C1F842
:10ADB0001E201846D4F8982001A9904704B010BD71
:10ADC0004FF0FF30FAE738B505460C462046FFF74E
:10ADD000C5FF014600B938BD6FF070022846FFF785
:10ADE000DAFFF3E72DE9F843066907460D46D6F882
:10ADF0000090D6F840804FF0FF324FF0FF3306F15D
:10AE00008400FBF715FC4046FFF7A8FF014618BB7E
:10AE10004846FFF7A3FF044620BB99F8143023F0FF
:10AE2000100389F8143098F8143023F0100388F8D0
:10AE3000143024BB012286F8B020EDB12B68C6F88F
:10AE4000A8306B6886F8B120C6F8AC303869843019
:10AE5000BDE8F843FBF75EBC6FF067023846FFF7CA
:10AE60009AFFD0E7637EDB07D7D46FF067022146F5
:10AE70003846FFF790FFCBE786F8B150E6E72DB1F3
:10AE80000822294604F10C00FEF7D0FC00222146DE
:10AE90003846FFF780FFD9E72DE9F8430546884695
:10AEA00014461F46D0F80890FFF730FF06460028EA
:10AEB00034D02846D9F83C3098474146224630469F
:10AEC0003B88FFF7CCFE804688B183B92B6904F03C
:10AED000030493F88030DB0753BF40224FF48062B5
:10AEE0004FF400711146022C0DD0032C11D02846CE
:10AEF000D9F840309847B8F1000F14BF00206FF028
:10AF00008500BDE8F883338A8B4228BF0B463B801F
:10AF1000EDE7338A934228BF1346F8E76FF012003B
:10AF2000EFE72DE9F0470546894690461F46D0F8E1
:10AF300008A0FFF7EBFE044610B3067DF3071CD410
:10AF40003B4642464946FFF78AFEC8B19DF820308D
:10AF500026F0060684F81980678323772675DAF8C9
:10AF60001830214628469847B0FA80F3227D5B09C5
:10AF700063F300022275BDE8F0876FF07700FAE70F
:10AF80006FF01200F7E72DE9F3411F464B06044628
:10AF90000D461646D0F808801BD0D8F83C309847AC
:10AFA0002069FFF796FE88B19DF82030294600936E
:10AFB00032463B462046FFF7B4FF05462046D8F808
:10AFC00040309847284602B0BDE8F0814FF0FF3589
:10AFD000F4E76FF01505F5E770B505468668FFF7ED
:10AFE00095FE044688B1037DDB0711D50146F36960
:10AFF0002846984738B1237D03F00103227D63F38F
:10B000000002227570BD0346F8E76FF01200F9E701
:10B010006FF07700F6E770B54B0604460D4686687C
:10B0200012D0F36B98472069FFF74DFE48B12946CF
:10B030002046FFF7D1FF05462046336C9847284647
:10B0400070BD4FF0FF35F7E76FF01505F7E770B506
:10B05000054686680C46F36B98472869FFF739FE6A
:10B06000B0B121462846FFF751FE014698B1037D55
:10B07000DB0710D5437E03F00303012B0ED02846D7
:10B08000F368984704462846336C9847204670BDBD
:10B090004FF0FF34F7E76FF01204F4E76FF0850428
:10B0A000F1E7F8B5064687680C46FB6B98473069B0
:10B0B000FFF70FFEE0B121463046FFF727FE0546B9
:10B0C000C8B1037DDB0716D5437E03F00303012BD4
:10B0D00014D001463B6930469847044618B92B7D89
:10B0E00060F341032B7530463B6C98472046F8BD12
:10B0F0004FF0FF34F7E76FF01204F4E76FF08504C8
:10B10000F1E72DE9F041054686680769F36B0C46C7
:10B1100098472869FFF7DDFD98B394F81880284612
:10B120004146FFF7F3FD014670B3037DDA072BD5E7
:10B1300018F07F0F20D197F8B030EBB1637EDB07BA
:10B1400017D597F8B13033B1082207F1A80104F1FF
:10B150000C00FEF76BFB002287F8B0202146284642
:10B16000FFF719FE04462846336C98472046BDE891
:10B17000F0816FF06702F1E722462846736898472E
:10B18000F0E74FF0FF34EEE76FF01204EBE770B535
:10B1900005460C468668F36B984721462846FFF71C
:10B1A000B5FD48B101F0FCFEB0FA80F46409284610
:10B1B000336C9847204670BD0124F8E770B505460A
:10B1C00086680C46F36B98472869FFF77CFD80B1D1
:10B1D00021462846FFF79AFD014668B104681CB174
:10B1E0002846B368984704462846336C984720465B
:10B1F00070BD4FF0FF34F7E76FF01204F4E708B5C5
:10B20000036900211B685A8BF7F7D2FC28B1437EF3
:10B2100023F0070343F00103437608BD08B539B9AD
:10B220000369013A1B685B8B1A44B2FBF3F25A4381
:10B23000F7F7BEFC28B1437E23F0070343F0020377
:10B24000437608BD08B561B903691B685A8BF7F7E7
:10B25000AFFC28B1437E23F0070343F00403437699
:10B2600008BD0022F3E770B50D4604468668F36B0F
:10B2700098472846F6F712FC2046336C9847002082
:10B2800070BD70B505468668F36B98472869FFF76F
:10B2900020FD044620B133683BB128469847044658
:10B2A0002846336C9847204670BD0124F8E7F8B56E
:10B2B000044687680669FB6B98472069FFF703FD22
:10B2C000B8B12069FFF705FDB0B92046FB6A984781
:10B2D000054648B906F1A003D3E8EF1F41F002018B
:10B2E000C3E8E21F002AF7D120463B6C9847284666
:10B2F000F8BD4FF0FF35F7E76FF07705F4E7F8B5E5
:10B30000044687680669FB6B98472069FFF7E1FCF4
:10B3100090B13B6B20469847054606F1A003D3E861
:10B32000EF1F21F00201C3E8E21F002AF7D12046F7
:10B330003B6C98472846F8BD6FF07705F7E72DE995
:10B34000F041054614460F46D0F80880066911B34F
:10B350000AB3D8F83C3098472869FFF7B4FCB8B96D
:10B36000C6E926742846D8F834309847044640B9D0
:10B37000A036D6E8EF3F43F00103C6E8E23F002ADB
:10B38000F7D12846D8F8403098472046BDE8F081EC
:10B390006FF07704F5E76FF01504F6E7F8B50446AB
:10B3A00087680669FB6B98472069FFF792FCB0B984
:10B3B0002069FFF788FCA8B1BB6B2046984705467B
:10B3C00006F1A003D3E8EF1F21F00101C3E8E21F5B
:10B3D000002AF7D120463B6C98472846F8BD6FF00D
:10B3E0000F05F7E76FF07705F4E7C34300F00F00B0
:10B3F000C3F3C01300EB0310704708B5FAF7EAFD7A
:10B40000FAF7F0FD002008BD01238B40D0E8EF2FB4
:10B410001A43C0E8E12F0029F8D170470069843051
:10B42000FBF778B9006984304FF0FF324FF0FF33FB
:10B43000FBF7FEB810B5807A0C46F6F7A9FAC36997
:10B440002146BDE81040586801F05BBCF7B50D46D9
:10B45000807A17461E46F6F79BFA2C68C3690334B8
:10B4600024F00302586804212A60CDE90076FAF737
:10B47000C5FF00B9286003B0F0BD0C220369C9B252
:10B4800002FB0133986F00F00700704770B5034668
:10B49000C9B20069EFF31186202484F31288BFF348
:10B4A0006F8F0C2505FB0104A46F14F0C00401D0BC
:10B4B000A24210D1012205FB01008267002086F321
:10B4C0001188BFF36F8F28B95B6803EBC1035B681A
:10B4D0009847002070BD4FF0FF30F0E78022FFF763
:10B4E000D5BFF8B5069F05460469C9B2EFF3118CC4
:10B4F000202080F31288BFF36F8F0C2606FB0146D5
:10B50000B06F00F0070EBEF1010F11D1B767002632
:10B510008CF31188BFF36F8F46B90C2000FB0144F8
:10B52000C4E91C236B6853F8313098473046F8BDA6
:10B5300000F0C00087420CBF6FF077064FF0FF3677
:10B54000E6E713B580240094FFF7CBFF02B010BDEF
:10B5500010B41C240069CBB204FB0300002110BC12
:10B560001047032000F03BBE022000F038BE03204D
:10B5700000F044BE022000F041BE1046FBF74CB97B
:10B5800000F0C5BEF9F7A4BD436800205B681B69E5
:10B590000B607047436802EA01005B6821EA020120
:10B5A00098600020D9607047436800205B6899600C
:10B5B0007047436800205B68D960704743685B68E8
:10B5C0005A6821EA0200114098600020D960704753
:10B5D00030B50369586800B30024884219D108685F
:10B5E0008CB99C685860A14200D198600020086026
:10B5F0002AB15A680A609A68596002B999600020B5
:10B600000FE02846E9E720609868814208BF9C6007
:10B61000ECE705680446002DF3D1002AE9D16FF06C
:10B62000150030BDF9F792BE082913B528BF0821CF
:10B630004FF47F020C46D2F80432D2F808221BBA2B
:10B6400012BA00920A466946019301F07BFF204638
:10B6500002B010BD02780B69012A07D0022A08D077
:10B6600052B9DA6403F13C00FBF7D6B86FF00D0273
:10B67000F7E76FF00A02F4E76FF00402F1E738B57C
:10B6800004460569012205F12C00114601F08CFCED
:10B69000012205F13C00002101F086FC2046BDE8B6
:10B6A000384000F02CB900692C30FBF7E9B800698C
:10B6B0002C30FBF7B1B82DE9F04F87B00493436805
:10B6C000D0F810B0D3F820809B8A174603934FF030
:10B6D000FF324FF0FF3305460C46FFF7E4FF0BF156
:10B6E0003C0302930026002300220BF13C00FBF7F1
:10B6F000C7F83346BE4201D3002335E0207A010764
:10B700007BD40136BE4221680BD2820709D4227D48
:10B7100080EA020C0CF0010C02F004025CEA020C5C
:10B720002BD0002B45D101F06042B2F1005F43D134
:10B730004FF00009D4F800A0A388049ACBF850A0D9
:10B74000009228465246217A00F0A7F8031E0BDB30
:10B750004FF4804200230298FBF792F870B328461A
:10B7600000F063F86FF0730328460293FFF79FFF22
:10B77000029B184607B0BDE8F08F4FF001096268E0
:10B78000DDF80CE003EB020CF44539D8C00705D412
:10B7900008EB0300059301F0D5FE059B62681A448F
:10B7A00093B2B9F1000F11D1002BC1D09946C24616
:10B7B000C3E74FF00009E2E79946E0E7DBF84C30D9
:10B7C000002B20DB237ADB0702D400230C3491E723
:10B7D000C245FAD1A24609E0A9EB02011FFA81F99C
:10B7E000DAF80C0018FA81F101F0ACFEDAF8042066
:10B7F000AAF10C0A9145EFD2E7E76FF08503B3E7B2
:10B800006FF01B03B0E76FF00403ADE713B501AAB7
:10B81000044600F08DF8002805DB019B22681979A9
:10B820001868F8F755FD02B010BD70B54568A86AF4
:10B830000368D3F80845D3F80C65FAF79BF931464D
:10B840002046FAF72DFC04460021E869FFF7DEFFE9
:10B85000A86A01F0C6F9204670BDCA07436819D42A
:10B86000C1F3420102290BD003290ED0012911D1C5
:10B870004FF0CC729B6A1B680020C3F824257047E8
:10B880009B6A4FF0C8621B68F6E79B6A4FF07F62C5
:10B890001B68F1E76FF015007047F0B50C461D46C8
:10B8A000164687B04768122200210DF1060001F00C
:10B8B00056FE04F001038DF80430BDF830300295D7
:10B8C0008DF80530BB8C0496AB420AD3C4F340021A
:10B8D00082F00102B86A520101A9FAF761F907B0D2
:10B8E000F0BD6FF01B00FAE710B544680021E06975
:10B8F000FFF78CFFA06ABDE8104001F072B938B5BF
:10B9000004464568AB6998470121E869FFF77EFF67
:10B91000234629462A69A86A01F03CF9002804DB7D
:10B920002046FFF7E1FF002038BD6FF00400FBE781
:10B9300030B543681360057A446804EBC504A3423C
:10B9400002D36FF0010030BD5C7908338C42F1D135
:10B950000020F8E710B50469204601F07CFA0023C6
:10B96000636110BDF8B5876806467C689CB1436882
:10B9700093F82630DB071DD405694FF0FF334FF0F5
:10B98000FF322846FAF754FE6B69002B05DC0024D1
:10B990002846FAF7BFFE2046F8BD013B6B61002B3D
:10B9A000F5D17B6830469847041EBEBF6B690133F2
:10B9B0006B61EDE70024EEE7F0B4D0E901631B69A9
:10B9C0003BB177688F4208DB3568954205DCF0BCF7
:10B9D00018476FF05700F0BC70476FF01500FAE79A
:10B9E000F0B4D0E901631B6A3BB137698F4208DBD1
:10B9F000F568954205DCF0BC18476FF05700F0BCC5
:10BA000070476FF01500FAE770B4D0E90162956AEB
:10BA100003460C46A5B196F8242012B92B4670BCFB
:10BA20001847306A024410F8011BA14202D1214696
:10BA30001846F3E79042F6D16FF0850070BC70476E
:10BA40006FF05700FAE72DE9F3410E46D0E90147C0
:10BA500094F825108046FF2905690FD194F8261027
:10BA600001F00C01082914D0D8F8083000391B6BFC
:10BA700018BF01214BB96FF0570003E0FFF7C4FF77
:10BA80000028EBDA02B0BDE8F08140469847002874
:10BA9000F8DBA268B2F1004F05D011464046FFF72F
:10BAA0008BFF0028EEDB6269B2F1004F05D0114632
:10BAB0004046FFF795FF0028E4DB2368B3F1004F11
:10BAC00014D0D8F808305B69002BD4D0404601A9C7
:10BAD00098470028D6DB2268019B9A421CDD11465C
:10BAE0004046FFF769FF002805DACBE76FF0004317
:10BAF00062689A42E5D19EB994F826309B0716D029
:10BB000040463B6898470028BCDBA069F8F7AAFCD0
:10BB10006B6901336B610AE062689342EBDDDEE73B
:10BB20006B6901336B6194F82630DA0601D400208A
:10BB3000A8E74046FFF716FFA4E7012303FA01F147
:10BB400003691B68194218BF82F0010212B18368B1
:10BB5000DB68184783681B69FBE708B54368986A88
:10BB600038B1012293F82C10FFF7E7FF00EAE070EC
:10BB700008BD6FF08500FBE743681B68B3F1004F19
:10BB800014BF00206FF00100B0FA80F04009704748
:10BB90000346084631B95B681B68B3F1004F01D01A
:10BBA000136070476FF01500704743681B68B3F16E
:10BBB000004F1ABF00200B606FF001007047F8B50E
:10BBC0004668044696F8267007F003073D1E18BF26
:10BBD0000125FFF7BFFEB06A28B929462046BDE817
:10BBE000F840FFF730BF01F02CF828B3002F0CBF4E
:10BBF0004FF4B0134FF4D013F28DB06A96F82C10B6
:10BC00001A430127D0F810C042F3000303F4402385
:10BC1000DCF80060534023F480128F40DB07D0F83B
:10BC200008E04CBF3E43BE43CCF80060DEF8003075
:10BC300098470028D1DAF8BD6FF01200FBE743689F
:10BC4000986A20B1002293F82C10FFF776BF6FF0AE
:10BC50008500704770B54FF4FA530646446C4FF4B4
:10BC6000004C5C4356F8203B05461B6840F2E73029
:10BC7000B4FBF3F40021C8344FF47A720023E4FBE0
:10BC80000C01F4F767FB02460B463046FAF7F8FD65
:10BC900008B9286B70BD6FF07300FBE7002201212B
:10BCA0000A20F5F723BB002201210C20F5F71EBB6B
:10BCB00010B50B6813B91846136005E003685C689B
:10BCC0001CB114600368186810BD083303600B686A
:10BCD000013B0B60EDE710B5036804468BB11A7D9C
:10BCE0007AB1186900F091FF0121236898681B7BE5
:10BCF000994003691B68194283680CBF1B69DB68A4
:10BD00009847A36933B9636004F11000BDE810409F
:10BD1000FAF782BD10BD08B50069C36D8B4204D12E
:10BD20005C30FFF7D8FF002008BD4FF0FF30FBE785
:10BD300038B50446056900F0A0F9C0B901220146F2
:10BD400005F1B40001F030F905F15C00FFF7C3FF25
:10BD50000321204600F068F9002802DA10F1860F6E
:10BD600005D10121204600F05FF900EAE07038BDFE
:10BD7000F7B506690746D6F8A820D6F8B0509AB9A4
:10BD8000C5B12C46D6F8A41031B33ABB1146D6F84B
:10BD9000AC302BB3002D04BF2C462346384600940C
:10BDA00000F031F903B0F0BDA5B195422C4628BF93
:10BDB0001446E7E7F16D8B88DB0401D400F00FF93E
:10BDC0000023C6F88C3006F17C0003B0BDE8F040DB
:10BDD000FAF722BD1446D5E70A46D8E72246D6E749
:10BDE0001C46DBE770B50D1E064604690ADAE16DF4
:10BDF00000F0F5F8C4F88C5004F17C00BDE8704008
:10BE0000FAF70ABDD4F8A830CBB19D4217D85B1B16
:10BE1000C4F8A830ABBBD4F8903004F1A8020833C2
:10BE2000C4F89030D4F8943004F19401013BC4F884
:10BE3000943004F19000FFF73BFFC4F8A400D4F85D
:10BE4000B030CBB19D4217D85B1BC4F8B03003BBF8
:10BE5000D4F8983004F1B0020833C4F89830D4F81C
:10BE60009C3004F19C01013BC4F89C3004F1980023
:10BE7000FFF71EFFC4F8AC003046BDE87040FFF786
:10BE800077BFD4F8A430002BD9D02B44C4F8A43009
:10BE9000D5E7D4F8AC30002BEED02B44C4F8AC304E
:10BEA000EAE70069B430FAF7B7BC03460A461979E5
:10BEB0000123006803FA01F103691B68194218BFE6
:10BEC00082F0010212B18368DB68184783681B693E
:10BED000FBE7F0B504690646D4E915128B1A4768EA
:10BEE00085B004D1BB6805B0BDE8F0401847BD8BF4
:10BEF000E16C9D4228BF1D4621B101F06043B3F1C2
:10BF0000005F06D1236D3BB103F06043B3F1005FE6
:10BF100002D0082D28BF08250023A36451B1114485
:10BF200001F06043B3F1005F04D02A46386901F0A4
:10BF300009FB3969236D43B1A26D134403F06042DC
:10BF4000B2F1005F1CBF7B69A364002914BF2A46BD
:10BF50000022002B08BF0025CDE90123009100221B
:10BF6000694620460395F9F745FD014618B1736807
:10BF700030469B68984705B0F0BD70B50C690E4619
:10BF8000A16C054639B1A36D206D2A69184401F0F2
:10BF9000D9FA0023A3642969AA68A36D30469142A7
:10BFA0002CBF5B189B18A365BDE87040FFF791BFDD
:10BFB0000847072210B503690C461B68C3F8002523
:10BFC0000B7D5BB1012104F10800FFF76EFF237DBB
:10BFD00023B12069BDE8104000F017BE10BD38B590
:10BFE00003690C461D680B7D4BB1086900F00DFE1E
:10BFF000237D23B1002104F10800FFF756FF002341
:10C00000C5F8003538BD10B40469C4E91313019BA9
:10C0100093422CBF636562650023A36510BCFFF7E4
:10C0200058BF006900F0D1BC012913B515D008D95B
:10C03000023901298CBF6FF015006FF0850002B046
:10C0400010BD046994F828302BB12046F9F79AFC0A
:10C05000002384F828300020F1E7436800215C6861
:10C0600001AA2046FFF764FC0028E8DB019B226858
:10C0700019791868F8F72CF9E1E72DE9F843044637
:10C080000025012743681B6898476368DE7FDC68EA
:10C09000B54202D30020BDE8F88320682179E38807
:10C0A000D0F810E0DA0754BF43F4B01383F4D01390
:10C0B000DEF800C023F4801207FA01F8DB07D0F89D
:10C0C00008904CBF48EA0C032CEA0803CEF8003075
:10C0D000D9F80030984708340028DCD10135D7E77B
:10C0E000002200F150039B009BB203F1502303F5A3
:10C0F00080331A601B68704708B5F8F717FC08BD55
:10C10000FBF718BC08B5F4F7CDFCF4F7B3FDBDE8B8
:10C110000840FBF70FBC4FF47F03D3F83021D3F86E
:10C120003401022808BF072A0CBF012000207047F5
:10C1300003460020184700F068BD024610B511689C
:10C1400091B1B1FA81F3C3F11F000123834021EAC9
:10C150000303D2E8EF4F8C4204D1C2E8EC3FBCF1BC
:10C16000000FF6D1EBD110BD6FF00B00FBE710B55F
:10C170000368CB40DB0710D401238B40026843EAFD
:10C180000201D0E8EF4F944204D1C0E8EC1FBCF1AB
:10C19000000FF6D1F2D1002010BD6FF01500FBE7C3
:10C1A00070B5D0F880300646002B0C46154613DBE0
:10C1B000D1F88030002B0FDB00210846F8F72EFE67
:10C1C00048B92B7843F00043C6F880302B7843F011
:10C1D0000043C4F8803070BD6FF01500FBE7032802
:10C1E0000BD8DFE800F002040608F8F771BFF8F793
:10C1F0009DBEF8F725BFF8F7DBBE704703280BD8C4
:10C20000DFE800F00402060800F02EB800F07FB866
:10C2100000F062B800F044B8704708B5F8F7A2FE25
:10C22000F8F79AFFF8F72AFFBDE80840F8F7DEBEF6
:10C2300038B54FF050240123C4F80833636000235D
:10C2400042F21075C4F80031D4F80031D4F80C244F
:10C25000D4F80C34D20306D5DB0704D50120FFF750
:10C260006AFF013DF2D138BDFFF7E2BF38B54FF0AC
:10C2700050244FF48073C4F808330123E361002392
:10C2800042F21075C4F82031D4F82031D4F8543477
:10C29000DB0304D50120FFF74EFF013DF6D138BD89
:10C2A000FFF7E4BF38B54FF050244FF40073C4F8E3
:10C2B000083301236362002342F21075C4F824316D
:10C2C000D4F82431D4F85C34DB0304D50120FFF723
:10C2D00032FF013DF6D138BDFFF7E4BF38B54FF06E
:10C2E00050240223C4F808330123E360002342F200
:10C2F0001075C4F80431D4F80431D4F81834DB03D1
:10C3000004D50120FFF717FF013DF6D138BDFFF737
:10C31000E5BFF7B51646DDE90847019001A81D46BF
:10C32000F8F754FF019BB6F1000C18BF4FF0010C59
:10C3300000EB83000B1E18BF0123002D43EA4C03C2
:10C340000CBF4FF0000C4FF00C0C002C43EA0C0318
:10C350000CBF4FF0000C4FF4706C002F43EA0C033D
:10C360000CBF4FF0000C4FF4403CD0F8002243EAE1
:10C370000C0322EA030301B109780EB13678760086
:10C3800019430DB12D78AD0031430CB1247824024E
:10C3900029430FB13F783F040C433C43C0F80042AF
:10C3A00003B0F0BD1FB50DF10F03019300238DF80D
:10C3B0000F101A4619460093FFF7ABFF05B05DF862
:10C3C00004FB10B504460846F8F712FF04EB4004DE
:10C3D000207DC0F3401010BD10B504460846F8F7A4
:10C3E00007FF04EB4004207DC0F3400010BD10B5F2
:10C3F00004460846F8F7FCFE04EB4004A08A400B14
:10C4000010BD70B5044608461646F8F7F1FE083030
:10C4100034F810300D46DA0509D5C3F3432304EB95
:10C42000C3023146284654F8333052689847A3680F
:10C430002BB131462846E268BDE87040184770BD10
:10C4400010B504460846F8F7D3FE04EB4000838A93
:10C45000DA051DD5C3F3432123F4F853838204F195
:10C46000120204F1720032F8023F13F4807F03D00D
:10C47000C3F3432399420BD08242F4D1002204EB50
:10C48000C1035A6004F17800BDE81040FFF76FBEA9
:10C4900010BDF0B5044600200127054684469542AC
:10C4A0000AD1D4F87C3133B10023C4F87C31D4F8FC
:10C4B0007C3140F00040F0BDEBB29B0003F580768C
:10C4C0009B0807FA03F3194208D054F806E0BEF1BE
:10C4D000000F03D044F806C0A65918430135DEE723
:10C4E00038B504460D46FFF76CFFA8B12046FFF7AC
:10C4F00073FF88B92046FFF77AFF01232268834043
:10C50000C2F80833236803EB8000D0F8103523F01D
:10C510000303C0F8103538BD2846BDE83840002177
:10C52000FFF740BF2DE9F0431746044685B00846A3
:10C53000F8F75EFED7F800800E460546B8F1000F0A
:10C540001ED02046FFF748FF18B12046FFF739FFFD
:10C5500020BB00230DF10F02CDE900338DF80E3022
:10C560008DF80F30304643460DF10E01FFF7D1FE36
:10C5700004EB4502938A23F0020343F00103938204
:10C580007B689BB33146204693F80080D3F8049033
:10C59000FFF722FF28B1B9F1000F1FD06FF015008F
:10C5A00027E004EB4500838A23F4604323F0200353
:10C5B0008382B9F1000F11D0B8F1030FEED87B6878
:10C5C00021685B6893F800C04FEA8C031944B8F106
:10C5D000000F11D1C1F81085C1F8108504EB450298
:10C5E000938A23F01C0343EA88039382BB6843BB0E
:10C5F000002005B0BDE8F083D1F8102522F0030239
:10C60000C1F8102522681344D3F8102522F44F32C4
:10C6100022F44072C3F810253202D3F8101502F448
:10C620007C5242EA08420A43C3F8102504EB4C034B
:10C63000A3F87C60838A43EA4C3343F0200383826F
:10C64000CCE73146D3E900782046FFF7F9FE002F0A
:10C65000CED063689F4206D004F17800FFF76DFDED
:10C66000002804DAC5E7A3689845F5D1002004EB5B
:10C67000C003C3E9017804EB4505AB8AC0B243EAC5
:10C68000402343F48073AB82B2E72DE9F0430546C3
:10C6900085B0084616461F46F8F7AAFD0C468046A8
:10C6A00026B32846FFF798FE18B92846FFF789FEFB
:10C6B00018BB05EB4809B9F8143003F01C0313B19B
:10C6C0007378012B19D001238DF80F3000232046F9
:10C6D000CDE90063721CB31C0DF10F01FFF719FEC9
:10C6E000B9F8143043F00303A9F81430002F3FD0F9
:10C6F00021462846FFF770FE20B96FF0150005B0FF
:10C70000BDE8F08300223E782B684FEA860C03EBED
:10C710008603C3F81025C3F8102505EB4802938A59
:10C7200023F4604323F020039382787800B32968D0
:10C73000BF786144D1F81035000423F4991323F431
:10C74000F853C1F81035230200F4403003F47C5351
:10C7500003433805D1F8105500F4801003432B43F0
:10C76000C1F81035938A43EA463343F0200393829D
:10C770000020C4E7C0E90312704770B504461546AF
:10C78000FFF71FFE48B10846F8F732FD04EB4004FE
:10C790000020A38A5B0B2B7070BD6FF01500FBE7C8
:10C7A00090F88C00003818BF01207047F8F746BD9C
:10C7B0002DE9F34104461746FFF703FE0D462668B0
:10C7C000F0B12046FFF708FE8046C8B92046FFF7C3
:10C7D0000EFE820002F5807346F80380F35823684A
:10C7E0001344D3F8102542F00102C3F8102527B1F5
:10C7F000012322688340C2F8043302B0BDE8F0810F
:10C80000D6F804332846002BA4BF4FF00043C6F8E7
:10C810000433F8F7EDFC04EB4004A38AC3F382036E
:10C82000042B11D0052B11D001A80195F8F7CEFCEF
:10C83000019B0169D94001F001010231284602B093
:10C84000BDE8F041FFF7AEBD0321F7E70221F5E7B0
:10C85000FFF746BE08B5F8F77FFEBDE80840FFF7D2
:10C86000DCBC4FF47F03D3F83021D3F83401072A1E
:10C8700005D10238022894BF002001207047002013
:10C88000704730B50124054690084038844014EACA
:10C89000010009D0A85838B10021A950AA5813B1F5
:10C8A0001A6822431A60012030BD00232DE9F341AC
:10C8B00004460D460193904601AB4FF4A672FFF774
:10C8C000E0FF4FF4827229462046FFF7DAFF4FF46B
:10C8D0008C72074629462046FFF7D3FF064630B143
:10C8E000B8F1000F1DD017B13E46D4F83C354FF4D7
:10C8F00088722946204601ABFFF7C3FF30B1B8F17B
:10C90000000F03D016B90FB1D4F83C354FF4907234
:10C910002946204601ABFFF7B4FF019802B0BDE8FD
:10C92000F0814646E3E707B5019001A8F8F74CFE11
:10C930000123019A9340836003B05DF804FB07B5BF
:10C94000019001A8F8F740FE0123019A9340C360CB
:10C9500003B05DF804FBF8B51E4690F8203004469D
:10C960000D4617468BB911B1F8F78CFE80B9C4E9B2
:10C9700001761DB129462046F8F7E8FE0020012384
:10C9800084F8210084F82030F8BD6FF07700FBE7D1
:10C990006FF01500F8E738B590F8203005465BB128
:10C9A00090F821305BB9F8F76DFE044650B928467F
:10C9B000F8F7CCFE204638BD6FF07604FAE76FF04A
:10C9C0000F04F7E76FF01504F4E7011D0068F8F7AE
:10C9D0000DBE024670B552F8105B04464021284651
:10C9E000FFF763FFD8B1606A421C05D094F822308B
:10C9F0009B0711D5FFF7A3FF94F821301BB1284600
:10CA0000211DF8F7F3FD2046002300F80C3FD4E980
:10CA10000131BDE870401847FFF785FFECE770BDB6
:10CA200091F820200346032A29D8DFE802F02125C7
:10CA300019028A68500304D5D3F84C25086990423E
:10CA400007D18A6852031AD4D3F84C2589699142D8
:10CA500015D000200622C3F80005C3F80025704752
:10CA6000D3F84C2508699042F3D1D3F83C25EDE783
:10CA7000D3F84C250969EAE7D3F83C25FAE7012009
:10CA8000704770B5C37B04460BB1837BC3B9A36801
:10CA9000B3F17F6F1BD32368222B13D16368232B41
:10CAA00017D10B25A67B5EB92B46032231462068A1
:10CAB000F9F73CF82B46032231466068F9F736F85F
:10CAC000012070BD232B04D16368222BE8E70625E3
:10CAD000E8E70020F5E730B501249508403DAC407B
:10CAE0000C4208D0815831B100218150825813B1D5
:10CAF0001A6822431A6030BD002313B50C46019317
:10CB00004FF4A47201ABFFF7E6FF21464FF48272A7
:10CB1000FFF7E1FF21464FF49272FFF7DCFF214659
:10CB20004FF4A872FFF7D7FF21464FF4A672FFF724
:10CB3000D2FF21464FF4B072FFF7CDFF4FF4AE7233
:10CB40002146FFF7C8FF019802B010BD4FF47F02E5
:10CB500030B4D2F830518B68072DCC7BD2F8342119
:10CB600004D1B3F1C86F08BF4FF0C46302682CB999
:10CB7000D1E90041C2F80845C2F80C15C2F82435C5
:10CB800043682BB130BC006840F30730F4F77EBB3C
:10CB900030BC704738B50D4690F826100446D1B920
:10CBA000C160C0E9012380F8291080F828106DB118
:10CBB000AB7B80F82B302846FFF763FF70B16B7BAF
:10CBC0002946204684F82A30FFF7C0FF01230020C1
:10CBD00084F8263038BD6FF07700FBE76FF0150062
:10CBE000F8E706220368C3F80025022380F8263000
:10CBF000704707B5019001A8F9F740FA0123019A9F
:10CC00009340836003B05DF804FB08B1F4F7E8BF1C
:10CC1000704710B5436904463BB90020E2684042C2
:10CC2000537843F00103537010BD98470028F4D0A7
:10CC30000028B8BF4042FF28A8BFFF20E368187053
:10CC4000ECE740B1C368587810F001001EBF1878B7
:10CC5000B0FA80F040097047EFF31183202383F38B
:10CC60001288BFF36F8FFEE708B5FFF7F5FF2DE9D8
:10CC7000F04F89B0DDE91268059243460546324619
:10CC800006A80F4600F0A3FBDDE90634CDE9023427
:10CC9000EFF311844FF0200989F31288BFF36F8FEF
:10CCA00005F10C0A05F1140B39462846059A149B28
:10CCB000984730B184F31188BFF36F8F09B0BDE896
:10CCC000F08F56EA0806F5D0DDE9022306A800F049
:10CCD000A3FBDDE90668524621465846CDE90068C7
:10CCE000FAF7CCF9EFF3118489F31288BFF36F8F51
:10CCF000DAE710B400F10C04C0E9034410BCFCF7FF
:10CD0000E3BA38B50446EFF31185202383F3128884
:10CD1000BFF36F8FFCF7B7F904F10C0000F068FA6D
:10CD200030B1294604F11400BDE8384000F046BA9D
:10CD300085F31188BFF36F8F38BD10B542696AB1B2
:10CD4000836842EA0301890708D10169A2FB011443
:10CD500024B95B182CBF0121002102D36FF015000C
:10CD600005E0C1609B1A02698A4201D8002010BD0B
:10CD7000C26801311A604269C3609B1AF3E710B5BB
:10CD8000C0E904320023816083610446FFF7D5FFC8
:10CD900008B9C4E9004410BD2DE9F04105460F462D
:10CDA000EFF31188202383F31288BFF36F8FC668D7
:10CDB000FEB90468A0421CD0DCB1D4E90032136093
:10CDC0005A60237CC4E9006623F002032374A66042
:10CDD00004F1180000F0C2FA2046C4F8B46067619C
:10CDE00000F0B9F9414605F10800BDE8F04100F056
:10CDF000E5B93E60AB69EF60013BAB6188F3118838
:10CE0000BFF36F8FBDE8F081202408B5EFF31183E5
:10CE100084F31288BFF36F8FFCF791FCF6E7D0E93B
:10CE2000003213605A600023027CC0E9003322F014
:10CE3000020202748360704713B501240094F9F76D
:10CE40002DFB02B010BD90F90E308B4201D0FAF7E5
:10CE500037B90020704703460020C3E90033C3E917
:10CE600002007047D0E9003213605A600023027C50
:10CE7000C0E9003322F002020274836070472DE99A
:10CE8000F843904604460D469DF82020EFF31187A5
:10CE9000202181F31288BFF36F8F02B14568A66825
:10CEA00004F10809B14516D0AEB100243046FFF7B1
:10CEB000D9FF06F1180000F051FA3046C6F8B44028
:10CEC000C6F8148000F047F94846394600F076F974
:10CED0002046BDE8F883A3B10820FAF70DFD00282D
:10CEE00032D00122C0F804800260016801F0030121
:10CEF0005DB922680A430260626820606AB96060B6
:10CF00000BE04046C8F80030EFE72A68032A10D843
:10CF10000160616839B9C4E90000002087F3118815
:10CF2000BFF36F8FD5E70A6802F0030202430A607D
:10CF3000E5E722F003020A4302602A6802F00302D6
:10CF400040EA02032B60E8E76FF00B00E6E710B55C
:10CF5000044630B10268930703D0446809B100F079
:10CF6000E9FA204610BD0023C0E9003300F10803B0
:10CF7000C0E902337047012307B5009300230A4636
:10CF80001946FFF77CFF03B05DF804FB002307B5EB
:10CF90000A4600931946FFF772FF03B05DF804FBE1
:10CFA00000210068FFF7D3BF3AB18A4205D3C0E938
:10CFB0000212C0E90000002070476FF015007047B2
:10CFC000012302688B4022EA0303036022FA01F086
:10CFD00000F00100704710B5032104460C30FFF744
:10CFE000EFFF30B104F1100000F0B8F9B0FA80F0B2
:10CFF000400910BD20B10022C430114600F040B9F4
:10D00000704773B50446EFF31185202383F312882C
:10D01000BFF36F8F00230193D0E90423B3F1004FD6
:10D0200008BF012A05D085F31188BFF36F8F02B0C6
:10D0300070BDA0F1100603210438FFF7C1FF0028DE
:10D04000F1D0A369304601A90193F9F727FDEAE77A
:10D0500038B504460D461022002100F080FA6560C4
:10D0600038BD13B501900846EFF31184202383F3F4
:10D070001288BFF36F8F01A9F9F710FD84F31188AF
:10D08000BFF36F8F02B010BD10B5FFF7EAFF041EAB
:10D0900008DDEFF31180202383F31288BFF36F8F35
:10D0A000FAF77AF8204610BD38B530220D46002137
:10D0B000044600F054FA4FF480736560E36038BDB5
:10D0C000D0E9003213605A600023027CC0E90033CB
:10D0D00022F00202027483607047EFF3058000388B
:10D0E00018BF01207047D0E9003213605A60002356
:10D0F000C0E90033704708B5FFF7F5FF037C23F064
:10D10000020303740023836008BD38B504460D464E
:10D11000F9F732FF237C43F002032374D5B1A560F5
:10D120002B689D4209D16B68C4E900531C606C6098
:10D1300010E06A689A42F6D01B68002BF3D093F98E
:10D140000E1094F90E209142F3DD5A68C4E90032C2
:10D1500014605C6038BD10B5EFF31184202383F3B5
:10D160001288BFF36F8FF9F7C7FE84F31188BFF3FE
:10D170006F8F10BD08B5037C014613F0280F0CD14A
:10D1800083680BB1FFF7B7FF0B7C084623F004035D
:10D190000B74BDE80840F9F7AFBE08BD10B5EFF35A
:10D1A0001184202383F31288BFF36F8F1838FFF7A1
:10D1B000E1FF84F31188BFF36F8F10BD0846F9F7C4
:10D1C00013BF38B5054604680020AC4200D138BD15
:10D1D000002CFCD02046FFF78EFF04F1180000F071
:10D1E000BDF82046F9F788FE2C680120A542EDE73E
:10D1F00010B5EFF31184202383F31288BFF36F8FF0
:10D20000FFF7DFFF84F31188BFF36F8F10BD38B5D0
:10D210000C460546FAF75CF8B4F1FF3F08BFB5F1DC
:10D22000FF3F1FBF47F6FF7300224FF47A71E0FB08
:10D23000013216BFD80B4FF0FF3040EA424038BDF4
:10D2400038B50446EFF31185202383F31288BFF32A
:10D250006F8F037C5B070ED5183000F07FF8237CBE
:10D26000204623F004032374F9F746FE2846BDE860
:10D270003840F9F7B9BE85F31188BFF36F8F38BD19
:10D2800038B5EFF31185202383F31288BFF36F8F36
:10D290000468A04213D0A4B1C4F8B410626120465F
:10D2A000FFF729FF04F1180000F058F82046F9F7BD
:10D2B00023FE012085F31188BFF36F8F38BD002056
:10D2C000F8E72046F6E72DE9F04706460F46914677
:10D2D0009A46EFF31188202383F31288BFF36F8FF0
:10D2E0000068864206D028B1736898420CBF0025BA
:10D2F000056868B90024B9F1000F02D051462046F4
:10D30000C84788F31188BFF36F8F2046BDE8F087C8
:10D310005146B84704460028EDD135B17368AB4299
:10D3200000D02C6828462546E3E72C46FAE708B5E6
:10D330000246FAF761F970B1D0E904319B1A61EB4A
:10D34000E272B3F1004F72F1000104DA002AACBFBF
:10D350001846002008BD6FF00040FBE7024638B5D4
:10D36000EFF31185202383F31288BFF36F8F0368D7
:10D37000D3B1FAF741F904461046FAF74FF9002203
:10D380004FF000438442C0E9042305D0002085F318
:10D390001188BFF36F8F38BDFAF736F9FFF7C7FF73
:10D3A0000021F7F725FCF1E7D0E90413B3F1004FB2
:10D3B00008BF012904D100204FF00041C2E9040157
:10D3C0006FF01500E3E708B5FAF730FA08BDB3F1DE
:10D3D000FF3F08BFB2F1FF3F70B506461D46144639
:10D3E00014D01A4316D0002B08DBFAF71FFA0419E1
:10D3F00041EB0501C6E90041304670BD6FF0010305
:10D400001C1B4FF0FF3363EB0501F3E74FF0FF34D4
:10D410002146EFE70024FBE7B3F1FF3F08BFB2F17D
:10D42000FF3FF8B5074616461C4610D054EA0203E3
:10D4300011D0FAF7FBF9B0420A46A14103460AD2DD
:10D44000F31A64EB0204C7E900343846F8BD4FF024
:10D45000FF331C46F7E70023FBE72DE9F3470446BB
:10D46000DDE90A9815460E4659B302F0010AF9F7AC
:10D470006BFF0746EFF31181202383F31288BFF37C
:10D480006F8FA80744BF0023A360A36803EA0600C8
:10D49000BAF1000F0CD086420CD16A0744BF834317
:10D4A000A36081F31188BFF36F8F02B0BDE8F087EE
:10D4B0000028F2D159EA080305D181F31188BFF39E
:10D4C0006F8F0020F1E7C7E918652246CDE9009883
:10D4D00004F10C00F9F7D2FD0028F2D1386EE4E730
:10D4E00010B50B680446D0E9180212F0010F03EAE8
:10D4F000000301D0984211D183B12366520748BF7F
:10D500004A6804F1180044BF1A434A60FFF726FF37
:10D5100000232046C4F8B430FFF72CFE002010BDD5
:10D520000A46FAF79BB90A460021FAF797B9520062
:10D53000FFF793BF20B1011F50F8040CFFF7E1BBC8
:10D54000704770470A44431E914200D1704710B59E
:10D5500011F8014B914203F8014FF9D110BD02447B
:10D560000346934200D1704703F8011BF9E70139E4
:10D57000034610B532B111F8014F013A03F8014BDF
:10D58000002CF7D11A440021934200D110BD03F8BA
:10D59000011BF9E70246014410B58A42134603D045
:10D5A0001C780132002CF8D1181A10BD2DE9F8436F
:10D5B000C3F137090746884603F01F055FFA89F96A
:10D5C0001646384641462A460023F2F7C3FE434634
:10D5D000D4B23A4688460746092C84BF4C44E4B28C
:10D5E000AA424FF0000204F13004934106F8014BC7
:10D5F000E7D23046BDE8F8832DE9F04F051889B031
:10D60000904641EB0104029304AB28462146009367
:10D61000D2E9002300F0A7F806AB07468946284662
:10D62000214600930025D8E9022300F09CF8DDE9AB
:10D630000423841851EB0306069B28BF0125D8E973
:10D640000012ED18079B43F10003791849EB020221
:10D65000B94272EB0902D8E9022134BF012000204F
:10D66000A21846EB01018018029A41F10001A04284
:10D67000A2F1410A71EB0602CDF800A034BF0122ED
:10D6800000225219CDE9065343F1000300F082F85D
:10D69000129BC3E90001D8E90221DDE90653039199
:10D6A00014990129D8E900E027D1A21A0399CDF8ED
:10D6B00000A066EB0101774579EB000034BF012043
:10D6C0000020101A61F10001844276EB010234BFA0
:10D6D00001220022AA1A63F1000300F05BF8139BF9
:10D6E000C3E90001DDE9062320463146CDF800A05C
:10D6F00000F050F809B0BDE8F08F17EB070B49EBCD
:10D70000090C14EB040846EB0601BB457CEB090948
:10D7100034BF0127002718EB070741F10008F34544
:10D720007CEB000C34BF01200020381A68F10001A6
:10D73000801A039A61EB02016D195B41A74278EBF5
:10D74000060234BF01220022AD1843F100038742D4
:10D7500078EB010834BF01220022AA1A029DA5F12C
:10D7600040050095B7E7F0B500240D4606469446FF
:10D77000A0FB02012246059FE5FB0C12A446E5FB37
:10D780000324E3FB061C12EB0C0244F10004C7E97E
:10D790000024F0BDF0B5059CC4F14007C4F120069B
:10D7A000A4F12005E04002FA06F6BB4022FA05F596
:10D7B000BA403343C4F120062B4301FA06F6A4F124
:10D7C0002005304321FA05F5E14028431943104371
:10D7D000F0BD2DE9F0410446CE0FC1F30A55C1F367
:10D7E000130140F2FF70167154EA01076BD1002D4E
:10D7F00071D12C462946002B156060DB0C2B60DCB8
:10D80000C3F10D050120AD0005F1FF3CA5F1210795
:10D81000C5F1210600FA07F720FA06F600FA0CF027
:10D820003743061847EB0708D6F1000E68EB480CA3
:10D83000013E48F1FF38264008EA0108B04277EB84
:10D84000080810DBC5F12008B5F1200624FA05F51B
:10D8500001FA08F858BF41FA06F645EA080558BF2C
:10D860003543ED0703D52018044641EB070104EAD0
:10D870000E0401EA0C019DF8186018460D250532CA
:10D88000C6F1270604F00F03240944EA01740911C4
:10D8900063B9A8420DDA013DF4D21AE01DB90125A1
:10D8A000A5F2FF35A7E741F48011F9E7092BC8BFBE
:10D8B0009B193033A8425355B8BF2846EBE70023E5
:10D8C000D9E70D23D7E78542E8D146F008060020C6
:10D8D0001671BDE8F0818542E5D146F00406F6E711
:10D8E000BC2AFF7F01000000A11C01000000000015
:10D8F0000000000098D90100D96301000000000079
:10D90000196401000000000000000000D0D90100EF
:10D9100000000000B4D9010001C1010000000000B6
:10D9200000000000ECD901002D3F010000000000C4
:10D93000954A0100000000003519010000000000B8
:10D9400005C101000000000009790100000000008D
:10D95000000000005CDA01000000000024DA010091
:10D960000000000040DA01000000000008DA0100B9
:10D970000000000094DA01000000000078DA0100E5
:10D980007128010000000000890A01000000000069
:10D99000FD09010000000000AEEA010094E1010071
:10D9A0001CDD010024060020B4140020653C0100A9
:10D9B00000000000B9EA0100B4E10100D8DC010078
:10D9C00026060020581500204941010000000000F3
:10D9D000C5EA0100C8E10100D8DC010028060020EA
:10D9E00064150020494101000000000087EA0100A1
:10D9F00004E1010078DD0100200600203000002055
:10DA0000652B010000000000A3EA01006CE10100A9
:10DA100028E1010022060020BC0200202132010082
:10DA200000000000D1EA010070030020FCDC0100CE
:10DA30002A060020701500207FB6010000000000BB
:10DA4000FDEA010058E2010014DD0100300600206B
:10DA5000A003002031BD01000000000006EB010022
:10DA6000B4E2010014DD010032060020640400204D
:10DA700031BD010000000000DAEA0100F8E1010018
:10DA800038DD01002C060020C4150020BFBB0100BA
:10DA900000000000EAEA010028E2010038DD010090
:10DAA0002E060020DC150020BFBB01000000000096
:10DAB0000000000019970100000000001997010004
:10DAC00000000000199701000000000019970100F4
:10DAD000000000001997010055C8010031C1010084
:10DAE00000000000199701000000000019970100D4
:10DAF000000000001997010070150020595E010018
:10DB000064040020D3C9010000000000199701003F
:10DB1000A0030020D3C901009001002025B6010018
:10DB20000000000019970100000000001997010093
:10DB30000000000019970100000000001997010083
:10DB40000000000019970100000000001997010073
:10DB5000000000001997010000000000254B0100A3
:10DB60000000000019970100000000001997010053
:10DB70000000000019970100000000001997010043
:10DB80000000000019970100000000001997010033
:10DB90000000000019970100000000001997010023
:10DBA0000000000019970100000000001997010013
:10DBB0000000000019970100000000001997010003
:10DBC00000000000199701000000000019970100F3
:10DBD00000000000199701000000000019970100E3
:10DBE00000000000199701000000000019970100D3
:10DBF00000000000199701000000000019970100C3
:10DC000000000000199701000000000019970100B2
:10DC100000000000199701000000000019970100A2
:10DC20000000000019970100000000001997010092
:10DC30000000000019970100000000001997010082
:10DC40000000000019970100000000001997010072
:10DC50000000000019970100000000001997010062
:10DC60002134010031C101002D60010031C10100EA
:10DC70000000000019970100000000001997010042
:10DC80000000000019970100000000001997010032
:10DC90000000000019970100000000001997010022
:10DCA0000000000019970100000000001997010012
:10DCB0000000000019970100000000001997010002
:10DCC00000000000199701000000000019970100F2
:10DCD00000000000199701007D3F010089B5010097
:10DCE00095B50100A9B50100B3B50100BDB50100AE
:10DCF00085410100D1B50100000000005BB80100C2
:10DD000000000000B7B601000000000000000000A5
:10DD10002BB801009544010017BD0100C53C01006E
:10DD2000DDB4010043B50100000000007BB4010038
:10DD300000000000000000005BBB01003FBC0100D0
:10DD400079BB010091BB010000000000ABBB0100EA
:10DD500000000000000000000000000000000000C3
:10DD600000000000000000000000000000000000B3
:10DD7000000000000000000071A70100F92A010066
:10DD8000000000009BA701005DA7010063AB01003C
:10DD900019A80100FFA6010091AB01000FA8010026
:10DDA0000000000017A701000000000000000000B4
:10DDB0001FA701001DAB010031A7010004000000F6
:10DDC0000F0000000100000008000000200000001B
:10DDD0006800000078000000100000000C00000047
:10DDE0000E000000500000007C000000B0000000A9
:10DDF000FFFFFFFFFFFFFFFFFFFFFFFFFFFFFFFF33
:10DE00000338FDD87047000001000000000000004A
:10DE100005000000000000001900000000000000E4
:10DE20007D00000000000000710200000000000002
:10DE3000350C000000000000093D0000000000005B
:10DE40002D31010000000000E1F505000000000098
:10DE500065CD1D0000000000F902950000000000E3
:10DE6000DD0EE90200000000514A8D0E00000000A6
:10DE70009573C24800000000E941CC6B010000002E
:10DE80008D49FD1A07000000C16FF28623000000D3
:10DE9000C52EBCA2B1000000D9E9AC2D780300006A
:10DEA0003D9160E45811000031D6E275BC56000087
:10DEB000F52E6E4DAEB10100C9EA268367780800E1
:10DEC000ED95C28F055A2A00A1EDCCCE1BC2D3001E
:10DED00025A4000A8BCA22040000000000000000F4
:10DEE0000000000000000010000000000000000022
:10DEF000B9340332B7F4AD1410DB1AB30892540EE0
:10DF00000D307D951447BA1A66088F4D26ADC66D43
:10DF1000F598BF85E2B74511CA96853D92BD1DEBC8
:10DF2000FCA11860DCEF52163C92AE220BB8C1B4D3
:10DF3000839D2D5B0562DA1C304C7E8F4E8BB25B6D
:10DF400016F4529F8B56A512FBD4827643ED8AF0CD
:10DF50008FE7F9311565191850F19BD94A13EEB4C2
:10DF6000284CF0A686C1251F035FC270CB9E4916C0
:10DF7000E642889C44EB2014B0650836AD6EA5855A
:10DF800085F0CA14E2FD031A0B899979D5B13D09D0
:10DF9000D8DA973A35EBCF10AC363F5E73BB38CF4B
:10DFA0003E6752FA44AFBA150100000000000000BD
:10DFB0000000000000000020345065C05FC9A65278
:10DFC000BB13CBAEC440C21806C8DF7100D5A87C15
:10DFD000F56F0FDA58FC27136E4756357D24206500
:10DFE00002C7E768E48CA41DE9E60268D7CD396171
:10DFF0007977FCC2405BEF16798CDE43FFA751F9BD
:10E0000091F3B278F5BDBE11E857E9D6E8BEE87BDA
:10E01000B054AC8F848D751BEA23A499E9F9D38B96
:10E02000B7A3714061DA3E15CEE33ECB73F94808E1
:10E030008C97B427D51B7010A2BFEFB9EB853215B2
:10E040004DB44DB49BBB6F1996B6076CF8E7EEADB7
:10E0500036D9B4F59135AE13222218AF4E6A684D09
:10E0600091DAAA3D4F40741E9FBD9EE006A1C09864
:10E0700057C2A7FDA40E90170E7D497173E3208F40
:10E08000B220D87605143B12853D7434811343B019
:10E09000AD297A5F27F4351C00000000F9960100D5
:10E0A00078010020700100206801002000000000BD
:10E0B00060010020E10B0100B10A0100050B010025
:10E0C000790B0100000000200000000006000100A4
:10E0D00002000000D8E001000000000073EA010027
:10E0E00006000000E0FF0F00000000207BEA0100B6
:10E0F00021000000E0FF0620A7980100859801009C
:10E10000000000004802002000000000DB050020A5
:10E110005C020020000000007CE1010050060020AD
:10E120000000000000000000000000007933010042
:10E13000DD310100E52D0100A133010000000000E8
:10E14000852D0100C1330100092E0100BD31010000
:10E1500000000000E12F0100A1300100292F010083
:10E16000FBB3010025B401001DB401000200000052
:10E1700003000000812F0100000000004DB40100E9
:10E180000000000035B40100213C0100F13B01001A
:10E1900000000000753D0100F53C010085B501005F
:10E1A00081B5010069B5010075B5010063B50100D5
:10E1B0006FB50100FFFF000000288450900100208F
:10E1C0000000000001000000FFFFFFFF0025845059
:10E1D00090010020000000000000000000900050AE
:10E1E000E8E1010001000000F0E101000200000090
:10E1F0002200000C2300000B00000080FFFFFF7FC7
:10E200000000008000000080FFFFFF7F0000008012
:10E21000000000000000000086EB010000FF0A0083
:10E22000D0D901001F00000000000080FFFFFF7F29
:10E230000000008000000080FFFFFF7F00000080E2
:10E24000000000000000000086EB010000FF0A0053
:10E25000D0D901000F000100A7BC01007CE2010041
:10E26000E5BD01009CE20100B4160020AC160020C0
:10E2700000127A00FFFFFF030000000000C0005002
:10E2800088E201000100000090E2010003000000AC
:10E290001D0000041C0000051A000006D0D9010072
:10E2A00016000100B4D9010004000100D0D901001A
:10E2B000180001009DBC0100D8E20100E5BD01008D
:10E2C000F8E20100C4160020BC1600200048E80156
:10E2D000FFFFFF010200000000A00050E4E2010087
:10E2E00001000000ECE2010003000000051800043A
:10E2F000091800050A180006D0D901000B0001001A
:10E3000008000000030000000800000003000000F7
:10E31000E8D80100F0D8010030D9010038D9010057
:10E3200088D9010098D9010019EB01000001000013
:10E3300000000000FF8FFFFFFF8FFFFFFE8FFFFF3A
:10E34000FE8FFFFFFD8FFFFFFC8FFFFFFC8FFFFFA6
:10E35000FB8FFFFF6D757465785F6672656520637E
:10E36000616C6C65642077697468204E554C4C2054
:10E37000706172616D6574657200000043616E27A3
:10E380007420696E697469616C697A65206D757451
:10E3900065782C20776173204E554C4C0D0A000097
:10E3A000436F756C64206E6F74206C6F636B2070AC
:10E3B0006F7765722073617665206D75746578007E
:10E3C000000000000000000000000000000000004D
:10E3D00000000040955969595555545515555556E5
:10E3E000040515411054554045515544404550448D
:10E3F00050555545004000404004449665555655DB
:10E40000454045545141154055915555555540513C
:10E4100005010000544554544555050400100410EE
:10E4200014044000000001405555154154040000FB
:10E4300044000100000000404100004450444550A9
:10E4400054005555545565510040004001000001ED
:10E450000005010011545151545555050015415006
:10E46000000004401001040500000000090453747A
:10E47000617274696E67204C6573736F6E2036200D
:10E480002D20457865726369736520320A00493230
:10E490004320627573202573206973206E6F74208A
:10E4A0007265616479210A004661696C6564207453
:10E4B0006F20777269746520746F2049324320643D
:10E4C0006576696365206164647265737320307872
:10E4D0002563206174205265672E20307825630AF9
:10E4E000004661696C656420746F20726561642008
:10E4F000746F2049324320646576696365206164E6
:10E5000064726573732030782563206174205265CE
:10E51000672E20307825630A005F5F5F5F5F5F5F73
:10E520005F5F5F5F5F5F5F5F5F5F5F5F5F5F5F5FFB
:10E530005F5F5F5F5F5F5F5F0A00526564205661E7
:10E540006C75653A092025640A00477265656E207E
:10E5500056616C75653A092025640A00426C756540
:10E560002056616C75653A092025640A006364636E
:10E570005F61636D5F30006364635F61636D5F73F0
:10E58000657269616C002A2A2A20426F6F74696E75
:10E5900067206E524620436F6E6E6563742053444D
:10E5A0004B2076332E342E302D39393535333035F6
:10E5B0003536303762202A2A2A0A002A2A2A20558C
:10E5C00073696E67205A6570687972204F532076A0
:10E5D000342E342E302D6266383031653465336424
:10E5E0003139202A2A2A0A006D757465785F696EB0
:10E5F00069742063616C6C65642077697468204E6F
:10E60000554C4C20706172616D6574657200436F8A
:10E61000756C64206E6F7420616C6C6F63617465DF
:10E62000206D75746578206265666F726520696E0D
:10E63000697469616C697A696E670072302F613143
:10E640003A2020307825303878202072312F6132FE
:10E650003A2020307825303878202072322F6133EC
:10E660003A20203078253038780A0072332F613410
:10E670003A2020307825303878207231322F697076
:10E680003A2020307825303878207231342F6C725F
:10E690003A20203078253038780A0020787073725C
:10E6A0003A20203078253038780A004661756C743D
:10E6B000696E6720696E737472756374696F6E201A
:10E6C0006164647265737320287231352F70632919
:10E6D0003A203078253038780A00556E68616E64CB
:10E6E0006C6564204952516E3A2025640A002A2A3A
:10E6F0002A2A2A205553414745204641554C54204B
:10E700002A2A2A2A2A0A0020204469766973696F16
:10E710006E206279207A65726F0A002020556E6142
:10E720006C69676E6564206D656D6F7279206163D9
:10E73000636573730A002020537461636B206F76E6
:10E740006572666C6F772028636F6E7465787420CD
:10E7500061726561206E6F742076616C6964290A4C
:10E760000020204E6F20636F70726F636573736F4C
:10E770007220696E737472756374696F6E730A00C8
:10E780002020496C6C6567616C206C6F6164206F40
:10E7900066204558435F52455455524E20696E7469
:10E7A0006F2050430A002020496C6C6567616C2023
:10E7B000757365206F662074686520455053520A52
:10E7C000002020417474656D707420746F2065782A
:10E7D000656375746520756E646566696E65642031
:10E7E000696E737472756374696F6E0A002A2A2ADF
:10E7F0002A2A20425553204641554C54202A2A2A81
:10E800002A2A0A002020537461636B696E672065B1
:10E8100072726F720A002020556E737461636B69A7
:10E820006E67206572726F720A00202050726563F5
:10E83000697365206461746120627573206572720A
:10E840006F720A0020204246415220416464726582
:10E8500073733A20307825780A002020496D707251
:10E8600065636973652064617461206275732065F6
:10E8700072726F720A002020496E7374727563742D
:10E88000696F6E20627573206572726F720A002064
:10E8900020466C6F6174696E672D706F696E7420AD
:10E8A0006C617A7920737461746520707265736528
:10E8B00072766174696F6E206572726F720A002AD7
:10E8C0002A2A2A2A204D5055204641554C54202AA8
:10E8D0002A2A2A2A0A002020537461636B696E6712
:10E8E000206572726F722028636F6E746578742071
:10E8F00061726561206D69676874206265206E6F62
:10E90000742076616C6964290A0020204461746176
:10E91000204163636573732056696F6C6174696F1E
:10E920006E0A0020204D4D464152204164647265BC
:10E9300073733A20307825780A002020496E73746A
:10E9400072756374696F6E204163636573732056DB
:10E95000696F6C6174696F6E0A00526573657276D7
:10E96000656420457863657074696F6E2028005374
:10E97000707572696F757320696E746572727570E7
:10E980007420284952512000535053454C20696E41
:10E9900020746872656164206D6F646520646F65C2
:10E9A00073206E6F7420696E6469636174652050B2
:10E9B00053500A002A2A2A2A2A2048415244204633
:10E9C00041554C54202A2A2A2A2A0A00202042751E
:10E9D00073206661756C74206F6E20766563746F4A
:10E9E00072207461626C6520726561640A00202087
:10E9F0004465627567206576656E740A002020465E
:10EA000061756C7420657363616C6174696F6E20ED
:10EA1000287365652062656C6F77290A004152434F
:10EA2000485F4558434550542077697468207265A3
:10EA300061736F6E2025780A0A002A2A2A2A2A2062
:10EA40004465627567206D6F6E69746F72206578BA
:10EA500063657074696F6E202A2A2A2A2A0A002A9E
:10EA60002A2A2A2A20257320256429202A2A2A2AAC
:10EA70002A0A00464C4153485F30005352414D5FD3
:10EA800030007573626400626F6172645F63646317
:10EA90005F61636D5F75617274007564635F6E7250
:10EAA0006678007573626440333630303000636CD2
:10EAB0006F636B4035303030006770696F403834B9
:10EAC00032383030006770696F403834323530305A
:10EAD0000069326340393030300073656E736F7295
:10EAE0002D7077722D6374726C00726567756C613E
:10EAF000746F722D3376332D6374726C007370698A
:10EB000040633030300073706940613030300069EC
:10EB1000646C65006D61696E00737973776F726BF9
:10EB20007100696E66006E616E00286E756C6C29EE
:10EB300000465320436F6E66696775726174696F32
:10EB40006E004344432041434D2073657269616CFC
:10EB5000206261636B656E64005A6570687972202B
:10EB600050726F6A656374002B2C2A1E3031323369
:10EB700034353637383941424344454600000102B6
:10EB800003040506070B00203030303030303030C1
:10EB900030303030303000010000000061290100C9
:10EBA0000000000000010000000000000000000064
:10EBB0000000000000000000000000000000000055
:10EBC0000000000000000000ECD9010000C20100BC
:10EBD000000008000000000000000000000000002D
:10EBE0000000000000000000000000000000000025
:10EBF00000000000000000000000000034020020BF
:10EC000000000000200200200000000000000000C2
:10EC100000000000000000000000000000000000F4
:10EC200000000000000000000000000000000000E4
:10EC300000000000000000000000000000000000D4
:10EC400000000000000000000000000000000000C4
:10EC500000000000BC000020BC00002000000000FC
:10EC600001000000000000006D93010000000000A2
:10EC7000C0050020E80000200000000000000000A7
:10EC8000000000000000000000040100000000007F
:10EC900031EB010022030000000000000000000032
:10ECA000000303000000000000000000000300005B
:10ECB0000000000000000000000201000000000051
:10ECC00042EB01002E0300000000000000000000E5
:10ECD000000101000000000059EB01001E030000CC
:10ECE0000000000000000000000000000000000024
:10ECF0006CE4010004030000780600203A000000E4
:10ED00008C0600203A000000640600203A00000053
:10ED1000A00600203A00000000000000ED9701006E
:10ED2000000000000000000000D0005000000000C3
:10ED300000000000000000000000000000000000D3
:10ED400000000000000000000000000000000000C3
:10ED500000000000000000000000000000000000B3
:10ED600000000000000000000000000000000000A3
:10ED70000000000000000000000000000000000093
:10ED80000000000000000000000000000000000083
:10ED90000000000000000000000000000000000073
:10EDA0000000000000000000000000000000000063
:10EDB00000000000000000004835002000000000B6
:10EDC000000000000000000000040000483900209E
:10EDD000000000000000000000000000000400002F
:10EDE0006DE5010000000000880200200000000026
:10EDF000ECD90100DB050020E3050020EC05002034
:10EE0000F1050020F6050020FA050020FF0500208E
:10EE1000060600200F060020160600201D06002012
:10EE200000000000A9A60100552A0100B52A010032
:10EE300005A9010045A701003BA801000000000052
:10EE4000D3AB010023A80100C5A70100000000000A
:10EE5000ABA6010000000000000000000000000060
:10EE600000000000000000000000000000000000A2
:10EE70000000000000000000000000000000000092
:10EE80000000000000000000000000000000000082
:10EE90000000000000000000000000000000000072
:10EEA0000000000000000000000000000000000062
:10EEB0000000000000000000000000000000000052
:10EEC0000000000000000000000000000000000042
:10EED000000000000000000040030020400300206C
:10EEE00000000000000000000E0000000000000014
:10EEF0000000000000000000000000000000000012
:10EF00000000000000000000000000000000000001
:10EF1000000040060000010155B60100100000008D
:10EF20008D420100DCE101009C160020FFFF000083
:10EF3000000000000000000000C0005000000000C1
:10EF400000000000000000000000000000000000C1
:10EF500000000000000000000000000000000000B1
:10EF600000000000000000000000000000000000A1
:10EF70000000000000000000000000000000000091
:10EF80000000000000000000000000000000000081
:10EF90000000000000000000000000000000000071
:10EFA000000000000C0400200C0400200000000001
:10EFB000010000001C0400201C04002000000000D0
:10EFC0000100000000000000000000000000000040
:10EFD0000000000000000000000000000000000031
:10EFE0000000000000000000000000000000000021
:10EFF00000000000000000000000000000A0005021
:10F000000000000000000000000000000000000000
:10F0100000000000000000000000000000000000F0
:10F0200000000000000000000000000000000000E0
:10F0300000000000000000000000000000000000D0
:10F0400000000000000000000000000000000000C0
:10F0500000000000000000000000000000000000B0
:10F060000000000000000000D0040020D0040020B8
:10F070000000000001000000E0040020E004002087
:10F08000000000000100000000000000000000007F
:10F090000000000000000000000000000000000070
:10F0A0000000000000000000000000000000000060
:10F0B0000000000000000000000000000000000050
:10F0C0000090D003FF000000FF000000900200004D
:10F0D0003805002038050020000000006D7901008F
:10F0E0009C050020940500208C05002000000000F5
:10F0F00084050020997A0100E5790100197A010060
:10F10000617A0100740500207C050020741600203F
:10F110003A00003A781600203A00003A7C160020A7
:10F120003A00003A801600203A00003A8416002087
:10F130003A00003A881600203A00003A6C05002098
:10F1400070050020B405002058050020500500205F
:10F150004C05002048050020090200000001008045
:10F160007D12010002EF020140E32F0400040400BD
:10F17000000000080B000202020000090400000168
:10F1800002020000052400100105240100010424EE
:10F19000020205240600010705810310000A090484
:10F1A0000100020A00000007058202400000070576
:10F1B000010240000000000000000000000000000C
:10F1C00000000000000000000000000034060020E5
:10F1D00034060020882E00200000000008000000F7
:10F1E000100000000000000000000000082F0020B8
:10F1F0000004000000000000000000006406002081
:10F200006406002000000000000000000E00000066
:10F2100078060020780600200000000000000000B2
:10F220000E0000008C0600208C060020000000006C
:10F23000000000000E000000A0060020A006002034
:10F2400000000000000000000E000000B4060020D6
:10F25000B40600200C0000000A000000102E002060
:10F26000882E0020102E0020102E0020000000000C
:10F2700000000000DC060020DC0600200100000089
:10F2800001000000EC060020EC0600200000000059
:10F29000F8060020F8060020000000000000000032
:10F2A0000807002008070020100010000A000000D6
:10F2B0002FAC010018E101000833002077E50100C0
:10F2C000000000000000000000000000000000003E
:10F2D0000000000008DA010000000000000000004B
:10F2E000000000000000000000000000000000001E
:10F2F000000000000000000000000000000000000E
:10F3000000000000000000000000000000000000FD
:10F3100000000000000000000000000000000000ED
:10F32000000000000000000000000000C9050020EF
:10F330000000000000000000000000004802002063
:10F3400000000000000000000000000000000000BD
:10F3500015E015E007695001100020009CE682309E
:10F360007400134C56812D68D3C2ED596651663D29
:10F3700093595ECE523BD5511E575E7A0100200054
:10F38000FC5701DC6135E1323847BDC40F04D2E5DA
:10F39000BEE5833B23C29F93593D00018CFA9994AB
:10F3A000200000019BFA54CD3E134EDA776C9C3E50
:10F3B000E34DA06E6B3F98476FEAE20F13E4B97A12
:10F3C00074FA34BB61AE282A8B4C15448255601AFE
:10F3D000DDECD6897FEEA9B74FE8865F599C96CFC2
:10F3E0003675FCDCF2BA9615C859994533A344C961
:10F3F000EFABA09C89C7A7C8544D8A8DB8A9967E4B
:10F4000071F38441BCEFE71A28F6B5FB621681FB65
:10F41000A432C5A7B1F62C70CA5A5D82DC87C0340D
:10F42000D7E487FF6550BCA5A5D2DE4BC5D0BF4051
:10F43000AAF99530E36F64A2D323C1C5D672B8B2DE
:10F440007A5DCC099C6295FCA19012170EDAD63930
:10F45000BCF5617BF58C700A50103678D23FC21033
:10F46000FF388590F0207C39195B1558B8E7F555C1
:10F47000E1E19CCFF6DF35C06BD09AA5CC1B805262
:10F480009827862C19B295E2A48B06BFA341BEAF84
:10F49000B05227A3E525933F0838ED8674390F82D3
:04F4A0007A30BC2CD6
:00000001FF
