:10000000A85D0020ED8F00000DB00000D98F00002A
:10001000D98F0000D98F0000D98F0000D98F000040
:100020000000000000000000000000004D900000F3
:10003000D98F00000000000071900000D98F0000EF
:100040002D2400002D2400002D2400002D2400006C
:100050002D2400002D2400002D2400002D2400005C
:100060002D2400002D2400002D2400002D2400004C
:100070002D2400002D2400002D2400002D2400003C
:100080002D2400002D2400002D2400002D2400002C
:100090002D2400002D2400002D2400002D2400001C
:1000A0002D2400002D2400002D2400002D2400000C
:1000B0002D2400002D2400002D2400002D240000FC
:1000C0002D2400002D2400002D2400002D240000EC
:1000D0002D2400002D2400002D2400002D240000DC
:1000E0002D2400002D2400002D2400002D240000CC
:1000F0002D2400002D2400002D2400002D240000BC
:100100002D2400002D2400002D2400002D240000AB
:100110002D2400002D2400002D2400002D2400009B
:100120002D2400002D2400002D2400002D2400008B
:100130002D2400002D2400002D2400002D2400007B
:100140002D2400002D2400002D2400002D2400006B
:040150002D2400005A
:1001540070B491E87800B2E802105B1854EB0C0418
:10016400B2E802104D4156EB0C0680E8780080415D
:10017400013070BC704700BF70B491E87800B2E8F9
:1001840002105B1A74EB0C04B2E802108D4176EB9A
:100194000C0680E878008041404270BC704700BF84
:1001A4002DE9F00791E80017C0CAA8FB063440F80F
:1001B400043BA9FB0615E8FB6741EAFB665140F8DE
:1001C400044BA9FB0743ECFB661344CAE8FB6254E7
:1001D400EAFB6714ECFB673440F8045BA9FB027587
:1001E400EAFB6235ECFB6245E8FB6617E9FB663720
:1001F400EAFB6647ECFB6657BAC0BDE8F0077047F8
:100204002DE9F00791E8F807B2E802105B1854EB07
:100214000C04B2E802104D4156EB0C06B2E8021091
:100224004F4158EB0C08B2E8021059EB01095AEBA4
:100234000C0A80E8F80780410130BDE8F0077047F8
:100244002DE9F00791E8F807B2E802105B1A74EBA5
:100254000C04B2E802108D4176EB0C06B2E80210F1
:100264008F4178EB0C08B2E8021079EB01097AEBC4
:100274000C0A80E8F80780414042BDE8F007704767
:100284002DE9F007524290E87800B1E88007174062
:10029400DB1918EA020854EB080419EA020955EBC1
:1002A40009051AEA020A56EB0A0678C090E87800B3
:1002B400B1E8800717407B4118EA020854EB0804B0
:1002C40019EA020955EB09051AEA020A56EB0A066D
:1002D40078C080410130BDE8F00770472DE9F00790
:1002E400524290E87800B1E880071740DB1B18EA17
:1002F400020874EB080419EA020975EB09051AEA05
:10030400020A76EB0A0678C090E87800B1E8800724
:100314001740BB4118EA020874EB080419EA020901
:1003240075EB09051AEA020A76EB0A0678C08041E1
:100334004042BDE8F00770472DE9F00152424FF00A
:10034400040890E8300091E8C000A31B1340E41AAD
:10035400F618EB1B1340ED1AFF1830C0C0C1B8F1FA
:100364000108EED1BDE8F001704700BF00B592E886
:10037400DC072DE9DC07B1E8805702B4A7FB025182
:100384000A95A8FB020BE7FB6310E9FB62B00B9133
:10039400A8FB0351EAFB6201E7FB64B5E7FB6605D2
:1003A400E8FB6615CDF830B0A9FB03B6EAFB63168B
:1003B400ECFB6356E8FB640BE9FB641BEAFB645B40
:1003C400ECFB646B0D90ACFB0230059CEEFB6250C1
:1003D400E9FB6460EAFB64B0E7FB6431E8FB645169
:1003E400069CE8FB6461E9FB64B1EAFB64010E93DB
:1003F400A7FB0432079CE7FB6462E8FB64B2E9FBF9
:100404006402EAFB6412049CE9FB6453EAFB646340
:10041400089CE7FB64B3E8FB6403E9FB6413EAFBB1
:1004240064230F955DF8049B99E80006DDF80080CD
:10043400A9FB0854EAFB68B4DDF81080ECFB6804FF
:10044400EEFB6814E9FB6824EAFB6834DDF80480F9
:10045400EEFB6865E9FB68B5EAFB6805DDF8148026
:10046400ECFB6815EEFB6825E9FB6835EAFB68459B
:100474000F96DDF80880AEFB0876E9FB6806EAFB18
:100484006816DDF81880ECFB6826EEFB6836E9FB9D
:100494006846EAFB6856DDF80C80ECFB68B7EEFBB7
:1004A4006807E9FB6817EAFB6827DDF81C80ECFBAA
:1004B4006837EEFB6847E9FB6857EAFB686708B0F2
:1004C40000BD00BF2DE9F14F87B0FFF74FFFDDF806
:1004D4001C8008F1200888E8FF00FFBC87E87F083B
:1004E400BDE8F08F00B591E89857A3FB035201953E
:1004F400A3FB0401E3FB6420E3FB67100292A3FB6C
:100504000752E3FB6802E4FB6415E3FB6805E3FBC5
:1005140069250391A4FB07B6E3FB6926E3FB6A564E
:10052400E4FB670BE4FB682BE3FB6A5BE3FB6C6BAC
:100534000490A4FB0810E4FB6950E3FB6C60E3FB4C
:100544006EB0E7FB6721E4FB6951E4FB6A61E3FBFE
:100554006EB1E4FB6E010592A7FB0832E4FB6A620C
:10056400E4FB6CB2E4FB6E02E7FB6E12E7FB68533C
:10057400E7FB6963E4FB6CB3E7FB6C03E7FB6E1317
:10058400E8FB6E230695A7FB0954E7FB6AB4E7FB77
:100594006C04E8FB6C14E8FB6E24E9FB6E34E8FBA6
:1005A4006865E7FB6AB5E8FB6A05E8FB6C15E9FBDF
:1005B4006C25E9FB6E35EAFB6E450796A8FB0976C8
:1005C400E8FB6A06E9FB6A16E9FB6C26EAFB6C3673
:1005D400EAFB6E46ECFB6E56E8FB69B7E9FB69077C
:1005E400E9FB6A17EAFB6A27EAFB6C37ECFB6C470A
:1005F400ECFB6E57EEFB6E6700BD00BF2DE9F14FBB
:1006040087B0FFF76FFFDDF81C8008F1200888E849
:10061400FF00FFBC87E87F08BDE8F08F2DE9F04FAD
:1006240090E8F00F00F140004FF0040E59E0F0B4F0
:10063400826BC36B04680525242687593C444FEA22
:10064400724787EAF24787EA92273C4442684FEAB6
:10065400F21787EAB24787EAD2073C4440F8044BD2
:10066400032D08BF6FF01B0687593A444FEA7347BE
:1006740087EAF34787EA93273A4443684FEAF31734
:1006840087EAB34787EAD3073A4440F8042B8759EB
:100694003B444FEA744787EAF44787EA94273B448C
:1006A40044684FEAF41787EAB44787EAD4073B441F
:1006B40040F8043B013DC0D1A0F13C00076A3C4432
:1006C4004FEA724787EAF24787EA92273C44026876
:1006D4004FEAF21787EAB24787EAD2073C44C46379
:1006E400F0BC4FF0020288EA781C8CEAF84C0BEB61
:1006F400BC1C8AEA090303EA080383EA0A039C444C
:1007040050F8043B9C4451F8043B9C44674444EA3D
:10071400050B0BEA060B04EA05034BEA030BE3445F
:1007240084EAF42383EA34530BEBB30B87EA771C94
:100734008CEAF74C0AEBBC1C89EA080303EA0703BA
:1007440083EA09039C4450F8043B9C4451F8043B5D
:100754009C4466444BEA040A0AEA050A0BEA0403C9
:100764004AEA030AE2448BEAFB2383EA3B530AEB9B
:10077400B30A86EA761C8CEAF64C09EBBC1C88EAC0
:10078400070303EA060383EA08039C4450F8043B86
:100794009C4451F8043B9C4465444AEA0B0909EA29
:1007A40004090AEA0B0349EA0309E1448AEAFA2341
:1007B40083EA3A5309EBB30985EA751C8CEAF54CD4
:1007C40008EBBC1C87EA060303EA050383EA070374
:1007D4009C4450F8043B9C4451F8043B9C446444BE
:1007E40049EA0A0808EA0B0809EA0A0348EA03087E
:1007F400E04489EAF92383EA395308EBB30884EA2D
:10080400741C8CEAF44C07EBBC1C86EA050303EA6F
:10081400040383EA06039C4450F8043B9C4451F8C7
:10082400043B9C44E34448EA090707EA0A0708EA48
:10083400090347EA0307674488EAF82383EA38533D
:1008440007EBB3078BEA7B1C8CEAFB4C06EBBC1C66
:1008540085EA040303EA0B0383EA05039C4450F886
:10086400043B9C4451F8043B9C44E24447EA080698
:1008740006EA090607EA080346EA0306664487EA25
:10088400F72383EA375306EBB3068AEA7A1C8CEA29
:10089400FA4C05EBBC1C84EA0B0303EA0A0383EA63
:1008A40004039C4450F8043B9C4451F8043B9C448E
:1008B400E14446EA070505EA080506EA070345EAAE
:1008C4000305654486EAF62383EA365305EBB3054C
:1008D40089EA791C8CEAF94C04EBBC1C8BEA0A0308
:1008E40003EA090383EA0B039C4450F8043B9C4449
:1008F40051F8043B9C44E04445EA060404EA070436
:1009040005EA060344EA0304644485EAF52383EA1A
:10091400355304EBB304013A7FF4E5AEA0F1400093
:10092400BEF1010E7FF483AEA0F1400C9CE80F00F1
:10093400001949199219DB19ACE80F009CE80F0063
:100944004044494452445B44ACE80F00BDE8F08F96
:100954002DE9F00F4408F0C9B2E8000F54EB080485
:1009640055EB090556EB0A0657EB0B07F0C0F0C927
:10097400B2E8000F54EB080455EB090556EB0A06E0
:1009840057EB0B07A3F101031B40F0C0E3D18041F7
:100994000130BDE8F00F70472DE9F00F241BF0C9BA
:1009A400B2E8000F74EB080475EB090576EB0A0650
:1009B40077EB0B07F0C0F0C9B2E8000F74EB080442
:1009C40075EB090576EB0A0677EB0B07A3F1010338
:1009D4001B40F0C0E3D180414042BDE8F00F7047B6
:1009E4002DE9F00F5242440890E8F000B1E8000FFE
:1009F40018EA020854EB080419EA020955EB090540
:100A04001AEA020A56EB0A061BEA020B57EB0B071B
:100A1400F0C090E8F000B1E8000F18EA020854EBC7
:100A2400080419EA020955EB09051AEA020A56EB09
:100A34000A061BEA020B57EB0B07A3F101031B4049
:100A4400F0C0D1D180410130BDE8F00F704700BF44
:100A54002DE9F00F5242241B90E8F000B1E8000F9A
:100A640018EA020874EB080419EA020975EB09058F
:100A74001AEA020A76EB0A061BEA020B77EB0B076B
:100A8400F0C090E8F000B1E8000F18EA020874EB37
:100A9400080419EA020975EB09051AEA020A76EB59
:100AA4000A061BEA020B77EB0B07A3F101031B40B9
:100AB400F0C0D1D180414042BDE8F00F704700BF83
:100AC400F0B44408F0C954414FEAE272554156412A
:100AD4005741F0C0F0C95441554156415741A3F123
:100AE40001031B40F0C0EDD142F10000F0BC70479F
:100AF400F0B45242241BF0C95440944155409541EE
:100B04005640964157409741F0C0F0C95440944133
:100B1400554095415640964157409741A3F10103F2
:100B24001B40F0C0E7D1F0BC704700BF2DE9F00FC7
:100B3400013AD24390E8F000B1E8000F98EA0208C5
:100B440054EB080499EA020955EB09059AEA020AEA
:100B540056EB0A069BEA020B57EB0B07F0C090E832
:100B6400F000B1E8000F98EA020854EB080499EA8F
:100B7400020955EB09059AEA020A56EB0A069BEAB2
:100B8400020B57EB0B07A3F101031B40F0C0D1D1BB
:100B940052F10000BDE8F00F704700BF53B94AB9E5
:100BA400002908BF00281CBF4FF0FF314FF0FF3071
:100BB40000F00CB8ADF1080C6DE904CE00F010F8AB
:100BC400DDF804E0DDE9022304B07047704700BF9C
:100BD400034613F8012B002AFBD1181A0138704779
:100BE4002DE9F0478C468E46089E15460446194664
:100BF400002B40F0D080724547D9B2FA82F74FB14A
:100C0400C7F120030EFA07FCBD40BC4020FA03F3F1
:100C140043EA0C0C4FEA154EA8B2230CBCFBFEF8B9
:100C24000EFB18CC08FB00F943EA0C43994528D97C
:100C3400EB1808F1FF3204D2994502D9A8F1020257
:100C44002B44A3EB0903A4B2B3FBFEFC0EFB1C3341
:100C54000CFB00F044EA0344A04214D92C190CF113
:100C6400FF3304D2A04202D9ACF102032C44241A6B
:100C740043EA02401EB1FC40002334607360BDE8C7
:100C8400F0874246DDE76346F1E7002A79D0B2FAFD
:100C940082F3002B3FD01946C1F1200302FA01F57B
:100CA40000FA01F42EFA03F20EFA01FE20FA03F31D
:100CB400AFB243EA0E034FEA154EB2FBFEFC0EFB45
:100CC4001C201A0C0CFB07F842EA004290455AD942
:100CD400AA180CF1FF3004D2904502D9ACF10200FD
:100CE4002A44A2EB08029BB2B2FBFEFC0EFB1C22C0
:100CF4000CFB07F743EA02439F4246D9EB180CF179
:100D0400FF3204D29F4202D9ACF102022B44DB1B16
:100D140042EA004202E0AEEB020301224FEA154E22
:100D2400AFB2200CB3FBFEFC0EFB1C330CFB07F82C
:100D340040EA034398452AD9EB180CF1FF3004D25A
:100D4400984502D9ACF102002B44A3EB0803A4B2EA
:100D5400B3FBFEFC0EFB1C330CFB07F744EA034415
:100D6400A74216D92C190CF1FF3304D2A74202D999
:100D7400ACF102032C44E41B43EA00400F46114645
:100D840078E71F2188E76046ABE76246BFE7604625
:100D9400DBE76346EFE7734506D916B90021084639
:100DA4006DE7C6E9000EF9E7B3FA83F787B973452F
:100DB40001D3824207D8841A6EEB030301209C46B8
:100DC4001EB900215BE73846FAE7C6E9004CF8E7AC
:100DD400C7F1200CBB4000FA07F422FA0CF520FA04
:100DE4000CF1BA401D432EFA0CF30EFA07FE4FEA3B
:100DF400154941EA0E011FFA85FEB3FBF9F809FB18
:100E040018300B0C08FB0EFA43EA00439A4540D90C
:100E1400EB1808F1FF3004D29A4502D9A8F1020078
:100E24002B44A3EB0A0389B2B3FBF9F809FB18338B
:100E340008FB0EFE41EA03418E452CD9691808F1DE
:100E4400FF3304D28E4502D9A8F10203294443EAB0
:100E54000040A1EB0E01A0FB02984145CE4643465B
:100E640002D306D14C4504D20138B9EB020E68EB2B
:100E74000503002EA5D0B4EB0E0261EB030101FAC9
:100E84000CFC22FA07F3F9404CEA0303C6E90031EB
:100E940097E74046C5E74346D9E70000F0B40D4B59
:100EA4000D4E5F6A0D4BB34203D36FF08500F0BC67
:100EB40070475C68BC420AD31D6945B194F802C00E
:100EC4008488E4B2A44502D12B46F0BC18472433ED
:100ED400E9E700BF9014002008030020E40200208A
:100EE4002DE9F04705460E461746134CDFF84C80B3
:100EF400DFF84C90444503D36FF08500BDE8F087DC
:100F04006268D9F824309A4213D3A3698BB1A988B3
:100F14009078C9B2884205D13A4631462846BDE8A0
:100F2400F04718475279012A03D13A4631462846F8
:100F340098472434DEE700BFE402002008030020C1
:100F4400901400202DE9F04105460E4617460A4C40
:100F5400DFF82880444502D36FF0850009E0636917
:100F64000BB92434F6E73A46314628469847002818
:100F7400F7D1BDE8F08100BFE4020020080300209F
:100F840070B50B4B0B4CA34201D3002070BD002263
:100F9400196A1E7F0439D5B2AE4201D82433F2E770
:100FA400013211F832508542F5D10120EEE700BF3D
:100FB400E402002008030020094B00211A4610B562
:100FC4001C78844204D15C6814B102EB811010BD1A
:100FD4000131042903F14003F2D10020F7E700BFF7
:100FE4000011002030B50C4B1B68A3B153F8042C3E
:100FF400043B5268116A157F00220439D4B2A54219
:1010040001D85B68F1E7013211F832408442F5D12E
:10101400012203F8072C30BDF8100020F8B506466D
:101024000D460024054FAC4200DBF8BD315D386845
:10103400836801345B689847F5E700BFF01000202F
:1010440010B51B4B986A9C6A10F0100F14BF112046
:10105400102014F0080F9C6A18BF1220A40709D5A9
:10106400586B986A000604D519B1996A21F0800179
:10107400996213200E4B996A11F0010F996A18BFF7
:10108400142011F0200F996A18BF1520CC0658BF00
:101094009B6A074B996A890642BF596A21F4005139
:1010A4005962996A41F0FF0199620023137010BDDF
:1010B40000ED00E010B5184B986A9C6A10F4805F4C
:1010C40014BF1720162014F4006F9C6A18BF182050
:1010D400A40508D5986A000404D519B1996A21F4C5
:1010E4000041996219200C4B996A11F4806F996A36
:1010F40018BF1A20C9050CD49B6A13F4005F18BFEB
:101104001C2005498B6A43F47F438B6200231370D0
:1011140010BD1B20F5E700BF00ED00E0154B9A6AF7
:1011240012F0007F9A6A14BF1E201D2012F0807FE7
:101134009A6A18BF1F2012F4801F9A6A18BF0220EF
:1011440012F4002F9A6A18BF212012F4802F9A6A91
:1011540018BF222012F4003F9A6A18BF232012F409
:10116400803F9A6A18BF24206FEA02426FEA124253
:101174009A62704700ED00E0002807DB0123410973
:10118400034A00F01F00834042F82130704700BF3B
:1011940000E100E030B50F4AD2F89030C3F30723E2
:1011A400013B984213D80C7A0B6864F304031D4680
:1011B400CB68640923F01F0343EA440343F00103AB
:1011C400C2F89800C2F89C50C2F8A03030BD6FF04D
:1011D4001500FBE700ED00E04FF0FF313F22034B29
:1011E4000020C3E90012024A136070472010002057
:1011F4001C100020084B70B5C31A0D4607499B10FC
:10120400044659434022064809F06FFA2B4601462A
:101214002046BDE87040184760070020B76DDBB674
:10122400F4C00000402373B50B4C0093041B0B4621
:101234000D460A49A41061430646094A094809F0C3
:101244007FFA014628B130462B4602B0BDE8704013
:10125400184702B070BD00BF60070020B76DDBB651
:10126400B3A70000F4C00000014B00201B6818471E
:1012740050070020014B1B68184700BF500700208F
:10128400024B0B6001231360704700BF7CC5000054
:101294000048704774C50000024B0B6001231360C3
:1012A400704700BFFC060020004870476CC5000072
:1012B4000122074B4FF48071C3E902224FF480529C
:1012C400C3E90033034B0020C3E90012704700BF99
:1012D40004070020FC060020034B1B689B0602D475
:1012E4000520FFF749BF704700E100E030B51B4B14
:1012F4001B6863B18488E4B253F8045C043B6D68F2
:101304006D68AD78A54205D05B68002BF4D16FF011
:10131400120016E090F900504478002D16DB202CC2
:1013240004D0222C0ED06FF085000AE012681168F8
:1013340043F8101C918823F80C1C927903F80A2CAA
:10134400002030BD428803F8092CF9E7212CEAD1AA
:10135400103B136007230B60F2E700BFF810002076
:101364000022024B1A605A60704700BF4B150020E0
:10137400002103460C4AA0F84810106883F89C101A
:10138400C3F8940090889279A3F8980083F89A207F
:1013940083F89B104022A3F89E1083F8A01003F159
:1013A4004C000AF000BE00BFD0C200000123016956
:1013B40081F84A300B6833B191F848301BB10248C8
:1013C400083107F0A7BD70475005002001230169CB
:1013D40081F84B300B6833B191F849301BB10248A6
:1013E400083107F097BD70475005002013B5EFF39F
:1013F4001181202484F31288BFF36F8F846844B171
:10140400013C846081F31188BFF36F8F002002B028
:1014140010BD53EA020406D181F31188BFF36F8F24
:101424006FF00F00F3E7CDE900230246014806F010
:1014340041F8ECE74B2700201FB5002201236C463E
:10144400CDE902236B46074ACDE9004409F0A8F927
:1014540028B94FF4804200236846FFF7C7FF04B061
:1014640010BD00BF51B60000012370B582F84830AA
:1014740013680D4614463BB192F84A3023B10E4826
:1014840002F1080107F046FDD4F890305A89DB8850
:101494009A4205D175B904F1180040F6CD4204E032
:1014A40004F11800002DF8D00022BDE8704000239C
:1014B40007F060BD70BD00BF5005002008B50022D4
:1014C4000249034806F04AFA002008BDA865002036
:1014D400500500204FF050230022C3F82421D3F8F4
:1014E400242101221A62094A126822B14FF40072BF
:1014F400C3F804237047D3F82421002AFBD0002228
:10150400C3F82421D3F82431704700BF0C0800200D
:101514004FF050230022C3F82021D3F820210122C8
:101524009A61094A126822B14FF48072C3F8042305
:101534007047D3F82021002AFBD00022C3F82021D1
:10154400D3F82031704700BF040800204FF0502327
:1015540010B5D3F818141E4C11F4803FD3F8182496
:101564001BD002F00302022A02D0012A12D1012266
:101574004FF05023C3F818250022C3F80421D3F8F0
:10158400042101229A602268A2B9D3F80421002A16
:10159400FBD017E00AF0C4FCE9E7D3F81424D2071F
:1015A400E5D5D3F81C2402F00302013A012AF1D84C
:1015B40022681AB10222C3F8042310BDD3F804210F
:1015C400002AFBD00022C3F80421D3F80431F4E745
:1015D4001408002010B4EFF31180202282F3128843
:1015E400BFF36F8F22490B6843F0020413F0010329
:1015F4000C601AD04FF05023D3F80C14D3F80C34E9
:1016040013F0010311D0EFF3118182F31288BFF3B9
:101614006F8F184A936F03F0C00343F0020393677C
:1016240081F31188BFF36F8F012380F31188BFF317
:101634006F8F1BB1002010BC05F0ECBB4FF05022A3
:10164400C2F80031D2F8003101230B491360096854
:1016540019B1C2F8043310BC7047D2F80031002B22
:10166400FBD00023C2F80031D2F80031F3E700BF09
:10167400000800206007002058070020092813D81C
:10168400DFE800F005101212121212120E0C074BB2
:10169400986F10F0070007D105F0BCBB0220FBE7F0
:1016A4000320F9E70120F7E7704700BF6007002037
:1016B4002DE9F84F3E4922F07F44D1E90030D21A97
:1016C400D31840F10000C1E90030A4F50013B3F5CC
:1016D400400F09D2374B1B681D0A1B061819364BDD
:1016E40045F10001C3E90001EFF31185202383F3E1
:1016F4001288BFF36F8FDFF8C4B00026DBF8004018
:1017040000275C4508BF0024DFF8B490DFF8B480FC
:10171400C9F800204FEAE27CD8E900015CB1D4E9C1
:1017240004AE52457CEB0E0318DABAEB02036EEBFF
:101734000C06C4E9043612184FF0000041EB0C010A
:10174400C8E90021C9F8000005F0E4FA05F000FE3C
:1017540085F31188BFF36F8FBDE8F88F1AEB000093
:1017640041EBEA71C8E90001C4E90467204605F0C9
:10177400BBFA01224FF00043C4E9042385F3118826
:10178400BFF36F8F2046A3689847EFF3118520239A
:1017940083F31288BFF36F8FD9F80020DBF8004081
:1017A400A2EB0A025C4508BF0024C9F80020B1E797
:1017B40020030020F8060020280300205C010020FC
:1017C400F40600201803002003460A46F0B41979F1
:1017D400DB88006813430125094A06699A43346883
:1017E40008BF83F440238D4023F48012DB0787680D
:1017F4004CBF2C43AC4334603B68F0BC184700BF7B
:101804000100100010B50446BAB0E8220021684671
:101814000AF0C9FBE822694620460AF0E6FB04F117
:10182400080007F03DFD044B0020C4F8E0301C2301
:1018340023603AB010BD00BF09000002036803F042
:101844001F025B09026004D0012B034818BF00206B
:1018540070470248704700BF002884500025845018
:1018640010B504691022C4F8A40004F1A8010B48BF
:1018740009F09BFA002104F108000AF094FB084BDC
:101884003022E360002104F118000AF08CFB054BC0
:101894000020E3614FF48073636210BDF8100020F0
:1018A400CBA50000F94D00002DE9F047058B044657
:1018B400280717460CD501290CBF45F0100545F043
:1018C4002005258387F31188BFF36F8FBDE8F08768
:1018D400022905F0070540F09480204608F03EFEFA
:1018E400052864D801A353F820F000BFC9180000EC
:1018F400071A0000B3190000751900008F190000C1
:10190400A119000001F007035A1F012A1FD8002261
:1019140021F00701062BD4F8008089B2C4E9002223
:1019240009D1434603E0628B013262831B68002BBA
:10193400F9D141F002012046218308F00FFE4FF057
:10194400000900286DD041F02001218369E0042BB7
:101954000AD121F0070189B22046218308F0FEFD57
:1019640010B141F0200121834FF00008C14658E036
:101974002369D3F80090238B23F0070343F0060375
:101984004FF00008238346464BE02369D3F80490C4
:10199400238B23F0070343F00403F1E72369D3F80F
:1019A4000890238B23F0070343F00503E8E74FF087
:1019B4000008C146E7E7012243F00803238387F3C5
:1019C4001188BFF36F8F002A3BD1B8F1000F4AD1C1
:1019D400B9F1000F02D020462C49C847EFF3118714
:1019E400202383F31288BFF36F8F238B23F0080324
:1019F4009BB22383D9063FD523F01002228303F040
:101A040007056669218B002EBFF67CAF002399463B
:101A1400D4F8008021F00701C4E9003341F001014A
:101A24002183238B03F0070AAA4502D0A268002A67
:101A3400C1D1B8F1000F02D1B9F1000FDAD0002200
:101A4400BAE7A1680029C0D00D680029BDD033468B
:101A5400524620464F68B8471DB12B6829461D469B
:101A6400F3E72B46FAE74146334652462046D8F878
:101A7400008008F062FDA8E79A067FF523AF23F003
:101A84002002228303F0070527E700BFC3AD00004F
:101A9400002310B50B4A147884420AD00133042B76
:101AA40002F11002F7D16FF0010010BD00200A60AE
:101AB400FBE7D06809F020F80028F7D16FF0120096
:101AC400F3E700BF2CC50000F8B5042520270D4C12
:101AD400EFF3118687F31288BFF36F8F63681033B7
:101AE40007D16FF08B030848636004F12C0107F001
:101AF40011FA86F31188BFF36F8F013D04F140049E
:101B0400E6D1F8BD0011002050050020002373B574
:101B1400202504698DF8071084F84830EFF3118606
:101B240085F31288BFF36F8F0122D4F890000DF172
:101B3400070108F01EFF86F31188BFF36F8F012899
:101B44000CD0EFF305838BB101220D4BD3E8EF1FCB
:101B5400002903D1C3E8E02F0028F7D12122002374
:101B640004F1180007F006FA02B070BD94F8A13031
:101B7400002BE9D00021212009F0E4F9CEE700BFD1
:101B8400F4100020044B054A1B68B3FBF2F35843DE
:101B9400034B43F0010318476401002040420F0047
:101BA40020C4000070B5EFF31186202383F312885C
:101BB400BFF36F8F124A136823F0020113F001037D
:101BC400116018D14FF05024012242F21075C4F86C
:101BD40008236260C4F80031D4F80031D4F80C242E
:101BE400D4F80C34D20306D5DB0704D50120FFF763
:101BF400C9FF013DF2D186F31188BFF36F8F70BD29
:101C0400000800202DE9F04105460E461746EFF383
:101C14001188202383F31288BFF36F8F124C21683D
:101C240029B1124843688B4201D009F0BEF810482C
:101C340009F0D5F988F31188BFF36F8F206018B9C4
:101C440003463B60BDE8F081446800F10801A64208
:101C5400D8BF06F1FF34224628460AF0C6F900230D
:101C6400601C2B550123ECE7EC100020E41000204D
:101C7400DC10002073B51C4D28688368DB6B03B14E
:101C8400984728688368DB6A43BB184C28688368D4
:101C94001B6933B301220DF107019847012820D1B4
:101CA400236823B9124809F09AF9D0B12060114A87
:101CB4009DF8070011887F2904D823684E1C0B4423
:101CC400168018720A28E1D1138821680A484B60EB
:101CD40009F06BF8002313802360D7E798470028A6
:101CE400D3D102B070BD00BFF0100020D810002086
:101CF400E41000209C260020DC100020094B0A4A36
:101D040003F124011A60A432DA600022C3E9081244
:101D1400C3E90A229A601A741A759A611A639A8638
:101D2400704700BF90100020A7260020002318460B
:101D34000649D1F89020C2F30722934200DB704792
:101D4400C1F89830C1F8A0000133F6E700ED00E0D7
:101D540010B572B6002484F31388FFF7E7FF234617
:101D64004FF0FF300C4A03F120010133102B42F8ED
:101D74002100F8D100234FF0FF30074A03F160013E
:101D84000133102B42F82100F8D162B6BFF34F8F14
:101D9400BFF36F8F10BD00BF00E100E000280CDB33
:101DA40001220649430900F01F008240203341F814
:101DB4002320BFF34F8FBFF36F8F704700E100E024
:101DC4000028ACBF00F16040064B4FEA4111C9B294
:101DD400ABBF00F5614000F00F0080F80013195408
:101DE400704700BF14ED00E038B51E4C1E4B4FF099
:101DF400FF30C4F80833C4F8483300234FF0FF31F0
:101E0400C4F80835194B4FF40012C3E902014FF42A
:101E1400803302210125C4F80433154BC4F804139C
:101E24001520C3F88021FFF7CBFF1520FFF7A4F995
:101E3400104BA560002125600F481D6005F0EAF9EC
:101E44000E4AD2E8EF3FC2E8E15F0029F9D133B985
:101E54000B490C484B60CB608D6008F0BDFF00203F
:101E640038BD00BF0050015003000F0008030020DC
:101E740000E100E0EC060020FFFF7F00E806002000
:101E8400D80600207C07002070B502213720FFF718
:101E940097FF04F0E5FF044658BB174E337843B967
:101EA4000125164BC3F8005BC3F80457FFF714FA77
:101EB400357007230025124E3720C6F80833FFF784
:101EC4006DFF104B104A37201A60C6F80851FFF70F
:101ED40053F92A460D490E4805F040FD0D4E1022D7
:101EE400294606F128000AF05EF80B4BF3622046FF
:101EF40070BD6FF00404FAE79F26002000400050F4
:101F0400007003500C0A0020F148000068300020E3
:101F14003003002000120020954F0000274A2DE9CD
:101F2400F041022106460520FFF74AFF1379002BF2
:101F34003ED1234B136001231371224A11790029E6
:101F440036D12149137111604FF050221F49C2F854
:101F54001435087960BB1E480B7108601D49C2F82E
:101F64008035087920BB1C480B710860C2F818350D
:101F74001A4A1479E4B91A49137111604FF01C0814
:101F8400FFF7AAF9174F356908FB04539BB11846AC
:101F94001C2200210AF007F80C2303FB045501233B
:101FA4001C44042C0761AB67EDD10020BDE8F0812F
:101FB4006FF00400FAE76FF01500F7E75007002010
:101FC40081160000580700206D1200000C08002044
:101FD4000D5B0000140800207912000004080020A2
:101FE400195B000084C500002DE98048574A584B0E
:101FF40022F07F028BB09A60BFF34F8FBFF36F8FD5
:10200400D3F88820534822F47002C3F88820524A37
:102014000021121A09F0C7FF5048514A5149121AB7
:1020240009F0E3FF5048514A5149121A09F0DDFF03
:10203400002250B201210132FFF7C2FE452AF8D135
:10204400002004F095FC4B4B03F5006787F30888E8
:1020540083F30A88E0223E4B474E83F82220002275
:10206400DA771A765A769A7683F82020596A41F4F8
:10207400E021596283F82320596941F01001596124
:10208400596941F480615961596921F00801596124
:10209400102119614FF0FF319962D962D3F8901081
:1020A40011F47E4F29D0BFF35F8F3449C3F89420D5
:1020B400C3F8C01002213248C3F89820C3F89C101A
:1020C400C3F8A0000120C3F8980000F10050C3F841
:1020D4009C0000F5DF2000F2E270C3F8A00031702C
:1020E400D3F89000C0F30720814214DB0522C3F823
:1020F4009420BFF34F8FBFF36F8F22493478D1F808
:102104000480B8F1000F00F09C80B8F11F0F3BD899
:102114006FF0150495E0C3F89810C3F8A0200131BE
:10212400DEE72046C3F89850D3F89C2002F01F0243
:1021340042EA0802C3F89C2008F0B5FA7CE0D445D2
:10214400EFD1E8B208F0AFFA7BE000BF0000000076
:1021540000ED00E00803002064300020400000206F
:102164000803002068CC000000000020400000208C
:1021740028CC0000A85D0020A6260020AAFF440069
:10218400E1FF0F0090C5000018F01F0FC0D10A68CE
:10219400D306BDD1104608F07DFA904408F1FF3A09
:1021A4000546504608F076FA8542B1D115F1160F6E
:1021B400AED0A542ACDA814BC3F89850D3F89C005A
:1021C400C3F89850D3F8A09020F01F00824249F041
:1021D4001F0CB4D0013AC3F8985022F01F00D3F872
:1021E400A020D44502F01F0242EA0002C3F8A02056
:1021F4002046A1D008F057FA10F1160F88D06F4B83
:102204000130C3F89850D3F89C109DF82020C0B238
:1022140061F304028DF82020D3F8A030D2B25B0819
:1022240063F3471206A929F01F038DF82020CDF887
:1022340018800993FEF7AEFF10F1160F3FF468AF54
:10224400441C5F485F4B347083420CD008F022FA80
:1022540002465D4808F01EFA90425C4B00F088800C
:102264006FF015021A60012600244FF00208584D41
:10227400584B2046AB60C3E918441E749E81DC664B
:10228400554B0321C3F8006503F54053C3F8D086CA
:1022940008F03DFC3046032108F039FC4F4B214641
:1022A400C3F804671C22C3F804694D48C3F8006BE3
:1022B40009F079FE4B4B4A4A3046136104F058FB4F
:1022C400404604F055FB05F11803DFF81C81C5E90D
:1022D4000633DFF818A1464BC5F814804FF420529A
:1022E400CDE90463434953464046CDE90244CDE970
:1022F400004404F0F7FB98F81030814623F00403FF
:10230400404688F8103009F013FD0F23DFF8E8B0D9
:10231400CDE902434FF4A0725846CDE90464CDE9F7
:102324000054364B364904F0DDFB9BF81030D8F8E6
:10233400702023F004038BF81030324BC5F80CB036
:102344001A602C74C5E90178D8F8603083F30B88DF
:10235400544689F309880020034B984720460021FE
:1023640000220023014C2047FFAF0000ED5900007C
:1023740010F1160F18603FF476AF327882427FF77F
:1023840072AF0E4AC2F89800C2F89800D2F89C00C6
:10239400197B60F304011973D2F8A010187B490863
:1023A40061F347101873D2F89C1021F01F01596093
:1023B400D2F8A02022F01F021A6154E700ED00E0D9
:1023C4000803002000000720FFFF06203C10002027
:1023D4005C150020D0040020001000500040005084
:1023E400501000209CC5000050040020857D000092
:1023F4001EC90000A8350020D00300200FBA000039
:10240400683400206C100020054B5A699B689A427E
:102414001FBF044A536843F080535360704700BFA2
:102424005C15002000ED00E008B5EFF30583064AD3
:10243400103B02EBC30152F8330049688847BDE8FA
:102444000840FFF7E1BF00BF00CA000041F20443A7
:102454002DE9F04FEBB0ADF8043040F6061300243C
:10246400DFF88C91ADF80030D9F80010614BDFF83B
:1024740088811E680B78A6EB08065A1C62F30203D7
:102484000B7073BA4B808B8808225BBA8B804C70BC
:10249400204608F046FE3246414608F042FE074612
:1024A4001FFA86FAD9F800100AF10A031FFA83FB0F
:1024B40002AD5BBA2B800B683246CDF80A304B680C
:1024C4000DF112004146CDF80E3009F08EFD0AF1EF
:1024D4000C027FBA92B225F80B70002A6DD0032348
:1024E400B2FBF3F303EB4307BA4218BF01339B007B
:1024F4000133ED2B32D82EA920460B46DFF8FCE041
:10250400874205F1030C01F104062FD882420C46E0
:1025140021D90130824294BF00246C78824298BF52
:102524003D222F78354D4FEAA70C15F80CC04FEA21
:10253400071781F800C005EB141C82BFA40004F047
:102544003C042A5D34468A703D2207F030071CF8AB
:102554000770CA704F700022E31A22700025284EBB
:102564009CB2AC422BDC6BB0BDE8F08F1CF8034C82
:102574001CF8021C4FEAA4081EF80880240106F87F
:10258400048C04F030040EEB11181CF8015C18F8EC
:102594000440890006F8034C01F03C010EEB95144D
:1025A400615C05F03F0506F8021C1EF805100330B7
:1025B40006F8011C65463146A2E71346CEE73368A8
:1025C40002215B6895B96846671B98477C2FA8BFB2
:1025D4007C2733682EA8394628445B6898473368BB
:1025E40001215B6807483D449847BAE701A8EBE737
:1025F4007410002090100020A72600201BC70000A4
:102604007010002023C9000000F07F03082B42B2A1
:1026140004D010F0780F01D000207047002A00F099
:102624000F0300F0080004DA30B9054800EB43104A
:10263400704718B90348F9E70348704703487047DF
:102644004C1200206C1300204C1300206C1400204A
:1026540008B5144B014693F82420E2B193F82530D1
:10266400CBB1FFF7D1FF0346C0B1827A012A15D05E
:1026740007D9023A012A08D900205A69D8609A6118
:1026840008BD0121084A5165F6E7074A41F4807103
:10269400C2F81815F0E76FF01200F1E76FF01500BB
:1026A400EEE700BF001200200060035008B5074B9E
:1026B40093F8243023B1FFF7A7FF20B1406808BD89
:1026C4006FF01200FBE76FF01500F8E7001200202E
:1026D4000149024806F01EBC2812002030030020E5
:1026E400064B10F0800F03F1D80218BF13461822CE
:1026F40000F00F0002FB0030704700BF5C080020B0
:1027040010B5104B014693F82430C3B10478204629
:10271400FFF77AFF10B96FF0150010BD44720B7902
:1027240083724B88436008784988030702D44B1EA0
:102734000B42F0D1FFF7D4FF81820020EDE76FF068
:102744001200EAE700120020024610B5EFF31184EC
:10275400202383F31288BFF36F8F08F00AFD01234F
:102764000A4903FA00F00B6823EA00030B6012F035
:10277400080101BF02F00F02054B02F5947243F801
:10278400221084F31188BFF36F8F10BD140A002048
:1027940000600350F7B50146EFF31185202383F35E
:1027A4001288BFF36F8FFFF79BFF0646084608F0B9
:1027B400E0FC012211F0800F02FA00F22D4818D13A
:1027C400036832EA03040AD00846FFF7BDFF032377
:1027D400B37585F31188BFF36F8F03B0F0BD26493D
:1027E40023EA020303600B68347323EA02030B60D9
:1027F400EDE70B0715D48029204B2FD001F00F04EF
:1028040004F2DA346400C3F80048D3F80448D3F877
:102814000478E4B244F002043C43C3F80448D3F817
:102824000438154F04683B6864EA030C1CEA020F81
:10283400CFD013433B6000233373032324EA020401
:102844000622B3758DF807300D4B04601B688DF8B4
:1028540004208DF8061001A89847BAE740F2B47432
:10286400C3F80048D3F80448D3F80478E4B244F039
:102874000404D1E7100A0020140A00200060035069
:10288400180A002070B501251B4942B2002AB4BFC2
:10289400D1F81015D1F8141500F00F0305FA03F35D
:1028A4000B42044607D1002A134A05DAD2F8101560
:1028B4000B43C2F8103570BDD2F814150B43C2F89F
:1028C4001435431E062BF6D8EFF31186202383F329
:1028D4001288BFF36F8FFFF737FF204608F049FCDB
:1028E400064A8540136823EA0503136086F31188BA
:1028F400BFF36F8FDFE700BF00600350100A0020B2
:10290400030610B5044607D4054B00F00F029200ED
:102914009B580BB1FFF718FF024BC3F8184510BDC5
:10292400446403500060035073B584880D46E4B2D8
:1029340062068DF8074007D02046FEF721FB78B1E8
:10294400174B93F8BA0058B1154E5DB12046FFF706
:102954007FFEF3691BB108200DF1070198470120A0
:1029640002B070BD0F4B93F8242092B193F8253038
:102974007BB12046FFF748FE58B1230709D40A4B20
:1029840044F48072C3F80C452046C3F80C25FFF7C5
:10299400B7FFF369002BE2D009200DF10701DDE751
:1029A40090140020001200200060035070B5154EF2
:1029B400044696F82430DBB1FFF726FE0546D0B175
:1029C400230709D4104B44F48072C3F80C45204605
:1029D400C3F80C25FFF794FF2B7A7BB901232B72E4
:1029E40096F8253013B12046FFF74CFF002070BD48
:1029F4006FF01200FBE76FF01500F8E76FF0770057
:102A0400F5E700BF00120020006003502DE9F047F5
:102A14001746002900F0A3804C68B4B3D4E90045FC
:102A24008B68A3B3D3E9006393B38DB39D4240F0A5
:102A340096800135092D00F2928091F800A05FFA8A
:102A440085F808F0EDFF002840F08C80DFF8209135
:102A540099F83000012840F0888099F83830D3B1D3
:102A64000122444BC3F8082307F05CFF08B104F0CB
:102A740099F9002C31D0A8F10203072B2DD8DFE8F7
:102A840003F05C5A581F565452122546C8E71E4696
:102A940001351D44CEE705F095F87430E0D16FF0B0
:102AA4007300BDE8F087E3791B06A27943EA024389
:102AB400627943EA0223227913432E4AC2F83C3650
:102AC400E3781B06A27843EA0243627843EA0223CE
:102AD40022781343274AC2F838360024FF0347EA12
:102AE400052789F8394047EA0A07DFF8889047F450
:102AF4004057C9F80041C9F8347605F03BF8743002
:102B0400CDD0C9F8004146B3A8F10208D9F83C2653
:102B1400D9F83836B8F1070F1FD8DFE808F01D1BC5
:102B24001917161412100023BFE70023C0E700236F
:102B3400C1E70023C6E70023C7E70023C8E7110E57
:102B4400F171110CB171110A717132711A0EF270B6
:102B54001A0CB2701A0A727033700020A1E76FF079
:102B640015009EE74FF0FF309BE76FF00F0098E7EA
:102B74001407002000B002502DE9F04F06464368C8
:102B840093B05A6B5368117A03EBC101994205D88B
:102B94006FF00104204613B0BDE8F08F5879002887
:102BA40000F052820833F1E73A68C2F3C323082BDA
:102BB400C2F3080400F245825549C95C40F2FF1390
:102BC4009C4208BF4FF0FF34B2F10C5F4FEA12632E
:102BD40016D2032B16D9043B1E2B13D8DFE803F0BF
:102BE400151C211212121235401212121212121254
:102BF4001212435E6164121212676C6F7275780070
:102C04004E2B13D06FF08504C4E74FF0000AC5F8CB
:102C14000845621C63D12DE04FF0010AC5F80C454C
:102C2400F7E7C5F810454FF0000A15E0C5F814455C
:102C3400631C1FD00CA80C94FEF700FE0C9B4FF0F5
:102C4400010A09FA03F3836051E0C5F80845002935
:102C5400E9D14FF0000A0621631C0BD0002047E0A5
:102C6400C5F80C45F3E7C5F860457B88601C03F0A4
:102C7400010330D10437B84596D102212B20254FCA
:102C8400FFF79EF8304608F0DEF997F830307568A3
:102C94003269002B40D06FF077046AE1C5F86445CF
:102CA400E3E7C5F86845E0E7C5F86C45DDE7C5F836
:102CB40024454FF0010ACFE7C5F82845B8E7C5F821
:102CC4003045F6E7C5F83445F3E7C5F83845F0E78D
:102CD400C5F83C45ACE7002BACD14FF0010A0CA879
:102CE4000C94FEF7ABFD0C9B09FA03F3C3600120BF
:102CF4003B6800911A0444BF00204FF0010A0146CA
:102D040052462046C3F3412304F0B2F9B2E700BFB0
:102D140012C7000014070020A14BC7E90032002DA0
:102D240000F0BE8095F829401CB195F82A30002B9C
:102D340061D16968FF2900F07C81AA68FF2A00F04C
:102D44007881EB68FF2B00F0748128690E2840F02D
:102D54007081112940F06D81122A40F06A810D2B97
:102D640040F067816B69FF2B02D00F2B40F061812B
:102D7400AB69FF2B02D0102B40F05B81ACBB4FF052
:102D840003082346012221461120CDF8008004F0D7
:102D94006FF9CDF80080234601222146A86804F08B
:102DA40067F9CDF80080234601222146E86804F043
:102DB4005FF9CDF80080286923460122214604F0FA
:102DC40057F96869FF2806D0234601222146CDF829
:102DD400008004F04DF9A869FF2806D0032300936E
:102DE40000230122194604F043F995F82A3013B957
:102DF400281D03F0A9FF6B6A6A4C7B6395F82930A0
:102E040087F83A3007F08EFD20B10123C4F8083367
:102E140003F0C8FF2B68C4F84035AB7F697F2A7F75
:102E24009B0143EAC1031343EA7F43EAC213C4F894
:102E340044354FF47F03D3F83021D3F83431072AD3
:102E440011D1022B0FD095F82320D4F84435002A51
:102E540040F09A8043F44033524AC2F844354FF468
:102E6400C063C2F840364F4995F82030D1F80026A7
:102E740022F07F4222F0FF02134395F8212043EA17
:102E8400026395F8222043EA426395F8232043EA3B
:102E94000273C1F800363B6813B12B20FEF76CF9BE
:102EA400DFF804C14FF0000EBCE80F000CAC0FC4F7
:102EB4009CE80300AB234FF001090DF10C0BCDF896
:102EC4000CE084E80300CBE901EEC7E902EE8DF8DB
:102ED4000C30344B87F8309087F838E0D3F8242549
:102EE4000DF13008D2B20692D3F828254046D2B26A
:102EF4000792D3F83025D2B20892D3F83425D2B24F
:102F04000992D3F83825D2B20A92D3F83C35DBB211
:102F14000B9303F019FF97F83830D3BB484604F0FD
:102F240051FE82460DF11809484603F00DFFBAF12F
:102F3400000F31D1524659463046FFF767FD04462B
:102F4400B8B92320FEF71EFE9F220323CDF830A03C
:102F54004146C8F804A030468DF830205246079305
:102F6400CDF818B0CDF83890FFF750FD0323044690
:102F7400E0B1304608F09CF897F83030002B3FF46D
:102F840009AE03F0A7FC05E623F4003343F48033D1
:102F940062E76FF0770AC5E76FF00404E9E700BF62
:102FA40045B6000000B00250D8C200001A46594687
:102FB40005F1300009F03FF8044600283CD172685E
:102FC400537F023B012B32D9157F023D022D8CBF6A
:102FD40000250125304608F0BAFE00282FDBC2B2D6
:102FE400C0F38010A842C4D0002382F04002ADF8A0
:102FF40008308DF8082002AA069201220C9341465B
:10300400C8F80830304607928DF83020CDF8349057
:10301400FFF7FCFC04460028ABD1304608F097FECD
:10302400041E01DBE207F8D404EAE474A1E70125F5
:10303400D0E76FF015049CE76FF0120499E704469B
:1030440097E76FF01504A5E51F6893F804804FF027
:103054000109156807EB88080DE600BF0D4B1868D9
:10306400010A0006BFF35F8F0B4BD3F80435181821
:1030740041F10001B3F5801F0AD2084BD3E90023C4
:10308400904271EB030303D210F1807041F100010F
:10309400704700BFF80600200050015028030020AC
:1030A400F8B572B6002383F31188BFF36F8F05233D
:1030B4001A4E1B4F35786C1CB4FBF3F303EB8303FC
:1030C400E41AFFF7CBFF174A137823B157F82430DB
:1030D400C01A07281ED94FF05023D3F8141151B148
:1030E4000021E5B2C3F81411D3F81431357014B9C2
:1030F400012325461370FFF7B1FF47F82500BFF3FE
:103104004F8F30BF00BF00BF00BF00BF00BF00BF74
:1031140000BF00BF62B6BFF36F8FF8BDA5260020C5
:1031240028100020A42600202DE9F7432D4BD3F8C6
:10313400042391070BD5D3F8042142B10022C3F82C
:103144000421294AD3F80431136801331360254C50
:10315400D4F80433DA033FD5244BD3E8EF2F22F01D
:103164000101C3E8E01F0028F7D1D30702D4D4F843
:1031740040318BB30025C4F84051D4F84031FFF7F7
:103184006DFFEFF31182202383F31288BFF36F8F57
:10319400174BD3E90267B042B94120D3D3E9009871
:1031A4004FF0FF304FF0FF311D60C3E902014FF4CF
:1031B4008033C4F84833C4F84051D4F8403182F322
:1031C4001188BFF36F8FB9F1000F05D032463B462B
:1031D4000020CDF80080C84703B0BDE8F083A946BD
:1031E400EDE700BF00500150F8060020F006002073
:1031F40008030020012310B5074C15206360FEF777
:10320400CDFD4FF40012054BC4F80833C4F848331D
:10321400034BC3F8802110BD0050015003000F0080
:1032240000E100E030B587B00D46C0B201A9FEF759
:103234002FFC48B9019C1023A168204602AA10392A
:1032440007F02DFE002801DA012045E01022204677
:1032540002A907F0ABFF002840D11022204902A8A0
:1032640008F0E9FE00280CBF012302232B70A1689B
:103274000123183921F0070120460DF1030210390A
:1032840007F00DFE0028DFDB9DF80330204603F035
:103294000F021B096A702B7101220DF1030107F063
:1032A40085FF10B96B78042B03D901236B700023BD
:1032B4002B71A2682046183A22F00702083AA91C8A
:1032C40007F086FF0028BFD1A2682046183A22F0F2
:1032D4000702E91C07F07CFF07B030BD0323C5E7F4
:1032E400E4C6000008B507F010FB58B1584BD3F8FA
:1032F400202A3AB90D21C3F8201A0121C3F81C1958
:10330400C3F81C290022D30003F57F03D3F800136C
:10331400013107D0D3F800130132D3F80433202A43
:103324000B60F0D107F0F1FA002840F0888007F034
:10333400ECFA40B1474B484AC3F830254FF05023CC
:103344000122C3F858254FF47F03D3F83021D3F872
:103354003431072A06D1023B012B9EBF00223F4B8A
:10336400C3F84C2507F0D1FA50B14FF05023D3F8ED
:103374000024D10742BF0022C3F81421C3F8182146
:1033840007F0D0FA48B14FF05023D3F80024D20705
:1033940044BF6FF00102C3F8002407F0B6FA18B175
:1033A40065222B4BC3F80C2707F0BCFAB0B12B4BAA
:1033B400D3F82034002B11DA4FF050230322C3F842
:1033C400182501229A60D3F80421002AFBD0002298
:1033D400C3F804210122DA60C3F8182507F023FE9C
:1033E400E8B17E221A4B1B49C3F80C27C3F83C29C9
:1033F4007F231B4AC2F818310023C1F8043EC1F8E8
:10340400083E01F54821C1F81031C2F82431C2F850
:103414002C3102F5FF1202F58052C2F8A032114A93
:10342400D2F88C3043F44063C2F88C300E4A0F4B10
:103434001168C3F84415D269C3F84C2508BD292284
:10344400034BC3F80C270322C3F83C276FE700BFE4
:1034540000400050009003504400EFBE0020035091
:103464000020005000ED00E00080FF0000600050EC
:103474002DE9F7434268054692F82670036907F080
:1034840003070021C3E90033C3E902115961906ABB
:1034940068B9D5E9016996F82510D5F81080FF2997
:1034A40023D0D9F82840BCB96FF0570410E0283273
:1034B40007F022FB002800F0CA80002F0CBF4FF455
:1034C400B0114FF4D0111046FEF77EF9041EE0DA75
:1034D400204603B0BDE8F08396F82420002A4DD19D
:1034E4002846A04700280446F2DB96F8261001F08F
:1034F4000C0108290AD0AB6800391B6B18BF0121E5
:10350400002BD1D028469847041EE1DBB268B2F103
:10351400004F05D01146284607F094F9041ED7DB66
:103524007269B2F1004F11D0D5E901131B6A002B67
:10353400BAD00869824200F38780C9688A42C0F21F
:103544008380114628469847041EC1DB3368B3F1D3
:10355400004F1ED0AB685B69002BA5D0284601A99B
:103564009847041EB4DB3268019B9A4237DD11464A
:10357400284607F067F9041E10DAA9E7336A1A44EB
:1035840013F8010B8142ABD09A42F9D16FF0850454
:103594009EE76FF0004372689A42DBD11FBB96F836
:1035A40026309B0728D02846D9F800309847041EB7
:1035B4008EDBB06968B127494FF400450C463946A3
:1035C400E0FB05410023244A2046FDF7E7FA07F013
:1035D400B9FCD8F814300133C8F814300CE0726820
:1035E4009342DBDDC3E7D8F814300133C8F8143054
:1035F40096F82630D90601D4002469E7AC686068DF
:103604000028F9D06B6893F82630DA07F4D42E69D1
:103614004FF0FF334FF0FF32304608F05DFC736922
:10362400002B04DC0024304607F0EEFD50E7013B9C
:103634007361002BF6D1636828469847041EBEBF09
:10364400736901337361EEE76FF0150440E76FF0BF
:1036540012043DE73F420F0040420F002DE9F043C2
:10366400DFF8DC801F4698F8243004468946164665
:1036740085B0002B5DD098F82530002B59D0030677
:103684005AD5FEF7C1FF0546002855D0037A002B12
:1036940052D04FF0FF334FF0FF3208F1380008F0FA
:1036A4001BFCAB7F4BB108F1380007F0ADFD6FF0A8
:1036B4000A04204605B0BDE8F08316B9EB7F03B1D8
:1036C400EE77AB7AC3B95EB1B8F80A309E4207D23E
:1036D4006A68B6FBF2F302FB13630BB90123EB77C1
:1036E400184B1B78A34207D00122174B17481A65C1
:1036F40007F08AFD0024DCE701234FF00008204690
:10370400AB7701A9CDE90196CDF80C8003F0E4FB79
:10371400044650B185F81E800FB1C7F800806FF0E1
:1037240004040A4807F070FDC3E7002FF9D03E6097
:10373400F7E76FF01204BCE76FF01504B9E700BFB8
:1037440000120020A0260020006003503812002040
:1037540013B5164C237DF3B9E26801AB8020A16850
:10376400019207F053FD019AA3681344A360E36830
:103774009B1AE3606BB962B12369E2889A4208DD5F
:1037840094F8C82093FBF2F102FB11330BB9012327
:10379400237502B010BD002380201A4619462375F4
:1037A40002B0BDE81040FFF759BF00BF90140020DD
:1037B400002330B585B00D460193014600285CD145
:1037C400002D35D108212A460DEB010008F0DAFA64
:1037D400002804DA8020FEF73BFF05B030BD2C4CF6
:1037E400029AC4E903552260039ABDF80E30626060
:1037F40004F13802A2609DF908202575002A0ADB2D
:10380400802B04D98020FEF723FF0020E3E713B1C7
:10381400C4E90333E1E703F0ABFB0028DAD0E28824
:1038240023699A42D4BFE260E360FFF791FFD4E7D3
:10383400174C01AAD4E90203002B04DC08F0A2FA15
:103844000028CADAC6E7194608F09CFA0028D9DB32
:10385400019AA3681344A360E3689B1AE360002BF6
:10386400BBD104F13803A36003F082FB0028B1D07C
:1038740005B0BDE83040FFF76BBF8028ADD1044BE5
:10388400DA68002AF4D11B7D002BF1D1A5E700BF33
:103894009014002030B54FF400334268056942F2B9
:1038A400A10085B0CDE90103002385F89D30106A9D
:1038B400ADF80C100A22007901A907F0A7FC074C07
:1038C40095F89D3013B1002005B030BD0120FEF7FE
:1038D40059F9013CF4D16FF00400F5E7A186010029
:1038E4002DE9F0411D46204B174693F824200E463F
:1038F400002A33D093F8253083B3030631D401B9B9
:103904007FBBFEF781FE044658B3037A4BB34FF0F6
:10391400FF334FF0FF32154808F0DEFAE368BB428C
:10392400984628BFB84646B93FB905B12B600F4841
:1039340007F06AFC0020BDE8F08142463046A169E8
:1039440008F053FBA3694344A361E368A3EB0803B2
:10395400E360002DEBD0C5F80080E8E76FF01200BB
:10396400E9E76FF01500E6E70012002038120020A6
:1039740038B5EFF31185202383F31288BFF36F8FDB
:103984000468A04212D08CB1204608F0A6F904F1D4
:10399400180003F043FF00232046A36708F0C8F98A
:1039A4002946BDE83840074803F052B9D0E902324D
:1039B4009A4218BF0133836085F31188BFF36F8F78
:1039C40038BD00BF4B270020F8B50D4619462846E0
:1039D40017461C4606F0FBFE002847D07BB34FF089
:1039E400FF324FF0FF332348FDF700FD15F00306C7
:1039F4000CD0C6F10406A64228BF264639462846FE
:103A0400324602F005FF35443744A41B002301224B
:103A14001946194E24F00300984212D16FF00302A4
:103A2400A30802FB03421AB1C119284402F0F0FEB4
:103A3400D6F80034DB07FBD50E48FFF799FF0020CA
:103A4400F8BD53F807C0C6F88425C6F80425D6F88F
:103A540008E41EF0010FFAD043F805C0BFF35F8FEE
:103A6400C6F884150433C6F80415D5E76FF01500BD
:103A7400E6E700BF040700200090035070B50C4631
:103A840011462046154606F0A2FE58B344EA020643
:103A9400C6F30B0636BBB2F5805F01D2002070BDC1
:103AA4004FF0FF324FF0FF331048FDF79FFC2046E4
:103AB40002224FF0FF310E4B2544C3F88425C3F88E
:103AC40004250160D3F80044E407FBD500F58050D9
:103AD400A842C3F88465C3F80465EED10348FFF730
:103AE40047FFDBE76FF01500D9E700BF04070020AC
:103AF4000090035038B503690446C0E90533002338
:103B0400C360837F93B1457A4FF0FF324FF0FF33A8
:103B14000A48FDF76BFC2846FEF73CFE0748FFF712
:103B240027FF4FF48002064BC3F8042101232377B7
:103B340000236377E377A37738BD00BFE00100205B
:103B440000E100E038B5002464F07F00C0B2FEF765
:103B54005BFD0134FFF7CEFF082CF5D100240E4D98
:103B6400E0B2FEF751FD036903B905610134FFF7C3
:103B7400C1FF082C05F14005F2D10848FFF7BAFF50
:103B8400074BD3F87C2212B9064AC3F87C220648B4
:103B9400FFF7B0FF002038BD1C0E00204C1300209E
:103BA400001200201C0A00206C14002038B50446C2
:103BB400FEF72AFD054678B3037A83B34FF0FF324C
:103BC4004FF0FF331748FDF711FC2046FEF7E2FDE6
:103BD400012304F00F029340DB43134A14F0800FD7
:103BE40015BFD2F81015D2F814150B400B4014BFB2
:103BF400C2F81035C2F814350A48FFF7B9FE00249C
:103C04004FF48002094B2846C3F80421AC77FFF730
:103C140071FF20462C7238BD6FF01500FBE76FF082
:103C24007700F8E7E00100200060035000E100E0C5
:103C340010B50446FFF7BAFF10F1780F00D058B959
:103C4400204606F0A7FC064AD2F8C43023EA000353
:103C54000020C2F8C43010BD6FF01500FBE700BFB0
:103C64009014002038B58478EFF31185202383F372
:103C74001288BFF36F8F2046FDF79EF950B1436859
:103C8400103307D16FF08B0300F12C014360074818
:103C940005F040F985F31188BFF36F8F2046FFF7D5
:103CA400C7FFB0FA80F0400938BD00BF50050020BE
:103CB40073B503794179867843EA0123ADF802307C
:103CC400C378024603F0030330468DF8043006F04F
:103CD40061FC154C0546D4F8C430184209D010468E
:103CE400FFF7C0FFEFF305831BB90520002103F0A4
:103CF400CDFC68468DF80060FEF702FD10B100208F
:103D040002B070BD3046FEF751FE10F1780F01D0BD
:103D14000028F4D10120D4F8C43084F8B9002B432E
:103D2400C4F8C430ECE700BF901400202DE9F0473C
:103D3400A24D0446AB690E46174663B9207800F0DD
:103D44001F0001287CD0022800F0DA8040B16FF017
:103D54001500BDE8F08798470028EFD10020F8E768
:103D640094F900206378002A29DA062B0AD0082B5C
:103D74003A681FD0002BEAD1537001231370022339
:103D84003360EBE76388190A0A1F012A8C46DED9DF
:103D94000729DCD8DAB26B6A1C78002CD7D05D789E
:103DA400654503D1824200F0038101302344F3E7E7
:103DB4001B78E5E795F8BA3013700123E0E7052B8B
:103DC40016D0092BC3D1638833B1FF27B8466E6A76
:103DD4003378BBB90028BAD0FDF7C2FA638885F8F6
:103DE400BA30EB69002BB9D0032075499847B5E781
:103DF400744B93F82420002AA9D093F82530002B83
:103E0400ACD1A4E77378042B0DD0052B0ED0022B74
:103E140006D177796388BB4208BF40F00100C0B285
:103E240033781E44D4E796F80380F9E76388BB42ED
:103E3400F6D1B8F1000FF3D13046FFF739FFEFE7C1
:103E440095F8BA30002B82D0D5F82480A188434657
:103E54005FFA81FC1A78002A3FF479AF5878022877
:103E640004D193F804E0E64500F2B0801344F1E78E
:103E740013705370306071E79844B4E00B2B7FF4F7
:103E840066AF0026FF27B246B94608E098F801302D
:103E9400042B11D0052B21D098F80030984498F8C1
:103EA4000030002BF2D1EB6913B15146072098473B
:103EB400002E7FF453AF4AE798F80270A38898F86D
:103EC40003909F42E8D163889945E5D1072F14D820
:103ED400EB19C246012683F8BB90DDE7A388BB42F9
:103EE400DAD163884046DBB24B4503D0FFF7BAFE14
:103EF4000646D1E7FFF7DCFEFAE7C2460026CBE729
:103F040094F900206378002A3CDA002B7FF41FAF79
:103F1400B4F8048018F07F0F5FFA88F40AD02046C2
:103F2400FDF72EF800283FF412AF95F8BA30002BB5
:103F34003FF40DAF234B396893F82420EAB193F88A
:103F44002530D3B12046FEF75FFBB0B1A9B12307FA
:103F540016D418F0800F1C4B04F00F000BBF00F5B3
:103F6400887000F5847003EB800353F8203008BF99
:103F74005B68003B18BF01230B7000234B70FEE607
:103F84000023F9E7012B08D0032B7FF4E0AE63880C
:103F9400002B7FF4DCAE012103E0618800297FF46B
:103FA400D6AE2046FEF7C0FC00287FF4D7AECEE69E
:103FB40002293B607FF4FCAE5B88E1E690140020AC
:103FC4004A150020001200200060035094F90020DC
:103FD4006378002ABFF652AF3A68002B3FF448AF2B
:103FE4000A2B7FF4B4AE98F80030002B3FF4AFAE48
:103FF40098F8010004287FF43FAF98F8020081424A
:104004007FF43AAF072996BF4919002391F8BB30D2
:10401400D2E600BF04282DE9F14F04460F46DFF82D
:10402400949016D001282DD1DFF88C8098F8B930FF
:1040340043B3FDF749FD214D4D4520D24FF0000A11
:10404400D5F820B02B7F5FFA8AF6B34204D8243522
:10405400F2E7FDF785F9E7E70BEBC6063079FFF7E2
:10406400A5FD0246307906F095FAD8F8C4300AF175
:10407400010A23EA0003C8F8C430002AE2D000236E
:1040840088F8B9300D4D4D4508D30B4B1B6A6BB105
:104094003946204601B0BDE8F04F1847EB681BB124
:1040A4003A462146284698472435ECE701B0BDE856
:1040B400F08F00BF0803002090140020E4020020C9
:1040C4002DE9F04F584BDFF86481D3F8542185B0C3
:1040D400EAB10022C3F85421D3F80413890216D597
:1040E4008DF80C20D3F8202503A8ADF80E20D3F8C2
:1040F400C034002B14BF4FF001224FF48072D8F863
:1041040000301343C8F80030494B1B689847464BAE
:10411400D3F8604134B10022C3F86021D3F86C4471
:10412400C3F86C44D3F828214AB10022C3F82821EB
:10413400404B187807F01DF8012383401C43DFF837
:10414400F8A09AF800509AF9006015F0080005F0FC
:104154000F0236D1002EB4BF384B394B91000B44BB
:104164001968DFF8E09041B3002119602E4B78BB49
:104174008E424FF0140101FB0233B4BFD3F808366A
:10418400D3F80837304A03F0010311782F484B4025
:104194001370FFF7EDFB2846FEF7A2FA837D032B8D
:1041A4001DD1284606F0E5FF012303FA00F0D9F8F3
:1041B400003023EA0003C9F80030012506261C4F0D
:1041C40071E0234B234933EA260328BF0B46C7E794
:1041D400002EB4BFD3F8A836D3F8A837D2E7037BB0
:1041E400E3B9284606F0C5FF012303FA00F0D9F825
:1041F4000030002E23EA0003C9F8003001DA882DCC
:10420400DBD106238DF80C3000238DF80F30084BDA
:104214008DF80E501B6803A89847CEE7002DCCD12B
:104224000122014BDA64C8E700600350140A00203D
:10423400180A0020A02600209E26002008610350B2
:1042440030610350100A0020A1260020E001002064
:10425400506103502C61035094FAA4F3B3FA83F32E
:1042640019460F2BD8F80020C8BFA3F1100105FA96
:1042740003F342EA0302C8F80020D9F80020CCBFB7
:10428400C9B241F0800124EA030413400A0640F154
:10429400938043B98DF80C608DF80E108DF80F30B3
:1042A4003B6803A89847002CD6D1A74BD3F800212C
:1042B4005AB1C3F80041A54B03A81C70A44B1C7051
:1042C40001230393A34B1B6898479F4BD3F85821B2
:1042D400002A2ED00022C3F85821D3F80044E60562
:1042E400C3F8004408D50122984B03A81A7002238E
:1042F4000393984B1B689847A50508D50022934B58
:1043040003A81A7003230393924B1B689847600514
:104314000FD58E4B1A7862B100221A7001228A4B93
:1043240003A8C3F808259A6504230393894B1B68E3
:104334009847854BD3F85C3123B3874B9B681BB9F3
:104344009AF8003059061DD000227F4B03A8C3F809
:104354005C21D3F880347E4A23F07F031370D9F8AC
:10436400003023F00113C9F80030D8F8003023F4EA
:10437400803343F00103C8F8003005230393754BE1
:104384001B689847D9F80020D8F800301A4200F08A
:10439400C880002200237048FDF728F8002840F068
:1043A400C080694BD3F82C35002B43D06A4805B044
:1043B400BDE8F04FFFF7DCBA002B7FF474AF8DF843
:1043C4000C608DF80E108DF80F5069E7003B71E01A
:1043D40004F00802002A73D05B4AD2F8C02412F415
:1043E400803F18BF00222968904223BF5718801AC3
:1043F4002F60002724BF17466860003818BF0120CB
:10440400964518BF0020002960D097425ED2012152
:10441400B14023EA0103C9F80030062302208DF8D5
:104424000C304C4BA8758DF80F001B688DF80E40AE
:1044340003A89847D9F80030D8F800601E40B5D0DA
:1044440016F0012114BF91FAA1F696FAA6F6B6FA6F
:1044540086F6F4B20F2EC6BF103CE4B244F08004DA
:1044640020460093FEF73CF94FFA84FB04F008035E
:10447400BBF1000F0546B0F814E001934068009BBF
:10448400A6DA2968864501F06043774628BF0746C7
:10449400B3F1005F04D03A46304807F0A6FD2F4937
:1044A4002A686B683A442A60AA68DB1BD2076B60EF
:1044B4008CD53B1E18BF012353B900232B7307E08F
:1044C400214A04F5947152F821208CE70028F4D095
:1044D4000122D8F8003002FA06F623EA0603C8F8E7
:1044E40000302B6904F008003B442B618AF800403B
:1044F400154BC8B9142004F00F0400FB0430BBF1C1
:10450400000FB5BF03EB84030A34C0F80016C0F8EB
:104514000017B5BFC0F80476C0F804775A6043F8B2
:10452400242005B0BDE8F08FBBF1000FB5BFC3F880
:10453400A016C3F8A017C3F8A476C3F8A477B4BF31
:104544005A629A64EDE700BF00600350A22600207F
:10455400A0260020180A0020E00100201C080020EA
:104564004FF0FF32F8B52B484FF0FF33FCF73EFF16
:104574004FF48002284BC3F884215B685A0213D598
:104584000127264E264B34681B686FF30F041C4327
:1045940054BB40F2FF13234D33603620C5F8044565
:1045A400FDF7FCFBC5F800431F4A13788BB10021CB
:1045B4001C4BC3F808110121C3F80026C3F80416E4
:1045C4005960D3F808110029FBD00021C3F8081161
:1045D40011700022134B0F48C3F80025FFF7C8F9E8
:1045E4000122124B1A70F8BD94FAA4F5B5FA85F5B8
:1045F40028460F2DC6BFA5F11000C0B240F08000C0
:10460400030701D4FEF7C6F807FA05F524EA050402
:10461400BEE700BFE001002000E100E0140A002032
:10462400100A002000600350A1260020A3260020C9
:104634002DE9F047EFF31187202383F31288BFF3AA
:104644006F8F5F4B1868002800F09F8059680268DC
:10465400884222F0030208BF5A601A60036899076F
:1046640000F09380D0F8049050F8046CEFF31188B4
:10467400202383F31288BFF36F8F35680122AB6860
:10468400B3F5004F34BF04230823C41A043C641B4D
:10469400E4082146284605F031FF104006D180F396
:1046A4001188BFF36F8F0423184602DF2146284682
:1046B40005F02FFF04EB000A51460022284605F0BE
:1046C4001DFFAAEB000A544506D082F31188BFF3FC
:1046D4006F8F0423184602DFAA6805EBC403B2F502
:1046E400004F2BBF5A685A8822F0010222F00102BF
:1046F4002CBF5A605A802146284605F00AFF04EB75
:10470400000A01225146284605F0F8FEC20708D4E3
:104714005146284606F0CCFA52462146284606F071
:104724009EFA00222146284605F0E8FEA4EB000A82
:1047340001225146284605F0E1FEC30709D451463B
:10474400284606F0B5FA22465146284606F087FA6E
:1047540054462146284606F0E7FAEFF3118A20234F
:1047640083F31288BFF36F8F0023F46806F10C05FE
:10477400A54210D18AF31188BFF36F8FD3B141469C
:1047840006F1140002F064FA484687F31188BFF377
:104794006F8FBDE8F087002CECD0204607F09DFA1F
:1047A40004F1180003F03AF8204602F015FA012348
:1047B400F468DDE788F31188BFF36F8FE4E700BF87
:1047C400F0010020F8B50446EFF31186202383F3AB
:1047D4001288BFF36F8F204B1F4657F8085F5A6843
:1047E400BD4213D095B1284607F077FA05F11800B9
:1047F40003F014F800232846AB676C6107F098FABD
:1048040031463846BDE8F84002F022BA0021216062
:1048140032B91A6822605A681C6042B95C6006E0CA
:10482400106803280ED8596831B9C3E9004486F3E7
:104834001188BFF36F8FF8BD0A6802F003022243A8
:104844000A60EBE720F003002060136803F0030321
:104854001C431460EBE700BFF00100202DE9F04198
:104864004668EFF31188202383F31288BFF36F8F18
:10487400124CE768B7B92568A54213D095B128460C
:1048840007F02BFA05F1180002F0C8FF2846AF67BD
:104894006E6107F04DFA414604F10800BDE8F041AD
:1048A40002F0D6B93760A369E660013BA36188F3DF
:1048B4001188BFF36F8FBDE8F08100BFB001002005
:1048C40010B5044606F0CDFE60B1002204720274F5
:1048D400FFF778FF044B93F824301BB1BDE8104078
:1048E400FDF7F6BE10BD00BF00120020012870B510
:1048F40004461ED002281DD0D0B9EFF31186202320
:1049040083F31288BFF36F8F0D4D284602F086FFA4
:10491400002200232846C5E90A230A4945F69912CC
:1049240000232C6302F038FD86F31188BFF36F8FE8
:1049340070BD00242046BDE87040FFF7C1BF00BF32
:10494400780100200177000070B58178064608469A
:10495400FDF75AFE0B060446F57812D5002D43D117
:1049640006F07FFE034600283ED00122A57702749C
:10497400032202739C60FFF725FFBDE87040FDF73A
:10498400A7BE4DB1012D2FD106F06BFE034658B3DF
:10499400657705740573EDE706F063FE20B3B2781E
:1049A400124B12F0800F02F0080111D041B1D3F87C
:1049B400A836E36001230374022384600373DAE7F7
:1049C400142102F00F0201FB0233D3F80836F0E79A
:1049D40011B1D3F8A837ECE7142102F00F0201FB60
:1049E4000233D3F80837E4E770BD00BF006003501A
:1049F400F0B5064687B01422002101A807F0D3FAC7
:104A04003378013B052B21D8DFE803F0900314141D
:104A14007516032300248DF80C3006F022FE03469D
:104A2400A0B100F108020474DDE9030182E8030087
:104A340018461DE00423EDE7B1780846FDF7E4FDD0
:104A4400837A044623B1013B022B4ED907B0F0BD53
:104A54000B06F57813D5002DF8D106F002FE0346B7
:104A64000028F3D00122A5770274032202739C600C
:104A7400FFF7A8FE07B0BDE8F040FDF729BE55B129
:104A8400012DE3D106F0EDFD03460028DED0657765
:104A940005740573EBE706F0E4FD01460028D5D064
:104AA40002230127037307748460B078FDF718FEAE
:104AB400EFF31183202282F31288BFF36F8F026910
:104AC400E26083F31188BFF36F8F194AE068B2F88C
:104AD4008C32834282BF1B1AA2F88C32154B0846D3
:104AE4008CBFDF64A2F88C52C2E7304607B0BDE841
:104AF400F040FFF729BF0F4BD3F88014D3F8842478
:104B0400D3F88804D3F88C04D3F89004D3F894042D
:104B1400D3F89804D3F89C34D3B2052B02D111F006
:104B2400600F93D0044B0124039376E7022474E7C7
:104B340000120020006003506C13002070B51E4D5D
:104B4400034695F8242082B395F825206AB31B0602
:104B54002ED4FDF759FD044650B3037A43B34FF006
:104B6400FF334FF0FF3205F1380007F0B5F9E36881
:104B7400B3B9012663692677A361637F83B106F025
:104B840070FD30B905F1380006F03EFB6FF00B0004
:104B940070BD067484600673FFF714FEFDF798FD7C
:104BA400064806F031FB0020F2E76FF01200EFE751
:104BB4006FF01500ECE700BF00120020381200204F
:104BC4002DE9F34150F8283C0446103310F82C5CCE
:104BD4000AD1036950F8202C980732D5B2B9590785
:104BE40011D5002344F8283C54F8283C103364D0F1
:104BF400EFF30583002B4DD02146314802B0BDE8C8
:104C0400F04104F087B943F004032361284654F8C3
:104C1400241C01AB06F0FAFA10B16FF01503E1E7BA
:104C2400019A54F8243C134444F8243C54F8203C9E
:104C34009B1A44F8203C54F81C3C134444F81C3C94
:104C4400D2E7284654F8241C01ABFEF749FE00289D
:104C5400E3D1019954F8243C54F8206C0B4444F8F3
:104C6400243C54F81C3C761A0B4444F8206C44F859
:104C74001C3C0029B5D02846FDF718FDB1FBF0F324
:104C840003FB10110029ACD1002EAAD02846FFF74F
:104C940055FFA9E754E90776A4F1100044F8183C3D
:104CA40054F8148CFEF764FE3EB142463946284659
:104CB400334602B0BDE8F041184702B0BDE8F081C8
:104CC400500500204B1E012B37B505460C460ED867
:104CD400FCF772F968B9012C09D101AB012228460D
:104CE4000DF10301FEF7FCFD019B002BF5D103B090
:104CF40030BDEFF305832C300BB1012C04D103B08C
:104D0400BDE83040FFF75CBF0146034803B0BDE88F
:104D1400304004F0FFB800BF500500202DE9F74FE4
:104D240007468B4616469846FCF746F918B145687F
:104D340015F1100F28D0EFF31189202383F3128883
:104D4400BFF36F8F002428490846002200230191F5
:104D5400FCF74CFB019960B9244B4FEA841A03EB2E
:104D64008414656815F1100F12D10846FEF700FE91
:104D740006E00134042C01F14001E5D16FF00B058C
:104D840089F31188BFF36F8F284603B0BDE8F08F15
:104D94000C9A206162610D9A3846A2616FF00F028D
:104DA40003F80A70C4E902B6C4F83C806260FDF7F7
:104DB4007DFC0E4B38B1B6FBF0F200FB126616B167
:104DC40048F00402E263B8F1010F07D00AF12C01A4
:104DD4000748194404F09EF80025D1E73846FFF748
:104DE400ADFE0546CCE700BF1C11002000110020D9
:104DF40050050020F7B5D0F88C3005465B681B6A77
:104E04001E7D3046FCF7D8F810B1436810333AD011
:104E140095F88630002B36D0AA6F5089D388D18973
:104E24001B1A9BB2B3F5806F28BF4FF480631769D8
:104E3400411A89B2B942BCB224BF091B89B2641AAF
:104E4400A4B29C4228BF1C46031917685381D4B1ED
:104E5400002385F83030A306A5F1180301930B4B0A
:104E640008BF04F1FF34224600933944022330463C
:104E7400FFF754FF2246A86F00F10A0103B0BDE812
:104E8400F04005F05CBD03B0F0BD00BF6D14000040
:104E940037B514460A1E054621DDD4F88C0004F10A
:104EA4004C0105F066FD012384F8493023683BB1C9
:104EB40094F84B3023B1114804F1080104F02AF8A6
:104EC400D4F88C209388918912695B1A9BB2D31A07
:104ED4003F2B04D8012384F8A03003B030BD94F8EC
:104EE4009E30002BF9D0064B402200932846012324
:104EF400019404F14C01FFF711FFEEE75005002087
:104F0400954E000073B5204B1C6854B354F8043C10
:104F1400043C5B68984201D06468F6E70139A4F167
:104F2400A40505291DD8DFE801F01E1C031E242852
:104F340014F8061CA9B923682A465E68012304F8FC
:104F4400063C336A187BFFF7A3FF14F85C2C42B9C4
:104F5400336A1146187D0D4B019500930223FFF728
:104F6400DDFE02B070BD284602B0BDE87040FCF71B
:104F7400FFB9012304F8053CF3E714F8053C002BC2
:104F8400EFD00023F6E700BFF81000206D140000F6
:104F94002DE9FF478246964C964FFFF749FB814621
:104FA40010B904B0BDE8F08794F8253099F81020C2
:104FB4002BB9002A00F08980FFF750FCEDE7042AA2
:104FC40047D8DFE812F0820005006D0183019E01DD
:104FD40099F80C30D9F80850032B3AD8DFE803F0DD
:104FE400023F5C6100226E69DFF80C8232607260FD
:104FF400D8F880343370D8F884347370D8F888348F
:10500400D8F88C1443EA01237380D8F89034D8F884
:10501400941443EA0123B380D8F89834D8F89C1444
:1050240043EA0123F3800823EB6030687168734B13
:1050340003C311462B68687A984796F90030002B11
:1050440009DBF3889AB232B1A4F88C320123C8F890
:105054004C304846B0E70023A4F88C32F9E76B7F64
:10506400002BF6D02B7F002BF3D000264FF0FF321D
:105074006E774FF0FF332E77614806F02DFF6B6992
:10508400687A01936B6801A9CDE9023601F024FF27
:105094005B4806F0B9F8DCE701212B68687A984789
:1050A400D7E7AB7A73B9EB7F63B94FF0FF324FF0B8
:1050B400FF33534806F010FF01224F4B50481A6546
:1050C40006F0A2F802212B68E8E799F80820042AE0
:1050D400BFD8DFE812F07F0005004000A700DA0027
:1050E40048490B78012BB4D84FF40062424BC3F803
:1050F40000240122C3F80025D3F800241505FBD5AC
:105104004FF40062C3F800248022C3F81C25012256
:1051140040F2FF10C3F830253B4B186000233B4896
:1051240003603B4803703B480370022008703A490F
:10513400D1E8EF0F984203D1C1E8E52F002DF7D154
:1051440087D141F8083C41F8103CE06914396261A8
:1051540005F042FE7DE7002565F07F00C0B2FDF753
:1051640053FA037A13B1407AFDF78CFB0135082D0D
:10517400F2D194F854311BB194F85501FDF782FB38
:105184000025E8B2FDF740FA037A13B1407AFDF73F
:1051940079FB0135082DF4D194F874321BB194F8DD
:1051A4007502FDF76FFB00251C4B134E1D701C4B45
:1051B4003620C6F80033FBF7DFFF0123C6F80435B9
:1051C40084F825302368002B3FF443AF294602209E
:1051D40098473EE7002584F82550FFF7C1F901F010
:1051E400DDFE2368002B3FF434AF29460420EFE7AB
:1051F40000120020007003500060035004120020CD
:1052040038120020A3260020140A0020100A0020CF
:10521400A1260020A026002020120020A226002083
:10522400FDFFDF01002B3FF414AF4FF0FF324FF0CE
:10523400FF333D48FCF7DAF8EFF31181202383F3C1
:105244001288BFF36F8F394B1B7883B1384BD3F877
:10525400002412F400720AD10120C3F82C05D3F8FB
:105264002C05D3F80004800548BFC3F82C2581F32E
:105274001188BFF36F8F2C48FEF77AFB2368002B4D
:105284003FF4E7AE00210520A2E72268002A3FF49C
:10529400E0AE002B3FF4DDAE002106209047D8E6B7
:1052A4000AF110054FF0FF334FF0FF32284606F0A5
:1052B40013FEFEF747FC284605F0A6FF5AF8283CE3
:1052C400002B3FF4C6AE0021012081E794F874322C
:1052D4007BB1012584F8895284F8885206F0C1F91B
:1052E40038B1144A057405738260FFF76BFAFDF751
:1052F400EFF95AF8283C002B3FF4ABAE00210A200A
:1053040066E70725C7F80853FFF72AF900230A4A76
:1053140013600A4A137006F09CF9FEF713FCC7F8F1
:10532400045301F09DFD94E6E0010020A226002034
:10533400006003506C140020180A0020A3260020EB
:105344002DE9F3411D4683883F2B38D1037803F0C0
:105354000703022B33D1C379002B30D1032001A9D9
:10536400FCF796FBA8B101240A21284606F0A5FC07
:1053740002221449284606F096FC2146284606F0E7
:1053840089FC0A21284606F09CFC204602B0BDE8B0
:10539400F081019B9E68002EE5D0DC68D3F8048080
:1053A400A7682046FB689847BB68002BDBD02046E3
:1053B400324641469847041E18BF0124D4E7082406
:1053C400E3E700BF25C9000013B504460A210A48D3
:1053D40006F073FC02220949074806F064FC01A8A0
:1053E400019402F0ABFB0A21034806F06AFC02B008
:1053F400BDE81040FDF72AB89010002025C9000030
:105404004FF0FF332DE9F04FD5B00993089307937C
:10541400012332934BAB0025389302233090084488
:1054240040222946CDE94D350AAE39AB339020A848
:105434004B93C6E900558DF8D0508DF8D45036956D
:105444004C95ADF83C51069506F0ADFD03220521BF
:105454004FF0040BA94B0DF120091C93A84BA9484C
:10546400CDE91E39A84B09AF2193A84B0DF11C08B7
:10547400CDE92336A64BCDE92B022693A54B30A8C4
:1054840006ACCDE92838CDE92D371D91CDF888B08B
:1054940027920DF1170A8DF8175006F02FFBC8B1AB
:1054A4000CAD53465A46294630A806F038FB88B15D
:1054B4009DF817E0BEF1000F31D12B683898D0E980
:1054C400011291422ED30123C360319B3093329B4E
:1054D4000133329303230A218F48019306F0EDFB35
:1054E40002228E498C4806F0DEFB019B0CA8036067
:1054F40002F024FB019B4BB982490322864806F043
:10550400D2FB874B8448196806F0C4FB0A21824801
:1055140006F0D7FBFCF79AFF55B0BDE8F08F6FF0AB
:105524000F03CBE700228DF8D02042680DF1C00AAA
:105534000132426038980DF1E00B4268511E026856
:10554400242000FB0122D446BCE80300DC451060A3
:105554005160E24602F10802F5D1DCF80000106067
:1055640032938DF8D4E0BEF1000F0ED16FF00042FB
:10557400934208D3319A0133052130A830923293F3
:1055840006F060FAA6E75B0032934FF0010B0DF1D1
:10559400700A0322294630A806F03EFB002833D0C7
:1055A400309B6A68134430932B68019304231CA92D
:1055B40030A8824528BF8A46DAF8041091421AD1ED
:1055C400DAF800100198CDE9022306F034FDDDE994
:1055D400022380B99AF81030002B7FF47BAFDAE90C
:1055E400023130A8984700283FF474AF8AF810B00D
:1055F4000AF1140ACDE7013B0AF1140AD7D130A805
:1056040006F0D2FB0028C4D19DF8D43083B130A871
:1056140006F02EFB00283FF45DAF00234FF0FF3C63
:105624008DF8D430389A536823B90223D36051E7F4
:105634009C46F7E73099126801912421013B01FB54
:105644000322DDF8C8A030AB02F1200B9E4610689F
:1056540051680832AEE803005A457346F6D1106823
:10566400D445CEF80000389A536803F1FF335360F1
:1056740006D2389B002B3FF42DAF0422DA6029E7D1
:10568400019B3A683093531C3FF424AFD6F800A032
:10569400BAF1000F3FF41EAFD6F804B0214B22B983
:1056A400D9F800104E1C26D019601B68012B23D991
:1056B400022B0CBF02206FF01500214600F0EB0016
:1056C400FCF7E6F900287FF405AF3B68144E002B85
:1056D40071D1D4F8009033604846D9F8087005F0C9
:1056E40023FC4FF4AE735843D9F80810303081428C
:1056F4001AD206F055FC1A600120DEE728C9000022
:10570400F9BB000037C900002EC900005DBC0000D1
:1057140033C9000019BC00009010002025C9000006
:10572400881000208C100020091A574A484605F0BA
:105734008BF9002840F0A580D8F80030BB423FF632
:10574400C9AE524A1060524A136032684F4F5A44ED
:1057540039682068013A05F0B0F900283860FFF68E
:10576400B9AE206805F0E0FBBBFBF0F303FB00F8E7
:105774003368ABEB08095B44DFF814B12068DBF84D
:1057840000204746934238BF4FF0000905F0CCFB98
:10579400012806D9206805F0C7FB01381AEA000F72
:1057A4004CD1434652463168206805F08EFB0028F0
:1057B4007FF490AE2FE03268934201D000238AE652
:1057C400334A5B4412689342BFD983E6B8452068E4
:1057D40028BFB84605F0AFFB40220146284606F034
:1057E400E2FB42465146284606F0FFFB43462A4662
:1057F4003168206805F069FB034600287FF46BAE2E
:105804003368C24443443360A7EB0807206805F0BB
:105814008BFBB842DAD9B9F1000F12D13368DBF847
:1058240000204B443B4493423360C7D1164B20685D
:105834001A68114605F041F9C30F4CE64FF04008D1
:10584400E4E7206805F077FB08220146284606F0C5
:10585400AAFB4A460AEB0701284606F0C6FBD4F821
:1058640000803168404607EB010A05F05DFB2A46DB
:1058740003465146404605F028FB00287FF42AAE33
:10588400CCE7012327E600BF801000207C10002015
:10589400781000202DE9F047DFF83C810446D8F861
:1058A400083083420BD1EFF3058343B14B4B5A6865
:1058B40042F080525A605A6A22F400425A62A7891E
:1058C400EFF31186202383F31288BFF36F8F237CB9
:1058D400190705D586F31188BFF36F8FBDE8F087EC
:1058E400D90943F0080266D12274A36813B1204693
:1058F40006F0F3F904F1180001F090FFA56D04F12E
:105904005809A94511D04FF0000A75B1284606F090
:10591400E4F905F1180001F081FF2846C5F878A0E4
:1059240001F05AF9A56DA945EFD1D8F808309C4289
:105934004AD1EFF30582003A18BF0122D8F81810B3
:105944002748814200D009B9D8F80C10C8F81410BF
:105954004AB10122234B1A749A810022C3E9182206
:10596400DA66C8F808309C4230D1EFF305836BBB8C
:10597400A289D20711D586F31188BFF36F8F83F301
:105984001188BFF36F8F0423184602DFEFF31186EB
:10599400202383F31288BFF36F8F304601F004F99C
:1059A400FB079BD5002383F31188BFF36F8F042378
:1059B400184602DF92E703F07F0343F00803204612
:1059C400237406F082F990E70022B7E786F3118882
:1059D400BFF36F8FE4E700BF5C15002000ED00E02B
:1059E40074150020D00400200E460546114680B5EB
:1059F4001A4603F06BFB0446044B054F9B68C351E6
:105A04003046A847E059FFF745FF00BF5C1500206A
:105A14000800000030B53B4B04465B6800208BB0A7
:105A2400C3F3080380F31188BFF36F8F02F07F453F
:105A3400B5F17F4F08D102F00C05082D04D012F007
:105A4400080F0CBF204608460022033B8DF80720B0
:105A5400032B03D8DFE803F00A4C504900209DF8DB
:105A64000730002B4CD102A905F07DFE254BDA6AE4
:105A74009107F3D4DA6A002AF0DBDA6A5200EDD532
:105A84005A69816942F480725A61BFF34F8FBFF340
:105A94006F8F31F8022C596921F480715961BFF379
:105AA4004F8FBFF36F8F02F47F43B3F55F4F04D181
:105AB400D2B2022A01D10068D1E7124B9A6AD2B25B
:105AC4002AB101210DF10702FBF7BAFAC7E79A6A76
:105AD40012F47F4F05D001210DF10702FBF7EAFA1A
:105AE400BDE79B6AB3F5803FB8D3FBF717FBB6E776
:105AF40000210DF10702E7E700210DF10702EDE7B0
:105B04000BB030BD00ED00E0014B09201B681847C5
:105B140050070020014B08201B681847500700203D
:105B240010B5114CD4F800312BB100200F4BC4F840
:105B340000011B689847D4F8043133B10023C4F83A
:105B440004310A4B01201B689847074BD3F80821FE
:105B540042B10022C3F80821044B0220BDE81040E2
:105B64001B68184710BD00BF007003500C0A0020CA
:105B740030B5134B134CA34201D3002030BD5969F7
:105B840069B19A6841EA0200800708D11869A1FB4B
:105B9400000525B912182CBF0120002002D36FF094
:105BA4001500EBE7D860521A1969884201D31C33F7
:105BB400E1E7D968013011605969DA60521AF3E7F4
:105BC400B0010020CC010020084B9A685A621A697F
:105BD4009A629A69DA62DA689A6032B15A691A6129
:105BE400DA699A610022DA6070477047140700206E
:105BF40010B5224BD3F8002192B10022204CC3F8F7
:105C0400002194F8381094F8302071B90121032A46
:105C140084F8381005D0042A05D0022A00D19960EE
:105C240010BD5960FCE7D960FAE7032A19D0042AA9
:105C340019D0022A04D1012384F82030FFF7C4FFCD
:105C4400A36813B9012384F8303094F8393003F091
:105C5400FF0013B9D4E900319847002384F82030B9
:105C6400DEE70223E8E7032284F82020D3F81C258A
:105C74006262D3F8203584F82830E1E700B002509E
:105C8400140700204FF050232DE9F041D3F80443CA
:105C9400660708D5D3F808212AB10022C3F80821E1
:105CA400D3F808319047A5060AD54FF05023D3F80E
:105CB40014212AB10020C3F81401D3F81431804709
:105CC40064060BD54FF05023D3F8182132B10022CB
:105CD4000120C3F81821D3F8183190474FF050230E
:105CE400D3F80423D0070DD5D3F8002152B10022F4
:105CF400C3F80021D3F800210122C3F80823334B51
:105D04001B6898474FF0502301250026D3F804431D
:105D14002F4F04F082045CBB4FF05023D3F80423CC
:105D240091050DD5D3F8242152B1C3F82441D3F8F9
:105D340024214FF40072C3F80823264B1B689847AC
:105D44004FF05023D3F80423D2053DD5D3F82021B6
:105D5400002A39D00022C3F82021D3F820214FF49F
:105D64008072C3F808231C4BBDE8F0411B68184738
:105D7400B4FA84F0C0F11F00830003F580739BB272
:105D840003F1502305FA00F2196892B224EA0204DE
:105D94000029C0D01E601B684FF05023022AC3F8AC
:105DA40008230DD1D3F81814D3F8181401F0030103
:105DB400012905D1C3F81825C3F804239960AAE77B
:105DC4003B68C0B29847A6E7BDE8F08158070020B9
:105DD400140800200C0800200408002010B50D4C05
:105DE400206A40B100212023224605F058F80146DC
:105DF40068B9E06C08B906F0D3F8202304F12C024A
:105E040005F04DF810B1012080F0010010BD002014
:105E1400FAE700BF3826002008B5054B1B682BB9EC
:105E2400FDF71CF9034B1B68C01A08BD0020FCE7F2
:105E3400F40600202003002010B5EFF31184202382
:105E440083F31288BFF36F8FFFF7E6FF0346054A1B
:105E5400D2E90001181841EBE37184F31188BFF310
:105E64006F8F10BD180300202DE9F04700273E4E28
:105E7400DFF8F880464502D30020BDE8F08706F13C
:105E84000C02D6E90153B3F5802FC6E9032234BFCF
:105E9400042208229B1AEC1D1D4424F0070425F05B
:105EA40007052D1BED08346029462046C4E9025736
:105EB40004F0F4FE00234FEA800909F11B094FEABC
:105EC400D90904F10C02984249DA01220021204642
:105ED4004FEA490304F0B8FE002320461A46194647
:105EE40004F0B2FEA368A5EB090AB3F5004F2BBF7B
:105EF4006368638843F0010343F001032CBF6360CC
:105F040063800122494620464FEA4A0304F09CFE7E
:105F14004B4600224946204604F096FE29460023BB
:105F24000122204604F090FE2946534600222046D2
:105F340004F08AFEA36804EBC505B3F5004F2BBF3C
:105F44006B686B8843F0010343F001034946204624
:105F54002CBF6B606B8004F0E7FE14368AE742F8CE
:105F6400047F0133AFE700BFCC010020CC01002047
:105F740010B503681C2B09D1D0F8E040064B9C42B5
:105F840007D1083003F0B6F9002010BD6FF0880087
:105F9400FBE76FF08500F8E70900000270B51D46C5
:105FA40003681C2B14D10F4B00F10806D0F8E00055
:105FB400984210D11F2A11D9304603F071FA2023D8
:105FC400E022002130462B6005F0EDFF002070BD7B
:105FD4006FF08800FBE76FF08500F8E76FF0890049
:105FE400F5E700BF090000022DE9F8430E46002141
:105FF4000B460C464E4FDFF83CC1023807F1010E48
:10600400A042224601D81DE00132904219D9BD5C5C
:10601400202DF9D0A0EB0208B8F1010FBD5C4AD0E5
:106024000D2D48D11EF80280B8F10A0F50D0A242BB
:1060340004D13D2D41D10131022940D94FF0FF3027
:1060440037E0E7D1EBB1062503F00700DB0868432E
:106054006B4334685B1A0730C4F58061013103EB8C
:10606400D0039942EAD30025334B284623441946EA
:106074000324DFF8C8C0DFF8BCE0DFF8C4804ABB03
:10608400CB1A32689C18022C34604ED92A4FA31EB6
:106094003D886DBAADB29D4247D12A460020B91C55
:1060A40005F03FF8002840D1022D02D9356038555B
:1060B4000120BDE8F8830A2DB8E72C06BED41CF8ED
:1060C40005407F2CBAD03F2C01D80029B6D101332A
:1060D400541C95E71CF8019FA9F10A07FFB2162F7B
:1060E40003D828FA07F7FF0712D41EF80970013005
:1060F400402F08BF013C07F03F07042847EA8515F5
:1061040006D184B1280C012C087003D10131002080
:10611400013AB4E7022C4FEA1520487016BF8D707F
:1061240002310331F3E72046F2E70020C1E700BF64
:10613400612C002085C800005E280020602C00200F
:106144000900400037B57425114A044602F5687306
:106154004262036501A90120019505F00DFC58B9BF
:10616400019B0220226DA36201A9019505F004FCA4
:10617400054628B1092500E00125284603B030BDB5
:10618400019B206A636504F0CFFEE065F5E700BF7C
:10619400B01600202DE9F04FB0F1804FADF66C6DD4
:1061A4004FF0000ACDE9041240F0EE819949D1F88C
:1061B4003031002B00F0E8818EAB4FF49872184612
:1061C40005F013FF4268D0F82C51120A40F01E81EA
:1061D40044F20102B0F8009029F44051914240F099
:1061E400C680428803920732D208B2F5807F06D077
:1061F4006FF0940420460DF66C6DBDE8F08F132DFE
:10620400ADF8909340F202810122037F0CAC302B55
:10621400226040F0FB8095AE22462946304614ABFE
:1062240005F0BDFA002840F0F1801968226802EBFD
:10623400010847F20101894540F09C800027E59759
:106244004EAF23462A4631460097DBA8ADF876A325
:1062540005F0C9FA4E9B184340F0D8802768002304
:106264000CACADF876A3E5972A46009395A923468E
:10627400DBA8DAAE05F0B7FA002840F0C780234661
:106284002A46009695A90DF2723005F0ACFA002862
:1062940040F0BC8047F2010399455BD10C9B2A4630
:1062A400DB1B336395A9234600900DF2723005F091
:1062B4009AFAF389002840F0A9803789BB4200F29A
:1062C400A580234600902A4695A90DF2723005F068
:1062D4008AFAF389002840F09980B7EB430F40F025
:1062E4009580009023462A4695A9DEA805F07BFAFE
:1062F400002840F08B80B38AB7EB430F40F08680D0
:10630400009023462A4695A90DF27E3005F06BFADB
:1063140000287BD1738BB7EB430F77DB00232A462E
:10632400009395A90CABE1A805F05DFA00286DD1A6
:10633400338CB7EB430F69DB00902A460CAB95A96D
:106344000DF28A3005F04FFA00285FD1F38CB7EBD9
:10635400430F5BDB0C9B0CAF984557D14545DAAC3A
:10636400C4F8348052D1039BB3F5006F56D06FF05C
:1063740085043FE7B15C30297FF471AF01322260BC
:106384002946224695A805F00AFA00283ED11B6842
:106394000D2B3BD12368204803F10D018EAE1A4624
:1063A400013303EB060E10F801CB9EF81BE0E64523
:1063B4002CD19942F3D195AE735C0232032B226047
:1063C40024D10DF1500B5B4622462946304605F098
:1063D400E6F9D8B9D4F800C014986044804515D1C2
:1063E40016F80C000CF1010E80B90CF102002060CB
:1063F40016F80E00302809D1304605F0D0F928B936
:106404002368149A134498453FF429AF6FF0860427
:10641400F0E600BF7C15002078C800002368A2883D
:1064240095A909AD00930A442846E3884EA902F0D1
:1064340053FE0028EAD14FF4807320461946CDE973
:106444000054059A02F056FE00287FF4D1AEA0460F
:106454004FF0DF09237894F8FFB00DF11C0A039381
:10646400CAF80000E822002114A805F09CFD16A833
:1064740002F016FF484B20224C931C230DF2474197
:1064840014A81493FFF774FD054600287FD1042255
:10649400514614A8FFF76CFD0546002877D1202249
:1064A400394608AB14A8FFF779FD054600286ED1DC
:1064B4004B46202B28BF2023394608EB030018F84D
:1064C400012B11F801CB404582EA0C0208F8012C9B
:1064D400F5D19AF80320B9EB030902F101028AF815
:1064E4000320BFD1BE21237803F07F03237014F867
:1064F400013B013945EA0305F9D1E82214A896F8CD
:10650400BE6005F050FD16A802F0CAFE224B082218
:106514004C931C23214914A81493FFF729FD044626
:10652400B0BB2022049914A8FFF722FD044678BBCF
:1065340020220DF2274114A8FFF71AFD044638BBA8
:106544002022394608AB14A8FFF728FD0446F8B901
:1065540020230DF2474117F8012B11F8010B013BE1
:1065640082EA000244EA0204F5D1039B86F00106A4
:1065740023F07F0333438BF0BC0213432C431C43AF
:1065840018BF6FF0940435E66FF08B0432E62C46A6
:1065940014A805F09BF92DE60900000270C800005C
:1065A4002DE9F04F0D460024ADF5177D56A8904611
:1065B4009A46A09EFBF726F92B896A89D5F80C9098
:1065C40013449944A14546D820221CAB0CA956A8D3
:1065D400FFF7E4FC06AC56A805F078F942462946D4
:1065E400204605F07EF98146002843D1D8F80830CA
:1065F400D4F814A0183B23F00703103B9A4539D86C
:106604004FF0FF373D46D4F800B0BBF1000F31D056
:106614006368009373B321698A4514D9BBF80A30BF
:1066240023B1E3688B4204BF043121610423009841
:106634001CAA019104F033FCE0B9A37A01991BB3BD
:10664400E368994220D3B9F1010F13D128460DF51F
:10665400177DBDE8F08FA9EB0407B74228BF374682
:1066640052463B462146404604F019FC28B156A840
:1066740005F02CF94FF0FF35E8E73A46514656A8A5
:10668400FFF776FC3C449DE74FF6FF7C2089BDF87C
:10669400726004318A196045BDF87030226101D0FE
:1066A4009842B8D1E2688A4208D84FF6FF7C524833
:1066B40030F8022B6245DDD09A42F9D1102B28D054
:1066C400202B39D0012B9ED1202ED3D833464046DF
:1066D40056AA04F0E4FB0028CCD11CA8FBF792F8DE
:1066E4004FF4877245491CA8FFF742FC202203ABF4
:1066F40014A91CA8FFF752FC1CA805F0E7F83246C1
:1067040056A914A805F097FC071E18BF01277F425D
:1067140079E7202EAED13346404656AA04F0BFFB9B
:106724000028A7D1324656A90CA805F084FC0028FD
:10673400A0D14FF0010966E7002F7FF464AFB6F5EE
:10674400807F97D13346404656AA04F0A8FB0546FD
:1067540000288FD12A4E014618221DA805F023FCDB
:10676400D6F83031002B37D16FF05A234FF4205133
:106774003546C6F83031234B1CAF1C93224BCDE970
:106784001E130FCF0FC597E807004FF4877785E8EE
:10679400070005F10C004FF080453A461B4905F00F
:1067A40024FCC6F82C71284656AA0CA9FFF7F2FC63
:1067B400F5B100231A4605A90E600D68EA540133A9
:1067C400B3F5987FF9D1051E18BF0125C6F830210D
:1067D4006D424FF0FF3716E72946284604AB1E608A
:1067E4001A6850540131B1F59A7FF9D10025DAE7DE
:1067F4004FF0FF35EDE700BFF4C600005BC70000B3
:106804007C1500200140000809030006F0C20000C6
:10681400F7B5012413462E4A10F00306C2F8844546
:10682400C2F8044519D0C6F104029A424FF0FF346D
:1068340028BF1A4601AD0194871B0C463544114408
:106844008C4233D1019C224ED6F80854ED07FBD577
:106854003C60BFF35F8F9B1A1044044623F003028D
:106864001B4E0D1F0244944225D113F0030215D090
:106874004FF0FF3523F0030319441C1801AB00F05B
:1068840003001844019505F0B0FB019B1049D1F8B1
:106894000824D207FBD52360BFF35F8F00220C4B83
:1068A400C3F88425C3F8042503B0F0BD14F8016BC4
:1068B40005F8016BC4E755F8047FD6F808C41CF04A
:1068C400010FFAD044F8047BBFF35F8FCBE700BF1E
:1068D40000900350094B93F83020012A03BF002095
:1068E40083F83800064B6FF00F0001BFC3F808238C
:1068F4001A61C3F80005C3F80001704714070020AB
:1069040000B00250F8B504460D4610460421164660
:1069140004F0B6FF2368E26803449A4205D20821D2
:10692400204605F08FF80020F8BD471E0DD13278BF
:106934002946204605F08AF80028F4D03744BE42A0
:106944000CD1A3680133A360EEE7033806288EBF99
:106954000023064B1B5C1833DAB2E9E723685A1CA0
:10696400226017F8012D1A70E9E700BF69C800001A
:10697400124B70B553F82050013053F82060AE42EA
:1069840000D870BD6C68B4B1237EDB0711D4636991
:1069940053B12046984738B10028B8BF4042FF2879
:1069A400A8BFFF20E3681870E268537843F001033E
:1069B40053700835E3E72B689847FAE7CCC5000025
:1069C400F8B5806890F90E308B4260D0EFF31186F1
:1069D400202383F31288BFF36F8F037C49B203F043
:1069E4001F02002A0CBF012500252FD103F07F03CD
:1069F400037405F06AF9274A037C144663F07F03A5
:106A04008173037454F8183FD769A34207D1C0E9CE
:106A140000473860D0610DE09F42F8D01B68002B1E
:106A2400F5D093F90EC08C45F6DD5968C0E9003104
:106A3400086058609369A34200D003B9D3685361D6
:106A440086F31188BFF36F8F2846F8BD9B071CD5CA
:106A5400846805F03AF9817323689C4209D163681C
:106A6400C0E9004318606060EAE762689342F6D0C8
:106A74001B68002BF3D093F90E208A42F5DD5A6887
:106A8400C0E9003210605860DAE78173D8E7002566
:106A9400DAE700BF5C15002010B590F9102001461C
:106AA400002A037C04DA03F07F03037405F00DF974
:106AB4000B4A144654F8183F9068A34200D003B917
:106AC400D368884209D0017CC90606D1C1897F29CF
:106AD40003D99969002908BF0346536110BD00BF5B
:106AE4005C1500202DE9F74F019300F15803C0E92C
:106AF4001633109B00268381042304468A460374BC
:106B04000F9BDFF890B083730732234B22F0070802
:106B14000BEB030701EB0805A5EB07095A46C0E98F
:106B240006661E498660C673484605F05EFA1A4B2F
:106B340031461A4609EB0B0005F035FAA9F10803B2
:106B440023670F37164B27F00707E81B23F00103D1
:106B5400C4E918A8A76640F8083C019B40F8203C0B
:106B64000C9B40F81C3C0D9B40F8183C0E9B40F8D5
:106B7400143C4FF0807340F8043CA0F120032365DB
:106B8400084B66679B68666503B1DB6EE36603B01A
:106B9400BDE8F08F0000000004000000D0C2000037
:106BA400ED5900005C1500206FF00A01084A936853
:106BB4009967084958674B6843F080534B6000233A
:106BC40083F31188BFF36F8F9368986F704700BF8A
:106BD4005C15002000ED00E070B590F91020037CF6
:106BE400002A2FDBDC062DD1184A63F07F031146FF
:106BF400037451F8183FD4698B4207D1C0E90014DB
:106C04002060D0610FE09C42F8D01B68002BF5D0C7
:106C140093F90E6090F90E50AE42F4DD5C68C0E961
:106C240000342060586093698B4200D003B9D36864
:106C34009168087CC00606D1C8897F2803D9986961
:106C440008B9516170BD5361FCE700BF5C150020B9
:106C540049B9EFF3058030B9054B5A699B689A42EC
:106C640001D0FFF7A1BF81F31188BFF36F8F704785
:106C74005C15002070B4EFF31180202383F3128895
:106C8400BFF36F8F164A9468D5692368AC4214BF6A
:106C940019460021646823605C609368D46929B94B
:106CA4001049C3E900142360D3610AE091F90E602E
:106CB40093F90E50AE420EDD4C68C3E90014236014
:106CC4004B60936907498B4200D003B9D368536181
:106CD40070BCFFF769BFA142E2D00968DFE700BFDB
:106CE4005C1500207415002030B470B1084B5B684B
:106CF40098420AD0036843B1D3E90421D0E904459A
:106D0400121941EB0501C3E9042130BC04F0DDBFD5
:106D14005C0100200B4B1A689A420FD072B1D2E981
:106D240004321B1A62EBE072B3F1004F72F10001FE
:106D340004DA002AACBF1846002070476FF0004008
:106D4400704700BF5C0100200268154BFF2A08BF92
:106D54004FF0FF32C3F824254268FF2A08BF4FF0E2
:106D6400FF32C3F828258268FF2A08BF4FF0FF329C
:106D7400C3F83025C268FF2A08BF4FF0FF32C3F8BA
:106D840034250269FF2A08BF4FF0FF32C3F83825C3
:106D94004269FF2A08BF4FF0FF32C3F83C25704711
:106DA40000B0025030B58DB06C46184D0FCD0FC4F5
:106DB40095E8030084E8030015496846D1F82435B2
:106DC400DBB20693D1F82835DBB20793D1F830351E
:106DD400DBB20893D1F83435DBB20993D1F83835F6
:106DE400DBB20A93D1F83C35DBB20B93FFF7ACFF6F
:106DF4000023C1F8003101230B60D1F80031002BCE
:106E0400FBD006A8FFF7A0FF0DB030BD00C4000002
:106E140000B002500C22104B014602FB003300204C
:106E240030B4D3E91C521867EFF31180202484F3A3
:106E34001288BFF36F8F9C6F04F0C00444F0020407
:106E44009C6780F31188BFF36F8F1DB12B4630BC54
:106E54000248184730BC704760070020F4C00000A7
:106E6400F8B51A4B1C786CBB194A1A4940F2FF1743
:106E74001160012225461A7064F07F0014F0080F97
:106E8400C0B20CBF40263E46FBF72AFC0134092C55
:106E94008682857505730561EED1002440F2FF17E3
:106EA400254614F0080FE0B20CBF40263E46FBF71F
:106EB40017FC0134092C8682857505730561F0D1B0
:106EC4000020F8BD6FF07700FBE700BFA326002089
:106ED400180A0020F54900002DE9F84F83460E46B4
:106EE40004F047F9EFF31189202383F31288BFF3E9
:106EF4006F8F1BF00F0F03D1194B1B785B4529D102
:106F0400184B4FF0010A1C68DFF85C80E443D8F8A2
:106F14000070A4B20AFA00F53C432C401DD1584637
:106F2400FBF7DEFB034680F80CA096E8070083E835
:106F340007004FF4800220461C619C750B4B2F43C5
:106F4400C8F80070C3F8042189F31188BFF36F8F68
:106F5400BDE8F88F6FF00D00F6E76FF00F00F3E770
:106F6400A0260020140A0020100A002000E100E0FE
:106F740008B509480378C3F341130A3350F82330A2
:106F84003BB100F1080200F110019847C043C00F63
:106F940008BD1846FCE700BF9014002070B500241B
:106FA400324BD3E8EF2F012A03D1C3E8E14F002984
:106FB400F7D10CBF0121214652D153F8040C203BD8
:106FC40000284FD0EFF31186202282F31288BFF3FA
:106FD4006F8F026803F10C0112B96FF077040DE0B2
:106FE4008A422FD1018BDD6834BB4468056094422A
:106FF40000D14560002201F00704DA6086F31188AD
:10700400BFF36F8F14F1780F28D1EFF3118220238F
:1070140083F31288BFF36F8F018B01F00704022CF6
:1070240013D0012C0CBF6FF004046FF0850482F3BD
:107034001188BFF36F8F11E025604568954208BF42
:107044004460D7E714461268C6E7438B013B9BB202
:107054004383002BEBD12146FAF726FC204670BD72
:107064000C46FBE76FF01504F8E700BF2012002080
:107074002DE9F341019001A898460F461646FAF708
:10708400DDFB019B9DF8204000EB8300D0F800322B
:10709400074D24021D4044EA880343EA070141EAFC
:1070A40046022A43C0F8002202B0BDE8F08100BFC6
:1070B400F0F0FCFF2DE9F347836807468B428946CD
:1070C4004BD95B1A934248D30023511E49446A4664
:1070D400009303F0B9FC002841DBDDF800A0214D4A
:1070E400D046214C214E6A4649463846CDF800A088
:1070F40003F0AAFC0028DDF800A030DBDDF80490E2
:1071040051464A46384603F0F6FE002827DBD144B0
:10711400C845C5F80046C5F80446C5F80846C5F88C
:107124000C46C5F81046C5F81446C5F81846C5F807
:107134001C46C6F80046C6F80446C6F80846C6F813
:107144000C46C6F81046C6F81446C6F81846C6F8E3
:107154001C4604D309F10109C5E74FF0FF3002B022
:10716400BDE8F087008001503546526E0090015012
:107174002DE9F7434FF02C0909FB00F9DFF888806B
:10718400064608EB09052F6A0FB904F009FF4442CB
:1071940004F02C04444404222146384604F006F842
:1071A40018B1012003B0BDE8F0832869C306F8D400
:1071B4002A6A002AE9D058F80910144B994209D0D8
:1071C400002EEED0BA68002AEBD000213846FFF733
:1071D40071FFE6E7E9682B895B18F1D26989C91860
:1071E400EED293689942EBD240F60C631842E7D191
:1071F4004FF48073214600934046054BFFF7D0F9C6
:107204000028CFD0DCE700BF382600203DB8F39635
:107214004B2700202DE9F84F06460F46444DD5E88C
:10722400EF8F28F00103C5E8E23F002AF7D14FF4BD
:107234008039404CC4F80893BFF35F8FBFF36F8F5E
:10724400FBF70CFFB04271EB070308F0010840D2D2
:10725400394B301A67EB0101984271F1000164D295
:10726400364BD3E902239F4208BF96423AD04FF0EF
:10727400000C26F07F40834603216FF0020EC4F811
:107284004893C4F840C1D4F84031DFF8B4A02BF0DF
:107294007F43C4F84035C4F84493D4F80425AEEBD6
:1072A40002035B4423F07F4353451BD9D4F8403198
:1072B4005BB1D4F80425131A23F07F43B3F5000F10
:1072C40010D9C4F840C1D4F8403101EB020B0131AC
:1072D400DDE71C4BD3E8EF1F41F00101C3E8E21FD7
:1072E400002AF7D10020154B174AC3E902671A6038
:1072F4005860B8F1000F16D0D5E8EF3F43F0010312
:10730400C5E8E23F002AF7D14FF48032094BC3F8B5
:1073140004230C4BD3E8AF3FDB0742BF4FF400120A
:107324000A4BC3F80021BDE8F88F6FF01500E0E7C1
:10733400EC060020005001500100800008030020EA
:10734400FDFF7F00F0060020B516000000E100E01C
:1073540010B50446FBF782FE0D4BD3E90021831AD6
:10736400B3F5000F0B4810D28442A8BF0446012C89
:10737400ACBF1B190133834228BF0346BDE810404C
:10738400981841F10001FFF745BF0346F6E700BF37
:1073940020030020FFFF7F00B3F1FF3F08BFB2F1DD
:1073A400FF3F2DE9F84F04461F461546984678D00E
:1073B4008160EFF31186202383F31288BFF36F8F6C
:1073C400002FDFF8E4901FDBFEF726FDD9E9003239
:1073D40084464FF00109013547F100072D1847EBAA
:1073E400E077C4E90457ED1847EB02082F4A136805
:1073F400D2F804A0934208BF0023E3B9C4E9002AE9
:10740400CAF80040546028E06FF00103D9E9001283
:107414005B1A4FF0FF3161EB02025B1B62EB070268
:10742400012B72F10001BCBF012300224FF00009BF
:10743400C0E90432DAE7D3E9040ED4E9041781423F
:1074440077EB0E0B24DA401A59686EEB0707C3E991
:107454000407C4E900310C605C60136893420FD0E8
:107464009C420DD1124B1B6853B9B9F1000F02D1E4
:10747400FEF7D2FC84466046FFF74CFCFFF768FF3A
:1074840086F31188BFF36F8F28464146BDE8F88F15
:10749400091A67EB0E075345C4E90417AED01B68FD
:1074A400ABE70025A846EFE7180300205C010020A5
:1074B400F40600202DE9F8430F46DDE90898154647
:1074C400EFF31183202383F31288BFF36F8F1B4BD9
:1074D4009C682046FFF7E0FA217C41F00201217408
:1074E400D5B1A5602E68B54209D16B68C4E90053D3
:1074F4001C606C6010E06B68B342F6D03668002EF6
:10750400F3D096F90E2094F90E309A42F3DD7368A5
:10751400C4E900631C607460B8F1FF3F08BFB9F1AF
:10752400FF3F06D04A464346054904F11800FFF7D9
:1075340033FF3846BDE8F843FFF736BB5C1500203F
:10754400F3BC00002DE9F341044617461E46EFF351
:107554001188202383F31288BFF36F8F304BC268E6
:107564009B6872B185689D4217D057EA060216D10E
:1075740088F31188BFF36F8F6FF00F0002B0BDE87E
:10758400F08193F90E1001322161C4E9023288F3CB
:107594001188BFF36F8F0020F0E70169F3E793F9D7
:1075A4000E1095F90E30994231DA9942A8BF194666
:1075B400FFF706FA054622464146CDE9007619480A
:1075C400FFF778FF0028E6D0EFF31186202383F33A
:1075D4001288BFF36F8FA368DBB1236821699C42D3
:1075E4000AD04BB193F90E309942A8BF19466FF0F7
:1075F4007F039942B8BF19462046FFF7E1F940B12D
:1076040031460848FFF724FB6FF00A00B6E700256F
:10761400D1E7002DF4D186F31188BFF36F8FF3E720
:107624005C1500204B28002073B504461046EFF388
:107634001181202282F31288BFF36F8F114AD5681B
:107644005DB1002025602B68D36093690133936199
:1076540081F31188BFF36F8F11E050EA030603D161
:107664006FF00B002560F3E7CDE9000302F1080099
:10767400FFF720FF18B9044B9B685B69236002B0D5
:1076840070BD00BFB00100205C150020F8B550EAC1
:10769400010306460C4603D1FFF7ECFA0020F8BDBF
:1076A400EFF31187202383F31288BFF36F8F114DFB
:1076B400A868FFF7F1F9A868234632460E49183046
:1076C400FFF76AFEAA680446137C384643F00403B5
:1076D4001374FFF769FAAB68D3E90A23B3F1004FD7
:1076E40008BF002ADAD1FEF7A7FB201A20EAE070CF
:1076F400D5E700BF5C150020F3BC0000F8B50446D4
:10770400EFF31187202383F31288BFF36F8FD0E93F
:107714000423B3F1004F08BF012A04D087F3118872
:10772400BFF36F8FF8BDD0E90A566A1C46F1000317
:10773400022A73F1000334D3013D46F1FF36002ED3
:10774400BCBF00252E46FEF777FB013041F1000156
:10775400401946EB0101012871F1000152DBFEF7EB
:107764006BFB6FF00203013041F10001401946EB5D
:10777400010183426FF000438B4148DBFEF75CFB61
:10778400013041F100016FF00102401946EB0103A1
:107794004FF0FF31121A61EB030320461E49FFF735
:1077A400FBFD236B01332363236A63B187F31188E1
:1077B400BFF36F8F20469847EFF31187202383F39D
:1077C4001288BFF36F8F54F8180FA042A6D0002878
:1077D400A4D0EFF31181202383F31288BFF36F8FBA
:1077E40083680BB104F079FA81F31188BFF36F8FCA
:1077F4000023836787F31188BFF36F8FBDE8F840D8
:1078040004F096BA6FF001024FF0FF33C5E700228F
:107814004FF00043C1E700BF0177000070B5EFF3FC
:107824001186202383F31288BFF36F8F0368CBB1D3
:10783400144B1D689D4208BF0025FFF755FA00222E
:107844004FF00043A842C0E9042305D1FEF7E4FA4F
:10785400FFF760FAFFF77CFD002086F31188BFF381
:107864006F8F70BDD0E90423B3F1004F08BF012A24
:1078740004D100224FF00043C0E904236FF0150047
:10788400EBE700BF5C01002070B583680446002B61
:1078940036D01E4A9268934235D1C368012B03D96E
:1078A400013BC360002070BDEFF31186202383F3F6
:1078B4001288BFF36F8F0169FFF782F82568AC4225
:1078C40007D10023C4E9023386F31188BFF36F8F15
:1078D400E8E7002DF5D0284604F0FFF905F118007B
:1078E400FFF79CFFA56095F90E302846236100231D
:1078F400AB6704F01DFA31460548FFF7A9F9D1E753
:107904006FF01500CFE74FF0FF30CCE75C15002097
:107914004B28002038B50446EFF31185202383F368
:107924001288BFF36F8F037C5B070FD51830FFF706
:1079340075FF237C204623F004032374FFF74CF9DE
:107944002946BDE838400448FFF782B985F3118819
:10795400BFF36F8F38BD00BF4B280020002330B524
:1079640087B0C0E9213300F18C03C0E9233300F16F
:10797400940304461546C0E925333AB31379002B22
:1079840040F2011308BF0123C4F89C3000234FF0D8
:10799400FF32CDE90433CDE90232CDE900434FF49F
:1079A400806220460A4BFFF79DF845B12B68002BF7
:1079B400FFD06B791BB1A38943F00103A381204657
:1079C400FFF7A8FFC4F8804007B030BD0123DBE710
:1079D400F579000008B5034A03490448FFF7BEFFE0
:1079E400002008BDA8C50000A8690020F0050020FB
:1079F4002DE9F341054620274E4EEFF3118887F316
:107A04001288BFF36F8F05F1840003F0E8FAD5F80C
:107A14009C30044600284CD043F00203C5F89C3047
:107A2400C36823F0040343F00103C360436888F38D
:107A34001188BFF36F8F9847EFF3118887F312888B
:107A4400BFF36F8FE368D90623F0010259D4E260D3
:107A5400E3689A0717D5306823F00203E36090B116
:107A64000021036878B14268944258D10368002920
:107A74004FD172683360904200D17360002340F8A4
:107A8400083BFBF775FFD5F89C3023F00203C5F8DB
:107A94009C30DB054BD4D5F88430003B18BF012360
:107AA40088F31188BFF36F8F002BA6D0FFF7E2F89D
:107AB400A3E723F004025C07C5F89C20C3F380010C
:107AC40014D505F194040121204604F007FA002896
:107AD400F9D14FF0FF324FF0FF334146CDE9002397
:107AE400154805F18C02FFF7E5FC86E7D006F0D5D2
:107AF400C5F89C1088F31188BFF36F8F02B0BDE8FE
:107B0400F08123F01103E36004F11000FBF730FF70
:107B14009EE70B607368984208BF7160AEE7014648
:107B24001BB11A68184613469CE71A46FAE7002365
:107B3400B6E700BFF01D00204B28002013B590F9D4
:107B440003300246002B10DA69466A46431EC41C01
:107B540013F8010FC043A34201F8010BF8D101212E
:107B64000348FEF7CFFE02B010BD0021F8E700BFC6
:107B74009010002070B5114D6C6BA4B14FF47A7362
:107B84005C430A23B4FBF3F40D4ED6F800316BB911
:107B940095F8393053B90A20F9F7F4FF013CF4D1D0
:107BA4006FF0730008E04CF25034EDE795F839308B
:107BB40003F0FF00002BF3D170BD00BF14070020B9
:107BC40000B0025010B500220124094BC3F800454F
:107BD400C3F800211C6008B9002010BDFFF7CAFFDC
:107BE40018B9044B83F83840F6E76FF07300F4E7F4
:107BF40000B00250140700202DE9F84306468846D9
:107C04001746994603F00CFF002865D106F060433F
:107C1400B3F1005F63D1B30761D1344C94F83030D1
:107C2400012B05D04B455DD194F83830002B59D049
:107C340000232F4AB9F1020F0BBFC2F81075C2F826
:107C44000475C2F81465C2F808650CBFC2F818853B
:107C5400C2F80C8584F8393023680CBF0825042544
:107C6400C3B994F838306BB10022214B05F1A0451B
:107C7400C3F80021012305F52C352B60BDE8F8433A
:107C8400FFF778BF0120FFF79DFF10F1740FEBD1D0
:107C9400BDE8F883A3682BB1E660C4F81480E761FB
:107CA4000020F5E7124AA660C4F81080A76184F8A2
:107CB4003090C2F800310123C2F8043394F838201C
:107CC40002F0FF0012B9FFF77DFFE9E705F1A045D7
:107CD40005F52C352B60E3E74FF0FF30D8E76FF064
:107CE4000C00D5E76FF00F00D2E700BF14070020A7
:107CF40000B0025070B505460E4603F091FEA8BBD5
:107D04001D4B196819B193F83020012A31D1002292
:107D14001A4CC4F81C65C4F8205583F8392091B96D
:107D240093F8383043B10023C4F800310123E360F1
:107D3400BDE87040FFF71EBF0120FFF743FF10F1BD
:107D4400740FF0D170BD042183F83010C4F8002101
:107D54000122C4F8042393F8383003F0FF001BB960
:107D6400FFF730FF0020EDE7E260FBE74FF0FF3064
:107D7400E8E76FF00F00E5E71407002000B00250B9
:107D84002DE980480320BBB0FEF7F2FD0022A34B8F
:107D9400C3F8A821C3F8AC204FF48062C3F8B82517
:107DA4004FF40062C3F83C25D3F8A821002A22DB53
:107DB400D3F8AC30002B1EDB994B18680168D1B1A5
:107DC400B1FA81F30122C3F11F039A4021EA0204AC
:107DD400D0E8EF5F8D4203D1C0E8E64F002EF7D123
:107DE400ECD18E4943F00043C1F8A831C1F8AC305E
:107DF4008C4BC3F804250420FEF7BAFD8A4C8B4E45
:107E04002546B54204F13004C0F0B980EFF3118186
:107E1400202383F31288BFF36F8F854DAA68D37B29
:107E2400013BD37381F31188BFF36F8F7E4CB4424F
:107E3400C0F0C180EFF31181202383F31288BFF3D4
:107E44006F8FAA687B48D37B0133D373AB698342BA
:107E540000D003B9EB68107CC00606D1D0897F2816
:107E640003D99869002808BF13467348734C6B61A3
:107E7400FEF7EEFE724B7348C3F80046C3F804469F
:107E8400C3F80846C3F80C46C3F81046C3F81446B2
:107E9400C3F81846C3F81C4603F58053C3F80046DC
:107EA400C3F80446C3F80846C3F80C46C3F81046A2
:107EB400C3F81446C3F81846C3F81C4602F01CFE67
:107EC400002800F0E8824FF480315F48F9F77CFC29
:107ED4005C482AA902F090FC30B95C4B1A682A9BD2
:107EE4005340990440F1D7824FF05023D3F8003423
:107EF40013B1DA0740F1CF820025554B554AC3E947
:107F04000055C2E90055544E31465148013502F03E
:107F14004CFF082D06F18806F6D15048504B1860E6
:107F240002F0EAFD002800F0A6824FF0FF324FF085
:107F3400FF334C4803F0D0FF4B4B93F8B820002A92
:107F440040F08E82D3F82480B8F1000F40F09D8178
:107F5400464B1B7883B9464D00264FF0011BB246B1
:107F6400B14606962B78002B3AD1424B02359D42FE
:107F7400F2D101223D4B1A70DFF8F48084E054F80A
:107F84000C3C059354F8103C049354F8143C0393AC
:107F940054F8183C029354F81C3C019354F8203CC8
:107FA400009354E90A2354E90C01FEF79BFD54F8AD
:107FB400303C5D6524E7D4E90A23B3F1FF3F08BFF1
:107FC400B2F1FF3F05D052EA0301206803D1FFF765
:107FD400A1FC30342BE728491830FFF7DDF9F8E726
:107FE4006B78052B08D8DFE813F0DF000A000600E1
:107FF400DF000D008A00AA462B781D44B2E7402317
:10800400EB71F9E7EB78002BF6D1AB78002B6CD051
:10801400069B0133DBB20693EEE700BF00A00250DB
:108024001C10002000700150D4C10000D4C1000015
:108034005C150020741500204B2800203546526E34
:10804400008001502CC10000B4C50000CC06002003
:10805400E4100020DC100020F81D002048C10000BE
:10806400F0100020CC010020901400205D28002096
:1080740000020020E1020020F3BC00007268954277
:1080840036D024369E42F9D3A74BA84AC3F824809D
:108094009A62A74ADA62A74A1A63A74A9A61B8F1B0
:1080A400000F40F0F2804FF0FF35A44803F0ACF825
:1080B400002D40F0E081A24E3068836823B11B6C30
:1080C40013B12A469F49984730688368DB6A1BB11D
:1080D4009847002800F0C781306883681B69002B2B
:1080E400FAD001222AA99847F3E7974E974BC9E79C
:1080F400B368002B8CD028460699984788E7002E51
:10810400C2D00021337F0B930B9B9942BCD2336ABC
:10811400AA7803EBC10307931B79934201D0013181
:10812400F2E70127EA785BB202F003020992AA8817
:108134000C930A92099AFBB28DF8AC200A9AADF816
:10814400AA200C9A002A24DA012007F1100200FA6E
:1081540002F212EA0B0F23D143F080022AA8CDE9E0
:108164000E138DF8A8200D9202F0EFFFDDE90D212A
:108174000F9BA8B9079912F0800FAA700A714FF0EB
:1081840001021DBF1033DBB29A40BA404BEA020B26
:1081940032E70122BA4012EA0B0F01D11A46DDE799
:1081A4000137102FC6D1BAE7B9F1030F53D1684B89
:1081B4002AAA03F1100C174618685968083303C734
:1081C40063453A46F7D11B7810223B70002122A860
:1081D40003F0E9FE122200215E4803F0E4FE4FF4AE
:1081E4007F020020D2F80432D2F808221BBA12BA55
:1081F4005849CDE9222322AA12F8013B3AAF07EBF2
:10820400131703F00F03E8336B4417F8407C13F89B
:10821400403C013008280F704B7001F10201EBD192
:108224004C48F8F7D5FC024630B11028A8BF1022FC
:108234004849A81C03F0D9FE6FF0020100202B78F6
:10824400491B5A1905EB5303D14217D509F101090A
:108254005FFA89F9D0E6B9F1000FEDD1BAF1000F58
:108264003FF412AFA5EB0A038AF80230C3F30723E5
:108274008AF80330069B8AF80430E7E702F8010C19
:1082840013F8017902F8027DDEE70023264E324F0F
:108294003362324BF3613B6097F8243003BBC7E988
:1082A400103307F13803C7E90E332D4B0221362072
:1082B400FB61F9F785FD07232A4DC5F80433FBF765
:1082C40041FC012387F82430274B1B680BB1FAF7D4
:1082D400FFF9D5F80034DB0702D50020FCF706FBD4
:1082E400224D4FF00009AB46DFF884A00BEB891058
:1082F400102200212C3003F056FEC5F830A00123D3
:1083040009F10109C5E90933B9F1040F05F11C03A9
:10831400C5E9073305F14005E8D198F80130012B90
:1083240028D06FF01505C0E690140020313D000000
:10833400A10E0000490F0000E50E0000CC01002052
:10834400F0100020791C0000E40200200803002043
:10835400E4C900004B28002000120020194000004E
:108364009807002000700350F00100200011002045
:10837400C54B000098F80730002BD2D04FF000080E
:108384002AA886F8C830ADF8AA308DF8AC808DF8EC
:10839400A880FAF7B5F9051EFFF687AE4FF08009FD
:1083A4002AA88DF8A890FAF7ABF9051EFFF67DAE62
:1083B40097F8243013B96FF0120576E64046FAF7C1
:1083C40023F90028ADD0784D056097F82430002BB0
:1083D400F1D04846FAF718F90028A2D00560DFF872
:1083E400CCA1734D55451CD30020FAF7DFFA051EC6
:1083F400FFF65BAED6F8C430802043F00103C6F824
:10840400C430FAF7D3FA051EFFF64FAED6F8C430DF
:10841400002543F48033C6F8C430012386F8B8300D
:1084240043E64FF00008D5F820902A7F5FFA88F3DE
:108434009A4201D82435D5E709EBC30259F833B081
:1084440097F824301079002B3FF42DAEFAF7DCF8BE
:1084540008F1010800283FF426AEC0F800B0E4E7B4
:108464006FF0770521E60022524B30681A8083684A
:108474001B6A03B1984701230025DFF83CB14F4A3A
:108484008BF800304E4B4F4EDFF83C9111951A603B
:108494009BF8003063B94D4F60220021384603F049
:1084A40082FD384602F0EAFC002800F0F781FEE77E
:1084B40040F20148464BC6F8004612AAC6F80446E4
:1084C400A8EB0501C6F8084609EB0500C6F80C46FA
:1084D400C6F81046C6F81446C6F81846C6F81C4630
:1084E400C3F80046C3F80446C3F80846C3F80C466C
:1084F400C3F81046C3F81446C3F81846C3F81C461C
:10850400F9F780FB071E129B12DC002BC0D03D4400
:1085140099F80030062B12D199F80130092B14D1A7
:108524000023119311A9A81EFDF75EFD07460CE078
:108534003D44002BECD14545AAD10025A8E7042BE6
:1085440003D199F80130142BECD0012FF5D1119DF2
:10855400AB1E072BF1D9DFF87C8098F8023013F0BA
:10856400050FEAD1B8F804300A3D5BBA9BB2AB42BE
:10857400E3D3194B08F102021A60B8F806305BBA6B
:10858400A8F80630F9F7BAFBB8F80600012840F05D
:10859400178198F8091009B3012900F00B8108200C
:1085A400FCF712FFC9E700BFB5370000080300203D
:1085B400E40200209C26002060300020BCC500009E
:1085C40070100020008001505F2C0020382600200D
:1085D400009001505E2800207410002098F802508A
:1085E40060229F4803F0DFFC9D4805F0070502F078
:1085F40045FC002840F0DA809948FDF7A3FD0028E7
:1086040040F0D480002D40F0D0803946954803F0E6
:1086140054FB06229449934803F045FB1F2204218E
:10862400904803F013FADFF838A2DAF82080B8F1A2
:10863400000F67D020231AAA0021404602F02FFC25
:108644001A9B8A4A93425DD140232AAF0093424643
:108654003B461AA98248FDF7A3FF002852D142469F
:108664001AA914A803F03DF918B9149B0693002B1A
:108674005CD14FF0FF3814217A4803F01EFB7C498B
:108684000422784803F00FFB2946764803F002FBE6
:10869400B8F1000F0DD104227649724803F003FBB0
:1086A40022AB1493202302226E4814A9159303F0DD
:1086B400E1F9072270496B4803F0F5FABDF87E3002
:1086C400402101939DF87D30384600936B4A9DF814
:1086D4007C3001F0E9FE209B43B1421E3E2A05D8BE
:1086E400C0F14001664A384401F0DEFE3846F8F72E
:1086F4006FFA394602465B4803F0D5FA142159480B
:1087040003F0DFFA6B1C022B4FF001050AF12C0A6F
:108714008BD10521534803F0D4FA2946514803F07C
:10872400D0FAF9F793FEF9F7E9FA06E7159B0793F0
:10873400002B9ED0DDE9181399429AD2069B5B89DF
:108744001BB1179B8B4208BF04310423079813AA5B
:10875400099102F0A4FB00288BD19DF85A300999A5
:1087640013B1179B8B4284D94FF6FF7EBDF858C0D6
:10877400BDF84E3004315A18F445BDF84C00189237
:1087840001D08445D6D110287FF46FAF202B7FF41D
:1087940070AF404622AA02F082FBB0F1000818BF75
:1087A4004FF00108C8F1000865E708273846FCF7D0
:1087B4000BFEB8E7294608F10A00FCF721FEBCE6E7
:1087C400C8B108F10A032F4FDFF8BCA00693574540
:1087D40036D30A21234803F070FA02222B49214898
:1087E40003F061FA08211F4803F054FA0A211D48D6
:1087F40003F067FA30E098F80930012B3FF4D0AE6B
:10880400052B7FF4CCAEFCF7DFFD00214FF40050C4
:1088140002F098FBEFF31183202383F31288BFF354
:108824006F8FFAF7E7FCBFF34F8F1949194BCA68EA
:1088340002F4E0621343CB60BFF34F8F00BFFDE748
:1088440057F8048BB8F1000FC1D02A46054B06999E
:108854001148C0470828BAD0F9F7F8FD6DE600BF03
:108864003826002090100020BBC900003DB8F396C4
:10887400C2C90000C7C90000CCC90000D4C90000A7
:10888400E0C9000030CF000034CF000025C900004B
:1088940000ED00E00400FA05602800203846FDF7EA
:1088A40051FC58BBFDF79AFA00283CD1D7F828C0F0
:1088B400BCF1740F37D87E6D742E34D8034602464B
:1088C40005460146D7F85080D7F824E094452ED8C1
:1088D4009E422CD8944526D19E4224D101205A4B45
:1088E4001AA9CDE922030023CDE92433FAF79AFC2F
:1088F400002840D0FF2587F8585004E0012398420F
:1089040087F85830CED197F85830042B8DF88F3033
:1089140000F29080012B00F28F8000F03F81FF2352
:1089240087F858303AE1012387F85830EBE7A94239
:108934000CD10EEBC209D9F804900132494408EB7A
:10894400C309D9F8049001334D44BFE709D20EEBB3
:10895400C209D9F8049002284944E4D00120013224
:10896400B4E708EBC309D9F8049001284D44DAD0E0
:1089740002200133AAE72AA90220FAF753FC0128AE
:1089840008BF03234FF0000108BF8DF8A8309DF8FD
:1089940068009DF8A8502D4A08BF8DF8AB301378B5
:1089A400042B06D0052B2FD1431E18BF0123002B07
:1089B40035D05378042B05D0052B2CD16B1E18BF52
:1089C400012363B39378042B03D09DF86B609E421C
:1089D40025D1D378042B03D09DF8AB609E421ED1E1
:1089E4001379042B03D09DF86A609E4217D1557900
:1089F400AB1E022B3FF67EAF022D17D1012022A918
:108A0400FEF7B6FB80B976E7A3EB000CDCF10003BC
:108A140043EB0C03CBE75E1B73427341D1E7013197
:108A2400032902F10602BAD1012564E7042D18BF17
:108A34000325E3E7052B70E7D7F84C80B8F1000F66
:108A440006D103F0ADFA00BF0101000105C9000021
:108A5400BB6BBE8E40461E44314604232AAA02F054
:108A64001EFA0028EDD146F60813BDF8A820FD8EA5
:108A74009A4240F0AA80BDF8AA309D42E1D1042375
:108A840040462AAAA91902F00AFA0028D9D146F6C2
:108A94000713BDF8A8209A42D3D1BDF8AA30D7F85D
:108AA40020901D443544B9F1000FCAD0D7F84CA02A
:108AB400BAF1000FC5D04FF000084646D7F828B0E9
:108AC400B3457B6A12D003EBC6035A684146484655
:108AD4000692FEF7EFFA0028B3D1069A9044A8450F
:108AE40077D3FB6DB5FBF3F503FB05384FF4AE729A
:108AF400FB6D5343BA6A03F130057B6A013A196886
:108B040003EBC203002258681E460244AA42A3F1A2
:108B14000803F8D333684846591AFEF7CBFA0028FD
:108B24008FD10146794D7A4E884554D8D9F80840FA
:108B3400484602F000FA774B103C24F007042AADB3
:108B440003F110062A4618685968083303C2B34271
:108B54001546F7D12146102348462AAA02F0B5F952
:108B6400014600287FF46DAF3B6D5A682AB1504628
:108B7400FEF7A0FA00287FF464AFD7E91403013BA1
:108B840000EBC30252684AB150F8331003685046F0
:108B9400C91AFEF78FFA00287FF453AF97F85830BC
:108BA400FF2B3FF44EAF0022012B1A924FD100212C
:108BB4000846FEF7DDFA00284DD11A9B01331A93BB
:108BC4001A9B012B00F09C80FEE7002D3FF45FAF61
:108BD40037E7013674E7A8EB010BBBF5806F28BFBC
:108BE4004FF4806B50465B464B4A069102F057F9AE
:108BF40000287FF426AF5B464846474A069902F0B0
:108C040064F900287FF41DAF0699C5F8004659445D
:108C1400C5F80446C5F80846C5F80C46C5F810461C
:108C2400C5F81446C5F81846C5F81C46C6F80046EB
:108C3400C6F80446C6F80846C6F80C46C6F81046F8
:108C4400C6F81446C6F81846C6F81C466CE7FDF785
:108C5400C5F80028ABD04FF0FF30002854D140F2C3
:108C640015122E4BDFF8B890C3F80026C3F804267B
:108C7400C3F80826C3F80C263B89089A294D1344E7
:108C8400C9F80030FAF7B6FA95F8B830002B58D086
:108C94004FF0FF334FF0FF32234803F01DF902F089
:108CA400D8FC224B1B78012B01D9FBF759FCFEF7AA
:108CB40075F9002407221E4B1E48C3F808233830D8
:108CC40000F8144C02F0A0FAF8F7FEFED5F8C43010
:108CD400E6B2E340D9072FD4D5F8C43004F110022A
:108CE400D340DA0705D546F08000FAF7A1FF002843
:108CF40027DB0134102CE9D1002385F8B83020E0BB
:108D04003B6A5B680893A8E7FEE700BF0080015058
:108D140000900150E4C600003822002000300050CA
:108D2400982600209014002038120020A32600204A
:108D340000700350001200203046FAF779FF002833
:108D4400CADA00264FF0FF3301253746454ADFF8DB
:108D540018A15560C2F84833C2F8083302F58052AE
:108D64005560C2F84833C2F808334FF0FF385AF858
:108D7400044B0DF1A80BC4F8088344F30730F9F74A
:108D84000DF86560C4F84C71D4F84C31C4F8107116
:108D9400D4F81031C4F84471D4F84431C4F80075DF
:108DA400D4F80C352A93D4F814352B93D4F8083519
:108DB4002C93D4F810352D93C4F80C85C4F814857D
:108DC400C4F80885C4F810854FF000085BF8040B5C
:108DD400431C05D00023012219460093FEF748F9ED
:108DE40008F10108B8F1040FF0D180220021A01885
:108DF40003F0D9F88022002104F5C07003F0D3F801
:108E0400731C022B4FF00106AFD14FF0FF32174B0A
:108E1400C3F808254FF050235D60C3F80823BFF35F
:108E24006F8F72B60023124903F120000133102B17
:108E340041F82020F8D100234FF0FF300C4A03F111
:108E440060010133102B42F82100F8D1F8F76EFFCE
:108E5400002383F30B8883F30A88064BD9F80000B8
:108E64009847FEE700400150C4C50000007001505F
:108E740000E100E001000020F8B5C36804469A0749
:108E84000E46C3F340053ED45F073ED40B680BB9CE
:108E940083680B60E368DD0742BFA3680225336083
:108EA400376858BF012537B3194B9A68D7F8803013
:108EB4009A421ED1EFF30583B3FA83F35B09D7F823
:108EC4009C20D007C2F3800118D5D1B1DBB1214673
:108ED40007F1840001F069FF002107F18C0002F022
:108EE400FDFFE36843F00403E3603368A3602846AE
:108EF400F8BD0023E3E76FF0150506E06FF01205F7
:108F040003E01307E3D56FF00F0500233360EEE7AA
:108F14005C150020034673B508460193EFF31186F0
:108F2400202585F31288BFF36F8F01A9FFF7A4FFF3
:108F3400044686F31188BFF36F8F002810DDEFF32A
:108F4400118385F31288BFF36F8F63B9EFF3058044
:108F540048B9074A51699268914204D0FDF724FE4A
:108F6400204602B070BD83F31188BFF36F8FF7E71B
:108F74005C15002073B513490191EFF3118520218D
:108F840081F31288BFF36F8FC16811F01E0F16D1E1
:108F940053EA020608D101A9FFF76EFF85F3118891
:108FA400BFF36F8F02B070BD41F00801C160019939
:108FB400103081610449FEF7EFF90120EEE700204B
:108FC400ECE700BF5005002057BF000030BFFFF79B
:108FD400FDBF00BFEFF30880EFF3098101B57246CE
:108FE400FCF718FD01BD00BF002080F31488BFF317
:108FF4006F8F002080F30A8880F30B880F4880F37A
:109004000888FAF76FF900200D490860BFF34F8F05
:10901400F8F79EFE202080F311880A484FF400617F
:10902400401880F30988EFF314800221084380F389
:109034001488BFF36F8FF8F7D7FF0000A85D0020F6
:1090440094ED00E0A85D00201EF0040F0CBFEFF3C8
:109054000880EFF30980816911F8021C0229FFD00E
:1090640001B5724602F091FB01BD00BF14498A6844
:109074004FF030001044EFF3098C80E8F01F2020FB
:1090840080F31288BFF36F8F0E4F4FF000664A696A
:109094008A603E60106F0C4C2060506F0023536751
:1090A40080F3118802F1300090E8F01F8CF30988F6
:1090B40002F1000004B501F09CFFBDE804407047D4
:1090C4005C15002004ED00E06C10002001480068ED
:1090D400704700006C10002038B504460D46049813
:1090E4005909C4E901012846C90001F07FF8256047
:1090F40038BD00BF2DE9F04F154687B0DDE9106893
:10910400B468814604EBC40708EB471707EB441423
:109114008A4638461A46294601F050F83946B3685B
:1091240032682046F7F738FC8446B568316808EBA6
:10913400052B43462A465846CDF810800195E04653
:1091440002910BEB451500F055FB39462046726839
:1091540001ABCDF80CB0059500F0DAFF4846224685
:10916400514601F037F808F1FF3007B0BDE8F08F41
:109174003F2A2DE9F041904652D905460C46A2F10A
:10918400400626F03F064036274F0E4423684034FD
:109194001BBA2B6454F83C3C39461BBA6B6454F834
:1091A400383C28461BBAAB6454F8343C1BBAEB6415
:1091B40054F8303C1BBA2B6554F82C3C1BBA6B6535
:1091C40054F8283C1BBAAB6554F8243C1BBAEB6535
:1091D40054F8203C1BBA2B6654F81C3C1BBA6B6633
:1091E40054F8183C1BBAAB6654F8143C1BBAEB6633
:1091F40054F8103C1BBA2B6754F80C3C1BBA6B6731
:1092040054F8083C1BBAAB6754F8043C1BBAEB6730
:10921400F7F704FAB442B9D108F03F00BDE8F08191
:109224001046BDE8F08100BFE4C500000A4610B551
:1092340014681A4924BA0464546824BA44649468C7
:1092440024BA8464D46824BAC464146924BA04654E
:10925400546924BA4465946924BA8465D46924BAE7
:10926400C465146A24BA0466546A24BA4466946AC7
:1092740024BA8466D46A24BAC466146B24BA046714
:10928400546B24BA4467946B24BA8467D26B12BAC1
:10929400C267F7F7C3F9002010BD00BFE4C50000A2
:1092A4000023F0B50B490C4C0C4ADFF834E0DFF82E
:1092B40034C00D4F0D4E0E4DC0E903ECC0E90576E8
:1092C400C0E90041C5618260C0F8C030C0F8C43054
:1092D400F0BD00BF85AE67BB67E6096A72F36E3CFA
:1092E4003AF54FA57F520E518C68059BABD9831F6D
:1092F40019CDE05B2DE9F041D0E930531344074622
:1093040014460E46C0F8C430E5B13F2D00F2C280C9
:10931400CAB105F17F01C5F1400833460144B044A8
:1093240000E0ACB3013313F8010C9A1B434501F878
:10933400010F04F1FF342A44F3D1402A00F098804D
:10934400154646461CB9C7F8C050BDE8F081224610
:1093540031463846FFF70CFF221A0546B318002899
:10936400F1D0411E052906D90132324407F18001AA
:109374008A1A022A13D8264407F17F0213F8011B24
:109384009E4202F8011FF9D1C7F8C050BDE8F08130
:10939400402A78D01546C7F8C050BDE8F081196856
:1093A4008208012AC7F8801077D05968022AC7F8C2
:1093B400841043D09968032AC7F888103ED0D9682E
:1093C400042AC7F88C1039D01969052AC7F89010F7
:1093D40034D05969062AC7F894102FD09969072AFE
:1093E400C7F898102AD0D969082AC7F89C1025D044
:1093F400196A092AC7F8A01020D0596A0A2AC7F89E
:10940400A4101BD0996A0B2AC7F8A81016D0D96AE1
:109414000C2AC7F8AC1011D0196B0D2AC7F8B0107C
:109424000CD0596B0E2AC7F8B41007D0996B0F2AC9
:10943400C7F8B81002D0DA6BC7F8BC20AA0782D0EC
:1094440025F0030213441878B91881F88000511CE0
:109454008D427FF678AF587802323944954281F8CC
:1094640080007FF670AF9B783A4482F880306AE7D8
:10947400384607F18001FFF7D9FE46460546002C21
:109484003FF461AF63E7384607F18001FFF7CEFE92
:10949400054658E72A4688464FE704221344D2E794
:1094A400F8B580260446D0F8C0300D46C218581CC2
:1094B400382882F88060264432D93F282AD80022EE
:1094C40020443E2B80F8802003F1020122D0214465
:1094D4003D2B81F8802003F103011BD021443C2B58
:1094E40081F8802003F1040114D021443B2B81F83E
:1094F400802003F105010DD021443A2B81F880200E
:1095040003F1060106D02144382B81F8802001D1D3
:1095140084F8BF2031462046FFF788FE3A285BD8FE
:10952400421C3B2AC0F13A01C0F13B0388BF01232E
:10953400022941D900219A0800F1800E012A04EB86
:109544000E0C44F80E1031D0022ACCF804102DD0A1
:10955400032ACCF8081029D0042ACCF80C1025D002
:10956400052ACCF8101021D0062ACCF814101DD0EE
:10957400072ACCF8181019D0082ACCF81C1015D0DA
:10958400092ACCF8201011D00A2ACCF824100DD0C6
:109594000B2ACCF8281009D00C2ACCF82C1005D0B2
:1095A4000E2ACCF8301008BFCCF8341023F0030294
:1095B4009B07104410D0421C002321183B2A81F839
:1095C400803009D02244392882F8803000F1020228
:1095D40002D0224482F880300022D4F8C4303146CC
:1095E4005F0F4FEA535E67F307024FEA533C6EF393
:1095F4000F225E096CF31742DB0066F31F6284F8E6
:10960400BF302046C4F8BB20FFF710FE23681BBA06
:109614002B6063681BBA6B60A3681BBAAB60E3681A
:109624001BBAEB6023691BBA2B6163691BBA6B61BC
:10963400A3691BBAAB61E3691BBAEB61F8BD00BF58
:1096440070B54C680A68E30B03FB03F34FEA144C50
:109654001B0C0CFB03F31E19360CD1F804E00D6847
:1096640006FB0CF1CB1A1B0C214406FB0311A1FBD6
:10967400046323445E1AA1FB061671463344E4FBDB
:109684000321A5FB0345521941F10001CC1AA4FBA7
:109694000345A418A2FB032341EB05011B1941F167
:1096A4000001C0E9003170BDF8B5144600230F462F
:1096B4000546136404F1100602462046F6F770FDD1
:1096C4003A4631463046F6F743FD2A46314630469F
:1096D40004F10C06F6F750FD2A46314604F1200049
:1096E400F6F75EFD04F1300132460846F6F730FD28
:1096F4002946284604F13402BDE8F840F6F728BDAF
:10970400F8B5144600230F460546C2F8803004F12C
:10971400200602462046F6F7D5FE3A463146304644
:10972400F6F76EFD2A463146304604F11C06F6F77C
:1097340087FD2A46314604F14000F6F7C3FE04F1E2
:10974400600132460846F6F75BFD2946284604F1D7
:109754006402BDE8F840F6F753BD00BF2DE9F047B9
:109764001D464FF0000C14468A46064605EBC21807
:1097740082B005EB8217930108F1040805EB421946
:10978400CDF8008047F803C013460246284600F08F
:109794002BFC5246234649464846F7F7D9F8234658
:1097A400324649464846F7F7F7F84FEAC40C0CF13D
:1097B400804C0CF1FF3CCDF8008005EB8C0823466F
:1097C4003246414638464FEA8C0500F00DFC6101F3
:1097D4003944424623460846F7F7BAF82346314649
:1097E400304605F108023A4402B0BDE8F047F7F705
:1097F400AFB800BF2DE9F04715464FEAC50ABAF1E4
:10980400000F1F4606460A464FEA451903EB451862
:1098140008DD0023044600EB8A00236063600834FB
:10982400A042FAD12B4631463846F7F7B5F8AAF1EB
:10983400020007EB8001840006EB8000FFF700FFC5
:10984400A4F10800391842463044FFF72DFFA9F16E
:109854002000391842463044FFF752FF012D15DD30
:109864000224281B2246434607EB401106EB401016
:10987400FFF774FF23466400A542F2DA9D4205DD3A
:1098840043462A4639463046FFF768FF43462A4690
:1098940039463046BDE8F047FFF760BF2DE9F04F89
:1098A40001F1200A83B0904602F1200B524600F1E8
:1098B4004005044689460193F6F7C2FC0746012396
:1098C400214620463A46F7F713F9424659462846B8
:1098D400F6F7B6FC02460123294628465740F7F717
:1098E40007F92A4621460198F6F7ECFD4246494617
:1098F400204604F12006F6F7E5FD5A46514628466F
:10990400F6F7E0FD2A4631463046F6F779FC04F1D5
:10991400600980464A4631462846F6F771FC0346FC
:1099240022463146304608EB0304F6F769FC034649
:109934003A460199984430460223F7F7F7F842462D
:109944000646294601232846F7F7BAF802460123BA
:10995400494648463444224403B0BDE8F04FF7F783
:10996400AFB800BF2DE9F04F804691460D468DB04B
:109974001E4608F14007F6F7A5FD09F1200008F19D
:10998400800405F1200109F1400A0246089503907C
:1099940040353846CDF82490029108F12009F6F7B5
:1099A40091FD524629462046CDF814A00495F6F7B9
:1099B40089FD3A4649464846F6F722FC08F1600319
:1099C40008F1A00C83461946224638460693CDF882
:1099D40028C00194F6F714FC3946824608F1A00227
:1099E4000198F6F70DFC0346494603EB0A0C019A6D
:1099F4000698CDF81CC0F6F703FC0346DDF81CC03E
:109A04004246DC440CEB030E49464846CDF82CE0B4
:109A1400F6F7F6FB4A460BEB000839463846F6F7EC
:109A2400EFFB01234246394680443846F7F748F8AD
:109A340006F14004D04408EB000B029A0899204632
:109A4400F6F7FEFB824606F1600501232146204617
:109A54005246F7F74DF8099A03992846F6F7F0FBB2
:109A640080460123294628464246F7F741F82A460C
:109A740021463046F6F726FD8AEA08023146484672
:109A84000223F7F753F80BEB0002DDF818B00123BB
:109A940059465846F7F714F8DDF82CE008990EEB10
:109AA4000009049A2046F6F7CBFB804601232146A1
:109AB40020464246F7F71CF8099A05992846F6F716
:109AC400BFFB82460123294628465246F7F710F881
:109AD4002A4621463046F6F7F5FC88EA0A02314662
:109AE40038460223F7F722F8019909EB0002012313
:109AF4000846F6F7E5FFDDF81CC0049A0CEB0008F5
:109B040002992046F6F79CFB07460123214620468E
:109B14003A46F6F7EDFF039A05992846F6F790FBC7
:109B240081460123294628464A46F6F7E1FF2A469C
:109B340021463046F6F7C6FC314687EA0902584604
:109B44000223F6F7F3FF0A9902460123084642442A
:109B54000DB0BDE8F04FF6F7B3BF00BF2DE9F047F5
:109B640001F1200A9146524604460D46F6F768FB79
:109B74000123024621462046F6F7BAFF214648460D
:109B840004F14008F6F73AFD2946204604F1200680
:109B9400F6F734FD51464046F6F730FD424631466D
:109BA4003046F6F72DFB04F1600705463A46314688
:109BB4004046F6F725FB0346224631463046EC186C
:109BC400F6F71EFB4A463146054402233046F6F7B3
:109BD400E3FE2A460646414601234046F6F770FF57
:109BE4000246A41B3946384622440123BDE8F04707
:109BF400F6F766BF2DE9F04F0C4689B007461546C7
:109C0400F6F7FCFC234607F1400604F1200B03F1B0
:109C1400400907F180045946304607F120080793AC
:109C2400CDF80CB0F6F7EAFC49462046CDF8109082
:109C3400F6F7E4FC324641464046F6F7E1FA07F10E
:109C4400600907F1A00C8346224649463046CDF808
:109C540014C00194F6F7D4FA3146824607F1A00203
:109C64000198F6F7CDFA0346414603EB0A0C019A34
:109C74004846CDF808C0F6F7C3FA0346DDF808C035
:109C84003A460BEB0C07FB18414640460693F6F7A1
:109C9400B7FA42460BEB000731463046F6F7B0FA06
:109CA40001233A46314607443046F6F709FF574444
:109CB400DDF80CB0DDF81CA005F140045A4651460D
:109CC40007442046F6F7BCFA012302462146204603
:109CD400F6F70EFF21462846F6F790FC2A46414641
:109CE40002234046F6F758FE49463A1A01234846ED
:109CF400F6F7E6FE069BDDF810801F185146424633
:109D04002046F6F79DFA0123024621462046F6F73F
:109D1400EFFE21462846F6F771FC2A463146022317
:109D24003046F6F739FE01993A1A01230846F6F748
:109D3400C7FE029B42461E1859462046F6F780FA93
:109D44000123024621462046F6F7D2FE2146284644
:109D5400F6F754FC2A46494602234846F6F71CFE09
:109D64000599024601230846B21A09B0BDE8F04F2E
:109D7400F6F7A6BE2DE9F04F551085B01446984667
:109D84004FEA421B2B4601EB021206468946039218
:109D9400F6F702FE2B46024631463046F6F7A8FE99
:109DA400A3000193022D4FEAC403029308EB441A63
:109DB40006EB0B075BD0032D49D053462A463146A8
:109DC4004046FFF7D7FF53462A4649463046FFF739
:109DD400D1FF53462A4638460399FFF7CBFFC4EB1D
:109DE400047407EB04142B463A4621462046F6F742
:109DF400AFFDDDE90193994406EB890982462B46C0
:109E04004A4621463846F6F7A3FD844632462B4699
:109E1400214620460AEB0C06F6F79AFD42462146F7
:109E240082446B002046F6F7B7FD524639462B466E
:109E3400361A3846F6F744FE02462B46494604EBEA
:109E44000B00324405B0BDE8F04FF6F739BE524678
:109E540031464046FFF7CEFE524649463046FFF7AC
:109E6400C9FE524638460399FFF7C4FEB7E7524687
:109E740031464046FFF772FE524649463046FFF7E8
:109E84006DFE524638460399FFF768FEA7E700BF08
:109E94002DE9F04F1C465D1089B090462B4601EB2E
:109EA400041266010746DDF848A00791059606925C
:109EB400F6F772FD8146A200230143440392E200B7
:109EC400BE1939463846029304922B464A46F6F7A1
:109ED4000FFE2B46424602993046F6F75DFD0246D8
:109EE4002B463146304689EA0209F6F701FE022D77
:109EF4000AEB441B64D0032D4FD02B46324639461F
:109F04005046CDF800B0FFF7C3FF42462B46384613
:109F14000799CDF800B0FFF7BBFF2B463046029AF5
:109F24000699CDF800B0FFF7B3FFC4EB047406EB59
:109F340004142B46324621462046F6F709FDDDE996
:109F44000383984407EB880883462B464246214600
:109F54003046F6F7FDFC84463A462B462146204619
:109F64000BEB0C07F6F7F4FC4A46514683446B00AE
:109F74002046F6F7DBFD5A4631462B460744304669
:109F8400F6F79EFD02462B46414605983A44204486
:109F940009B0BDE8F04FF6F793BD5B46324639464B
:109FA4005046FFF7DFFC5B46424638460799FFF709
:109FB400D9FC5B463046029A0699FFF7D3FCB4E716
:109FC4005B46324639465046FFF768FC5B464246DC
:109FD40038460799FFF762FC5B463046029A0699B9
:109FE400FFF75CFCA1E700BF10B4022B019C08D072
:109FF400032B02D010BCFFF74BBF234610BCFFF766
:10A00400B1BC234610BCFFF749BC00BF2DE9F04F9B
:10A0140014680646D068022C8846D2E9017285B0DD
:10A0240000EB841900EBC41B4FEA441A01EB441102
:10A0340000EB441559D0032C45D02346CDF800B08D
:10A044000391FFF725FF039923460A46284629462C
:10A05400F6F77EFC294623463A464846CDF800B03A
:10A06400FFF716FF59F80A3058F80A504A46414695
:10A074003046ED1A2346F6F78FFC844623463A46CB
:10A0840031463046A5EB0C05F6F786FC0246AD1AC0
:10A09400EA43234639463046D20FF6F7D9FC024646
:10A0A400AD1AEA43234639463046D20FF6F7D0FCC0
:10A0B4000246234639463046AA1AD20F05B0BDE8F7
:10A0C400F04FF6F78DBC5B460391FFF74BFC039909
:10A0D40023460A4628462946F6F73AFC5B463A46A2
:10A0E40029464846FFF73EFCBCE75B460391FFF771
:10A0F400D5FB039923460A4628462946F6F728FC49
:10A104005B463A4629464846FFF7C8FBAAE700BF24
:10A114002DE9F041141E074688461E4682B001DB35
:10A124006400FDD54146640002E064002BD039464A
:10A134003268F36802EB4205022A03EB85152AD044
:10A14400032A23D02846FFF715FE3246294638460F
:10A15400FFF75CFF002CE8DA3368F06803EB430593
:10A16400022B00EB851522D0032B19D00090424618
:10A1740039462846FFF78CFE324629463846FFF713
:10A1840045FF6400D3D102B0BDE8F0811A462846E9
:10A19400FFF730FDD9E71A462846FFF7DFFCD4E77E
:10A1A4000346424639462846FFF7DCFBE4E703460C
:10A1B400424639462846FFF771FBDDE7920808D08E
:10A1C40000EB820251F8043B1BBA42F8043D904272
:10A1D400F8D17047890808D002EB810151F8043D99
:10A1E4001BBA8A4240F8043BF8D1704710B5147882
:10A1F400F4B902F1010E9EF80040F4460EF1010E8E
:10A20400002CF8D01344A3EB0C03B3EB810F11D152
:10A2140022060FD59B0818BF00EB830306D05CF819
:10A22400042B12BA43F8042D9842F8D1002010BD33
:10A234009446EAE74FF0FF3010BD00BF2DE9F04F20
:10A244008378154685B007469A07D0F8048040F114
:10A254009F8000260878002800F09C80252808D0DC
:10A2640001F1010A01363946C047002880F2868090
:10A274008AE091F801B001F1020ABBF1250FF1D097
:10A28400002401211F2C25D8ABF12002102A06D866
:10A2940001FA02F0824B18420ED1032A5AD0ABF1D4
:10A2A4003002092A08D9BBF12A0F33D1630605F11C
:10A2B400040501D444F020041AF801BBBBF1000FDB
:10A2C400E0D139462520C04700285DDB02363946F7
:10A2D4005846C9E77F2CE2D9BBF16C0F29D021D8AD
:10A2E400BBF1680F2CD0BBF16A0F30D0BBF14C0F1F
:10A2F4002DD0ABF16302122A00F2A480DFE802F051
:10A304002C4EA2A2A2A24EA2A2A2A2A2AC9CA2A243
:10A3140031A27600BBF12E0FDED160063AD444F0B0
:10A324004004C9E7BBF1740FC6D0BBF17A0FC3D0A8
:10A33400DFE7220648BF44F4007444F08004BBE71E
:10A34400E30548BF44F4007444F48074B4E744F46F
:10A354002074B1E71024AFE70136394615F8040B31
:10A3640082E72C684F4B002C08BF1C46A1464B4685
:10A3740019F8010B20B9341B04351E19514669E73D
:10A384003946C0470028F2DABB7843F00403BB70B7
:10A394004FF0FF36304605B0BDE8F08F20061CD5DF
:10A3A400A10549BF073555F8040B25F0070555F8F5
:10A3B400080B00280DF104094FF00A02BCBF44F455
:10A3C40080644042494601F0F6FD6405A0EB0909AA
:10A3D40056D44C460DF1040B5EE0E20555F8040B2F
:10A3E400E7D5A3054CBF40B200B2E2E724F0100465
:10A3F4000A22A4B2200633D5A10549BF073555F872
:10A40400040B25F0070555F8080B10B924F01004C7
:10A41400A4B20DF10409494601F0CDFDE306A0EB19
:10A424000909D6D539463020C0470028ACDBBBF13A
:10A43400000F1ED10136CCE744F0100410224FF077
:10A44400780BD7E74BF02002782A7FF43AAFCBF1B0
:10A45400780242F01002CDE708224FF0000BC9E762
:10A46400E30555F8040BD0D5A1054CBFC0B280B2AA
:10A47400CBE7023639465846C0470028A9DA83E7B5
:10A48400013639462D20F7E7013C39461BF8040014
:10A49400C0470028FFF678AF002CF5D14E446DE795
:10A4A4008128010017C900000CB430B58BB00446F4
:10A4B4000D462022002102A801F075FD0223002D83
:10A4C40006948DF80A300C4B039312DB01D06B1EFB
:10A4D4001C440FAA0E9902A807940192FFF7AEFE3E
:10A4E40015B1069B00221A700BB0BDE8304002B0D3
:10A4F40070470024EDE700BF5BC00000836800EBF9
:10A50400C101B3F5004F2CBF51F8220031F81200FD
:10A514007047012208B5FFF7F1FFD04008BD08B528
:10A524008368B3F5004F06D3FFF7F3FF01288CBF10
:10A534000020012008BD0020FCE730B400258C6811
:10A54400CB6004F00304032C14BF2C464C688D60CC
:10A5540014B1A44630BC604730BC7047038B13F081
:10A56400070306D10368002B18BF032008BF00208F
:10A574007047022B05D1408BB0FA80F0400980006F
:10A584007047012B04D10368002B18BF0520EDE7A9
:10A594000020704710F0700F09D100F07F0310F015
:10A5A400800F4FF0010018BF10339840704700200F
:10A5B40070474B1CDBB28170817680F82530C376FE
:10A5C40000F8061C704750E90231D0F89C00184787
:10A5D4000022036983F84A207047036993F84A000C
:10A5E40050B193F8480038B1D3F8902093889189FA
:10A5F40010695B1A9BB2C01A70470022036983F882
:10A604004B207047036993F8490008B193F84B0055
:10A61400704708B50246FFF7F5FF28B91046FFF763
:10A62400DCFF003818BF012008BD0269D2F8901081
:10A6340088898B8809691B1A9BB2994204BF00233D
:10A6440082F84830D2F88C300120D9885B8999424D
:10A6540004BF002382F8493070470369C3E900123C
:10A6640070470229036908D004290BD001290ED1AF
:10A67400D3F8943000201360704793F89B30C3F3F1
:10A684004003F7E793F89B3003F00103F2E76FF020
:10A694008500704740E800F313F4803FD8B208BF48
:10A6A4006FF01500704730B50C684B6885B00A89A7
:10A6B4004D890094013B24F01F04234402F01F023F
:10A6C40042EA451223F01F0369468DF808200393DC
:10A6D400F6F760FD05B030BD0C220369C9B202FB78
:10A6E4000133986F00F00700704770B50346C9B294
:10A6F4000069EFF31186202484F31288BFF36F8F6F
:10A704000C2505FB0104A46F14F0C00401D0A2427F
:10A7140010D1012205FB01008267002086F3118815
:10A72400BFF36F8F28B95B6803EBC1035B6898477D
:10A73400002070BD4FF0FF30F0E78022FFF7D5BF57
:10A74400F8B5069F05460469C9B2EFF3118C2020C1
:10A7540080F31288BFF36F8F0C2606FB0146B06F9F
:10A7640000F0070EBEF1010F11D1B76700268CF37C
:10A774001188BFF36F8F46B90C2000FB0144C4E974
:10A784001C236B6853F8313098473046F8BD00F00D
:10A79400C00087420CBF6FF077064FF0FF36E6E744
:10A7A40013B580240094FFF7CBFF02B010BD10B4A2
:10A7B4001C240069CBB204FB0300002110BC104729
:10A7C4004FF4000200230020C1E900237047002851
:10A7D40009DBB0F5801F06D2C0F5801081428CBF22
:10A7E400002001207047002070474FF4801200239E
:10A7F4000020C1E900237047436800205B681B699F
:10A804000B607047436802EA01005B6821EA0201B9
:10A8140098600020D9607047436800205B689960A5
:10A824007047436800205B68D960704743685B6881
:10A834005A6821EA0200114098600020D9607047EC
:10A8440000207047F0B4D0E901631B693BB177681D
:10A854008F4208DB3568954205DCF0BC18476FF081
:10A864005700F0BC70476FF01500FAE7012303FAB4
:10A8740001F103691B68194218BF82F0010212B189
:10A884008368DB68184783681B69FBE708B543687E
:10A89400986A38B1012293F82C10FFF7E7FF00EA19
:10A8A400E07008BD6FF08500FBE74368986A20B14B
:10A8B400002293F82C10FFF7D9BF6FF08500704782
:10A8C40043681B68B3F1004F14BF00206FF0010010
:10A8D400B0FA80F0400970470346084631B95B6816
:10A8E4001B68B3F1004F01D0136070476FF015007F
:10A8F400704743681B68B3F1004F1ABF00200B6018
:10A904006FF001007047002070474FF47F03D3F8C5
:10A914003021D3F83401022808BF072A0CBF0120D4
:10A92400002070474FF47F03D3F83001D3F834315B
:10A93400C31F58425841704703460020184710B5BA
:10A944004B880C88E41AA4B294420FD31A4492B2EE
:10A954008B884A800A800069D21A92B2824228BF48
:10A964001B184FF0000028BF8B8010BD6FF015003E
:10A97400FBE72DE9F0410546884616460027A988DD
:10A98400AA8928698A1A92B2821AB24228BF324628
:10A994002B8984B2CB1A9BB2834224BF1B1B9BB26C
:10A9A400E41AA4B2944228BF1446286821441844E7
:10A9B400A9803CB14146224601F017FB361B2744CF
:10A9C400A044DCD13A462846291DFFF7B8FF384693
:10A9D400BDE8F08138B50C461946204615461A469E
:10A9E400FFF7F5FE30B11BB12146284601F0FDFA10
:10A9F400002038BD6FF01500FBE739B900694FF04E
:10AA0400FF324FF0FF331030F6F7F0BC704770B5EB
:10AA14000569EFF31186202383F31288BFF36F8F48
:10AA2400D5F89000FFF7A5FF044686F31188BFF31D
:10AA34006F8F28B10022002305F11800FEF79AFA5F
:10AA4400204670BD01F06CBAF7B5002907461646DA
:10AA540029DB83688B4226D97B68C068CC1883685D
:10AA640001AA5B6969469847002213460199481E6A
:10AA7400019011B96FF0150017E00099486874B996
:10AA84005542D1F800C0AC45E64628BFAE46AC45B9
:10AA94000EFB003372440AD808310091E6E7E51A48
:10AAA400B5FBF0F5EDE76FF0210003B0F0BD7A6877
:10AAB4009B1AC6E900300020F7E773B583680C469B
:10AAC4009A420646114604D36FF01504204602B09C
:10AAD40070BDA242FADB6A46FFF7B6FF0028F3D145
:10AAE400DDE900351D44214630462A1BFCF7E2FA15
:10AAF4000028E9D12C46E9E740B1C368587810F042
:10AB040001001EBF1878B0FA80F04009704707B5FD
:10AB1400019001A8F6F792FE019B00EB8300D0F8A8
:10AB2400003223F0E04343EA0171C0F8001203B09D
:10AB34005DF804FB10B5044601462B20FFF7E7FF40
:10AB440021462C20FFF7E3FF21462A20FFF7DFFFF1
:10AB54002146BDE810401E20FFF7D9BF4FF0502317
:10AB6400012270B50C460546C3F814260020FFF7F1
:10AB7400E1FF28462346BDE870400021184773B51D
:10AB840040681446037C01F01F0242EA431240F27B
:10AB94000633E50604EA03034CBF0326C4F3401658
:10ABA400B3F5837F3FD00ED8062B3ED006D8002BBA
:10ABB4003BD0022B3BD06FF0150032E0B3F5807F21
:10ABC400F9D101250AE040F20225AB4231D0B3F5B8
:10ABD400407F30D0B3F5007FEDD1022523032CD57F
:10ABE400012340688B40836001A80192F6F726FE9A
:10ABF400019BC4F3004100EB8300D0F8002281F0F4
:10AC04000101C4F3404343EA410322F4706243EA7E
:10AC1400860322F00F0243EA05231343C0F80032EF
:10AC2400002002B070BD0725D8E71D46D6E70425ED
:10AC3400D4E70525D2E70325D0E7630341BF012309
:10AC440040688B40C360CFE700EBC1018068B0F57A
:10AC5400004F2CBF41F8223021F8123070472DE903
:10AC6400F041164604460F46FFF753FC31460546AD
:10AC74002046FFF74EFC05446B000122394620466E
:10AC8400FFF7E2FF31462046FFF743FC2B4631181D
:10AC940000222046BDE8F041FFF7D6BF8368B3F534
:10ACA400004F28BF0139B1FA81F0C0F11F0070478D
:10ACB4002DE9F04704460E46FFF731FC0746D8B9A4
:10ACC40031462046FFF725FC01462046FFF7E6FF04
:10ACD4000322804631462046FFF710FC8642054693
:10ACE40008F104090AD10122E36802FA08F223EA0E
:10ACF4000203E36044F82970BDE8F087314602227C
:10AD04002046FFF7FBFB06462B460146032220465E
:10AD140044F82950FFF798FF334629462046BDE8FA
:10AD2400F0470222FFF790BF2DE9F04104460D469B
:10AD3400FFF7F5FBB8BB29462046FFF7EAFB0146BF
:10AD44002046FFF7ABFF04EB80010E6996B90122A0
:10AD5400E36882401343E36002220D612B462946D7
:10AD64002046FFF771FF032229462046BDE8F04143
:10AD7400FFF76ABF022231462046FFF7BFFB0746B2
:10AD8400034629462046FFF75FFF03223346294640
:10AD94002046FFF759FF39462B462046FFF754FF5C
:10ADA40002223146E1E7BDE8F08100230B604368ED
:10ADB40013B9C0E90011704719604160704710B4BD
:10ADC400EFF31182202484F31288BFF36F8F416163
:10ADD40010BC0121F6F768BD70B500284AD00029DF
:10ADE40048D08B6803F00303012B04D0032B41D11B
:10ADF4004B68002B3ED00023CB608A68032A39D8E5
:10AE0400EFF31182202484F31288BFF36F8F4FF67F
:10AE1400FF76458B048BB54204F0070424D0062C3E
:10AE240025D8DFE804F016240824160416006FF071
:10AE34008505002303E0013545830123022582F3C0
:10AE44001188BFF36F8F6BB100232246FFF775FBA8
:10AE540008E0FFF7AAFF0CB12546EAE70221F6F75E
:10AE640023FD2546284670BD6FF00A05E7E76FF01D
:10AE74000405DEE76FF01505F4E7704710B500F13F
:10AE8400200104460120F6F703FE28B9022004F14C
:10AE94004C01F6F7FDFD08B101F082F810BD002960
:10AEA40030B404460DDB806888420AD9401A8342D4
:10AEB40007D8E0686468214484682468A44630BCE8
:10AEC40060476FF0150030BC7047002930B4044669
:10AED4000DDB806888420AD9401A834207D8E068AB
:10AEE4006468214484686468A44630BC60476FF099
:10AEF400150030BC70470029034610B40DDB806890
:10AF040088420AD9401A824207D8D8685B68194433
:10AF140083689B682BB110BC18476FF0150010BCF8
:10AF240070476FF05700FAE708B5C0688368DB68BC
:10AF34009847006808BD08B5C0688368DB6898470F
:10AF4400407908BD38B505460C46FCF79FFBB4F1C3
:10AF5400FF3F08BFB5F1FF3F1FBF47F6FF73002255
:10AF64004FF47A71C0FB013216BFD80B4FF0FF309B
:10AF740040EA424038BD38B54FF050244FF40073D6
:10AF8400C4F8083301236362002342F21075C4F845
:10AF94002431D4F82431D4F85C34DB0304D5012003
:10AFA400F6F7F0FD013DF6D138BD38B54FF0502429
:10AFB4004FF48073C4F808330123E361002342F2A1
:10AFC4001075C4F82031D4F82031D4F85434DB039C
:10AFD40004D50120F6F7D6FD013DF6D138BD034670
:10AFE400006828B15968026888421A6008BF5A602C
:10AFF4007047036E83F30B88704761B662B680F3C3
:10B004001188BFF36F8F704708B5FDF7DFFFBDE808
:10B014000840F7F7F9B9002383F31188BFF36F8F62
:10B024000423184602DF4FF47F03D3F83021D3F80A
:10B034003401072A05D10238022894BF00200120D8
:10B0440070470020704708B50169FFF7ECFF50B165
:10B054004FF05022D2F8583503F0030381F828301A
:10B064000123C2F858354FF050230022C3F8B82505
:10B074000720BDE80840F6F785BD38B504460569E4
:10B0840005F12003D3E8EF1F0131C3E8E21F002AD2
:10B09400F8D14FF0FF334FF0FF322069F6F7A6F9ED
:10B0A4006B6A23B92046BDE83840FFF7CCBF38BDF2
:10B0B4004FF05021022310B5C1F8B8350469FFF7E9
:10B0C400B2FF28B194F8283003F00303C1F85835CF
:10B0D40010BD2DE9F041064601200D46FFF72AFD7B
:10B0E400FFF7A1FF4FF05024C0B14FF00108002733
:10B0F4000520C4F81886C4F81476F6F743FD4046D4
:10B10400C4F81486F6F73EFDC4F81476C4F818762D
:10B1140030462B46BDE8F04100211847C4F8140618
:10B12400F6E70A448A4200D1704711F8013B40BA5D
:10B1340080B25840C0F303134340180380B2434025
:10B14400580100F4FF505840ECE70378027903F00B
:10B154000F011AB951B14FF0FF3070470829FAD8DE
:10B16400012A03D1C3F3C0000138704743F3C00080
:10B174007047C34300F00F00C3F3C01300EB031088
:10B1840070471FB5002291420CBF0623042301A976
:10B19400CDE9012203928DF80430F7F737FC00283B
:10B1A40018BF6FF0040005B05DF804FB38B5154610
:10B1B4000C4659B1FFF7BFFE2146254411F8013B67
:10B1C400834203D1A942F9D1012038BD0020FCE714
:10B1D40038B50C460123114622460546FFF75FFEAB
:10B1E40000280FDB012221462846FFF7DFFF18B1B4
:10B1F40003230020237038BD2378012B14BF0223BE
:10B204000123F6E70120F6E7FCF73EBB2DE9F843FE
:10B2140006460F469046994604254B464246394613
:10B224003046F8F71BFA10F10B0F044603D1FBF775
:10B2340021FD013DF1D12046BDE8F88308B5402940
:10B2440003693DD011D810292ED006D801291AD06F
:10B2540008291CD06FF0120008BD2029FAD193F8F8
:10B264009C1052BB01F0FB0116E0B1F5807F33D096
:10B27400B1F5007F39D08029ECD193F89C1042BB02
:10B2840001F0EF0108E0C3F894200020E4E793F80C
:10B294009C1032B901F0FE0183F89C10F8F7FAFA19
:10B2A400F3E741F00101F7E793F89C1012B901F0BC
:10B2B400FD01F1E741F00201EEE741F00401EBE7A3
:10B2C40093F89C1012B901F0F701E5E741F0080189
:10B2D400E2E741F01001DFE793F89C1012B901F0A6
:10B2E400DF01D9E741F02001D6E793F89C1012B9A9
:10B2F40001F0BF01D0E741F04001CDE738B5044685
:10B30400026902F12003D3E8EF5F013DC3E8E15F86
:10B314000029F8D1536A23B9FFF7CAFE0DB9FBF728
:10B32400D9FA2069BDE83840F8F722BB2DE9F04F7F
:10B3340081460F469B46164685B0002A00F08A8057
:10B34400002B00F085800029C0F284804268CB186D
:10B35400D26A93427ED87C4204F00304FFF78DFE48
:10B364005C4528BF5C46734203F0030306F0030503
:10B3740058BF5D426D4205F003055D4528BF5D463B
:10B38400ABEB0402ABEB050322F0030823F0030349
:10B394009845C8BF984602F0030ACABFD21ACDF82E
:10B3A40004A00192B8F1000F16D006EB050B41463C
:10B3B400032358463A19FCF71FFC824601464846C7
:10B3C400FFF71BFBBAF1000F38D1AC4204D0424660
:10B3D4005946301900F016FEBCB1C4F104050DF154
:10B3E400080B0421032358467A1BFCF705FC82460C
:10B3F40001464846FFF701FBBAF1000F1ED1224671
:10B4040030460BEB050100F0F0FD019BEBB1082188
:10B414003A190DEB010003234244FCF7EDFB82468D
:10B4240001464846FFF7E9FABAF1000F06D108EBE6
:10B434000400019A02A9304400F0D7FD4846FFF702
:10B444005DFF504605B0BDE8F08FDDF804A0F5E7D8
:10B454009A46F6E76FF0150AF3E72DE9F0430E4636
:10B4640007461D469046416885B0002A70D0002BDF
:10B474006ED0042B01D9AB076AD116F0030467D14F
:10B48400002E65DBCA6A7319934261D83846FFF708
:10B49400F4FD21463846FFF774FE002855D1032DEC
:10B4A4001CD80421032332466846FCF7A5FB044656
:10B4B40001463846FFF7A1FA9CBB2A464146684636
:10B4C40000F093FD0223324604216846FCF794FB06
:10B4D400044601463846FFF790FA22E008F060433C
:10B4E400B3F1005F02D118F0030F29D0102DA94643
:10B4F40028BF4FF0100941464A46684600F075FDE2
:10B504004946022332466846FCF776FB0446014668
:10B514003846FFF772FA24B9B5EB0905C8444E441E
:10B52400E4D101213846FFF72CFE05463846FFF7E3
:10B53400E5FE002C18BF2546284605B0BDE8F0837B
:10B544000223324629464046C0E76FF00404E8E788
:10B554006FF01505F0E72DE9F84307460D4616464A
:10B56400D0F804C0C1F30B03002A66D0C2F30B0168
:10B5740051EA030461D1002D5FDBDCF82C30AA18FA
:10B584009A425AD8FFF779FD21463846D7F8048005
:10B59400FFF7F7FD00284DD1D8F82C309E422AD170
:10B5A40000210220FCF7A6FBB1460446214638469A
:10B5B400FFF723FA8CB94D44A6EB090600214FF49A
:10B5C400A470FFF7BFFC384600F0C1FB041E04DB87
:10B5D40014F00104F2D1002EDED101213846FFF728
:10B5E400D0FD002C14BF254605463846FFF786FEDD
:10B5F4002846BDE8F883B6F5803F09D3ABB253B90A
:10B6040029460120FCF776FB4FF480390446CDE748
:10B61400B6F5805F09D3C5F30B0030B92946FCF7B2
:10B6240069FB4FF480590446C0E74FF000096FF0FE
:10B634001504BBE76FF00405D7E76FF01505D7E7EE
:10B6440018B901F11000F8F793B970471046F8F7EC
:10B654008FB908B5F8F7ECFF10B1F9F7FFF8F9E77F
:10B6640008BD002307B50022019301A80023FBF7BE
:10B67400DBFF019B88B1FFF7ECFF0022002301A848
:10B68400FBF7D2FF38B90423019840600374F9F73B
:10B6940099F8F7F71DF8002300E05B60184603B043
:10B6A4005DF804FB0120F9F70BB92DE9F843814655
:10B6B4000B4617464FF000080669D6F88C50688987
:10B6C400EA88E989121A92B2BA4228BF3A46D5F8F2
:10B6D40010C0411A89B261451FFA8CF424BF091BBA
:10B6E40089B2641AA4B2944228BF14460219D5F848
:10B6F40000C06A8154B133B118462246614400F057
:10B7040074FC034623443F1BA044D8D14246284638
:10B7140005F10A01FFF713F996F8A030BBB1D6F88A
:10B724008C209388918912695B1A9BB2D31A3F2BA0
:10B734000DD996F89E303BB1D9F8043032461B6AD5
:10B744000021187BF9F7A4FB002386F8A0304046BB
:10B75400BDE8F883012208B5FFF7A7FF013818BF39
:10B764004FF0FF3008BD012801D1EFF30583EFF35B
:10B774001183202383F31288BFF36F8FEFF31182B9
:10B7840083F31288BFF36F8FFEE708B501460068A4
:10B79400FFF7E9FF0021012008B5FFF7E4FFF0B54A
:10B7A40016688E421CD2845D751C812C0AD1A94274
:10B7B40016D9445DB51C6019884211D80020156063
:10B7C4001C60F0BD822C09D14C1EAC4208D9475DE7
:10B7D40030448478F51C04EB0724ECE77F2CEAD989
:10B7E4006FF08600EDE7F7B51F461B680C469342E1
:10B7F40005461146089E03D36FF0860003B0F0BDE2
:10B804005A1CE35C0192022BF6D16B46204601AA36
:10B81400FFF7C5FF0028EFD1009A002AECD0019968
:10B824006A80531829803B6014F901C04F1CBCF195
:10B83400000F635C0197DFDB012A07D033B9E35DB6
:10B84400013A023100920191002BD5D046B1032A6E
:10B85400D2D8019F19463C440127974206D3316050
:10B86400D2000AB1190607D5AA80C7E714F801CB9C
:10B8740001370CEB0121F0E75B00013ADBB2F0E7A2
:10B8840037B5002400250A4601466846CDE900453F
:10B8940000F0ABFBDDE90023182A73F100010FD39C
:10B8A400B2F5807F73F100010CD3B2F5803F73F1E0
:10B8B400000209D3002B14BF0920052003B030BDBA
:10B8C4000120FBE70220F9E70320F7E708B5036846
:10B8D4001C2B04D1E0220021083000F064FB00207E
:10B8E40008BD2DE9F3410E469046044628B94FF0B1
:10B8F400FF37384602B0BDE8F0810029F7D0CB68A5
:10B904000D8940461D44042329460DEB0302FFF72D
:10B91400C6FA07460028EAD146F60812BDF8041014
:10B924007389914225D1BDF806109942DFD10423D1
:10B9340040460DEB03022944FFF7B1FA0028D6D1A3
:10B9440046F60713BDF804209A42D0D14FF6FF7390
:10B9540023810023C4E90068A3727389BDF806201B
:10B964002B44E360738913442B44043563612561DC
:10B97400BFE7002BE4D0BAE72DE9F04F85B00D46C0
:10B98400C0B201A91646F6F783F8002837DB019BFD
:10B99400ABB3D3E90178D86802A9836803AA5B69C9
:10B9A400D5F800909847DDE9020A00231C461946A1
:10B9B4000430B844514504D100202B6005B0BDE8E3
:10B9C400F08F4FF0000CD0F800E050F8042C9445B0
:10B9D40002D301310830EDE7A7420CD8A045EBD9DA
:10B9E40099450FD906EBC302A4EB070B46F833B015
:10B9F400C2F804E0013374440CF1010CE5E76FF084
:10BA04001500DBE76FF00B00D8E7202408B5EFF34F
:10BA1400118384F31288BFF36F8FF7F741FBF6E7C6
:10BA240008B5FFF700FB60B14FF05023D3F8B825F9
:10BA3400920706D1D3F8580500F00300013818BF67
:10BA4400012008BD036A03B1D960704738B50468A2
:10BA5400C568AC4204D30821FFF7F4FF002038BDC9
:10BA640002F01F0242EA41112170026801320260B1
:10BA74000120F4E72DE9F0470668D0F80C9004465D
:10BA84004E450D46904607D308212046FFF7DAFFBE
:10BA940000263046BDE8F087D1F804A0A9EB0603E0
:10BAA4009A45F1D80F4657F8043B3BB10421384678
:10BAB400FFF7E6FE56440644B145E5D33A4641460F
:10BAC4002046FAF71FFF06460028E1D020682968BF
:10BAD400884202D06A6800F095FA23686A681344C1
:10BAE4002360D6E708B50268C3689A4204D30821E4
:10BAF400FFF7A8FF002008BD0120FCE738B5044685
:10BB04000D46FFF7EFFF40B123681B78B5EB531FD9
:10BB140004D00A212046FFF795FF002038BD2DE907
:10BB2400F84F04460E4691461D46FFF7DBFF80465C
:10BB340028B1A36843B903212046FFF783FF4FF0E0
:10BB440000084046BDE8F88F2268177807F01F0BFD
:10BB5400BBF11F0F12D1FDB1236A1BB11B7C0BB1CA
:10BB64001521E9E701232B70002523680135636063
:10BB74002B442360A368013BA360E2E7BBF1170FEA
:10BB84000CD9ABF11803D9B2032905D801259D407E
:10BB9400A94504D20521CFE70721CDE70025E368B5
:10BBA40005F1010A5244934201D20821C4E74A46EE
:10BBB4000021304600F0F7F915B986F800B0D3E754
:10BBC4002268711E531913F80109934201F8010FF9
:10BBD400F9D1236A002BC8D01B7C002BC5D00737B2
:10BBE400FFB2022FC1D949463046FFF749FE8245CC
:10BBF400BBD0B5E770B50D4600210446FFF77EFFC4
:10BC040038B129462046BDE8704000230422FFF7DE
:10BC140086BF70BDFFF7EEBF38B50D46114604462A
:10BC2400FFF76CFFB0B1042200232046A918FFF7E8
:10BC340076FF78B122682A60E3689B1A6A689A42A0
:10BC440009D9636808212360A36820460133A360EF
:10BC5400FFF7F8FE002038BD38B5022204460D4631
:10BC6400FFF7DAFF18B123686A681344236038BD0C
:10BC740010B50446FFF736FF38B123681A78FF2A57
:10BC840005D00A212046FFF7DDFE002010BD013358
:10BC94002360FBE707B5019101AA0021FAF732FE00
:10BCA40003B05DF804FB07B5CDE900120322694631
:10BCB400FFF7E0FE03B05DF804FB1F220521FFF748
:10BCC400C5BE1F220721FFF7C1BED0E900321360B1
:10BCD4005A600023C0E90033704708B5FFF7F5FF49
:10BCE400037C23F0020303740023836008BD014630
:10BCF40010B5EFF31184202383F31288BFF36F8F01
:10BD040010F8083C13F0280F0DD151F8103C1838E6
:10BD14000BB1FFF7E2FF11F8083C23F0040301F82C
:10BD2400083CFAF759FF84F31188BFF36F8F10BDF5
:10BD340010B5EFF31184202383F31288BFF36F8FC0
:10BD4400FAF74AFF84F31188BFF36F8F10BD7FB5F4
:10BD5400FF238DF803300DF1030300220193012327
:10BD6400CDE90232052303A98DF80C3001AB04920E
:10BD74000593F6F74BFE0028A8BF9DF8030007B013
:10BD84005DF804FB38B505460C4613460A460146E1
:10BD94000020F7F7A5FD30B905B924B1BDE8384056
:10BDA4000020F8F7CBBE38BDF0B58FB00446FFF7DE
:10BDB40099FE002844D0236800221D7827460023DA
:10BDC40005AECDE902230FCF0FC60FCF0FC63B68D8
:10BDD4006D093360062D1BD02A1F0023012A4FF062
:10BDE40008028DF804300DEB020198BF01AB05A8E1
:10BDF400FFF795FE064618B3042D47D027D8023D19
:10BE0400012D2FD9059B2360A368013BA36018E093
:10BE1400294605A8FFF772FE90B1042200230DEB1A
:10BE2400020105A8FFF77BFE50B1079B089A013376
:10BE34000793059B934207D308212046FFF702FE90
:10BE4400002630460FB0F0BD1D786D09C2E7052D00
:10BE5400D8D1DDE90232B3F1004F72F1000111D300
:10BE64002946EAE7E3682168029A5B1A9A4205D9EF
:10BE7400D4E9012301332260A360DDE7059B134469
:10BE84000593BFE7DB185241CDE902329DF8045017
:10BE940025B16FF00F020023CDE90223029B8DF838
:10BEA400285007939DF828303BB9079B63B105A838
:10BEB400FFF77AFF0028F5D1C2E7059B089A934261
:10BEC400F5D21B78FF2BF2D1002D9BD005A8FFF7EC
:10BED400CFFE002896D1B3E7FBF734BB38B5EFF3B8
:10BEE4001185202383F31288BFF36F8F0468A04267
:10BEF4004FF000000DD08CB1A16760612046FFF7C0
:10BF0400ECFE04F11800FBF789FC2046FAF764FE06
:10BF1400012085F31188BFF36F8F38BD2046F8E701
:10BF240038B54FF050240223C4F808330123E360EA
:10BF3400002342F21075C4F80431D4F80431D4F863
:10BF44001834DB0304D50120F5F71CFE013DF6D1BE
:10BF540038BD13B5EFF31184202383F31288BFF3A4
:10BF64006F8F00230193D0E90423B3F1004F08BF7E
:10BF7400012A05D084F31188BFF36F8F02B010BD7E
:10BF840050F8043C23F008021B0740F8042CF1D5B8
:10BF9400836901A910380193FCF76EFFEAE7704743
:10BFA40008B5FFF738F802440346934200D17047BE
:10BFB40003F8011BF9E7F0B5C2F13705044602F0B6
:10BFC4001F020846EDB22746B4FBF2F602FB164107
:10BFD4003446CBB2092984BF5B19DBB2BA4203F100
:10BFE400300300F8013BEED9F0BD0A44431E9142F0
:10BFF40000D1704710B511F8014B914203F8014F7D
:10C00400F9D110BD884210B501EB020402D9844273
:10C01400234607D8431EA14207D011F8012B03F889
:10C02400012FF8E70244824200D110BD13F8011D2C
:10C0340002F8011DF7E70139024410B5904201D11D
:10C04400002005E0037811F8014FA34201D0181B2A
:10C0540010BD0130F2E7D1E9043293421EBF5A1CED
:08C064000A611870704700002A
:08C06C00784BFF7F010000008A
:10C07400DD1100000000000000000000F4C000001A
:10C084006D5E000000000000755B00000000000011
:10C094000000000010C10000000000002CC10000DE
:10C0A4000000000048C10000ED1D00000000000079
:10C0B400C114000000000000D97900000000000055
:10C0C4000000000064C100000000000080C1000006
:10C0D4000BA90000000000008D1E000000000000FD
:10C0E400000000009CC1000000000000B8C1000076
:10C0F400B0C900000CC5000028C200007201002075
:10C1040060070020211F0000000000005EC900003D
:10C1140088C4000004C200006C010020C006002096
:10C1240045A80000000000006AC900009CC400008B
:10C1340004C200006E010020CC06002045A80000C7
:10C144000000000083C90000E402002084C2000053
:10C154007401002040000020651800000000000069
:10C1640076C90000D4C40000ECC1000070010020B6
:10C17400F00000207D2B00000000000096C90000A4
:10C1840000000000D4C1000076010020000000007F
:10C19400B5120000000000003BC9000028C40000E4
:10C1A40044C200006801002090060020753400009D
:10C1B400000000004EC9000058C4000044C2000042
:10C1C4006A010020A8060020753400000000000069
:10C1D400D9A90000CD390000813A0000AD12000059
:10C1E400EFA700009D12000031B300005FB400000F
:10C1F4005BB5000095120000C5A700008512000081
:10C2040083AB0000FDA7000009A800001DA80000E2
:10C2140027A8000031A80000000000000000000072
:04C224000000000016
:10C228003D1400003FA70000A5A700000000000083
:0CC23800DDA60000000000000000000077
:10C2440091A80000AFA80000C5A80000DDA8000068
:10C2540000000000F7A8000000000000000000003B
:10C2640000000000000000000000000000000000CA
:10C2740000000000000000000000000000000000BA
:10C2840059B70000111B00000000000013AA0000B1
:10C29400AFB60000B1130000D5A50000DFA5000073
:10C2A400D1130000FFA500000000000009A6000053
:10C2B400000000000000000017A600002FA60000E8
:0CC2C4005FA6000041B2000067A6000069
:10C2D00000C2010000000800FF000000FF00000095
:10C2E000FF000000FF000000FF000000FF00000052
:10C2F0003082010A0282010100D106081A18442C7A
:10C3000018E8FBFDF70DA34F1FBBEE5EF9AAD24B59
:10C3100018D35AE96D188019F9F09C341BCBF3BC83
:10C3200074DB42E78C7F10537E435E0D572C44D163
:10C3300067080F0DBB5CEEECB399DFE04D840BAAF0
:10C34000774160ED152849A701B43C10E6698C2FB0
:10C350005FAC414D9E5C14DFF2F8CF3D1E6FE75B92
:10C36000BAB4A9C8887E473C94C37767544BAA8D5A
:10C370003835CA62617EB7E115DB7773D4BE7B7254
:10C3800021896924FBF8656E643EC80ED785D55CAB
:10C390004AE4530D2FFFB7FDF31339833FA3AED209
:10C3A0000FA76A9DF9FEB8CEFA2ABEAFB8E0FA82AE
:10C3B0003754F43EE12BD0D3085818F65E4CC888A9
:10C3C0008131AD5FB08217F28A692723F3AB873ED4
:10C3D000931A1DFEE8F81A246659F81CABDCCE68E7
:10C3E0001B666435ECFA0D119DAF5C3AA7D167C6A8
:10C3F00047EFB14B2C62E1D1C902030100010000FB
:10C40000FF000000FF000000FF000000FF00000030
:10C41000FF000000FF00000000000000000000001E
:10C420000338FDD87047000000000080FFFFFF7F49
:10C430000000008000000080FFFFFF7F0000008000
:10C44000000000000000000012C7000000FF0A000A
:10C4500010C100000F00010000000080FFFFFF7FFF
:10C460000000008000000080FFFFFF7F00000080D0
:10C47000000000000000000012C7000000FF0A00DA
:10C4800010C100001F000000FFFFFFFF00258450C7
:10C49000000000000000000000000000FFFF00009E
:10C4A000002884500000000000000000010000008F
:10C4B0001100001D0D00001F0E0000201200001EC4
:10C4C000B0C400000400000000B00250C0C400006E
:10C4D000010000000000000000000000000000005B
:10C4E000000000000000000000000000000000004C
:10C4F000020000000000000BF40100000001010038
:10C5000000008000C2281700C8C40000D915000030
:10C51000A91B00005115000049AA0000D914000011
:10C520007BAF000015150000AFAF00000000000059
:10C53000000000000000010080C1000001000000B8
:10C54000000001000040070080C100000200000060
:10C55000004008000040070080C100000300000008
:10C5600000800F000080000080C10000010000007A
:10C5700000FF00000400000000FF000000080000B1
:10C580000010000029120000F91100000000000056
:10C59000000000204000000006000100D7B00000AD
:10C5A00061AB000000000000F5C9000000010000C0
:10C5B000000000002CC100000D001100091C00004B
:10C5C00021100000008000500090005074C0000056
:10C5D0007CC00000ACC00000B4C00000F4C000008B
:10C5E000F4C00000982F8A4291443771CFFBC0B548
:10C5F000A5DBB5E95BC25639F111F159A4823F922E
:10C60000D55E1CAB98AA07D8015B8312BE85312486
:10C61000C37D0C55745DBE72FEB1DE80A706DC9B47
:10C6200074F19BC1C1699BE48647BEEFC69DC10FF3
:10C63000CCA10C246F2CE92DAA84744ADCA9B05C2F
:10C64000DA88F97652513E986DC631A8C82703B0F2
:10C65000C77F59BFF30BE0C64791A7D55163CA0600
:10C6600067292914850AB72738211B2EFC6D2C4D0C
:10C67000130D385354730A65BB0A6A762EC9C281FA
:10C68000852C7292A1E8BFA24B661AA8708B4BC290
:10C69000A3516CC719E892D1240699D685350EF4BA
:10C6A00070A06A1016C1A419086C371E4C77482771
:10C6B000B5BCB034B30C1C394AAAD84E4FCA9C5BE7
:10C6C000F36F2E68EE828F746F63A5781478C88438
:10C6D0000802C78CFAFFBE90EB6C50A4F7A3F9BE1A
:10C6E000F27871C677C295F360D2EF7F3552500F62
:10C6F0002CB6798001000200100011001200200009
:10C7000021002200230024003000310032003300D9
:10C71000FFFF00010203040506070B4142434445A5
:10C72000464748494A4B4C4D4E4F50515253545531
:10C73000565758595A6162636465666768696A6BDF
:10C740006C6D6E6F707172737475767778797A30FC
:10C750003132333435363738392B2F3082010A02E3
:10C7600082010100D106081A18442C18E8FBFDF7D5
:10C770000DA34F1FBBEE5EF9AAD24B18D35AE96D39
:10C78000188019F9F09C341BCBF3BC74DB42E78CA6
:10C790007F10537E435E0D572C44D167080F0DBBAD
:10C7A0005CEEECB399DFE04D840BAA774160ED15A8
:10C7B0002849A701B43C10E6698C2F5FAC414D9E1F
:10C7C0005C14DFF2F8CF3D1E6FE75BBAB4A9C888EE
:10C7D0007E473C94C37767544BAA8D3835CA626153
:10C7E0007EB7E115DB7773D4BE7B7221896924FBA8
:10C7F000F8656E643EC80ED785D55C4AE4530D2FAC
:10C80000FFB7FDF31339833FA3AED20FA76A9DF99B
:10C81000FEB8CEFA2ABEAFB8E0FA823754F43EE151
:10C820002BD0D3085818F65E4CC8888131AD5FB064
:10C830008217F28A692723F3AB873E931A1DFEE81D
:10C84000F81A246659F81CABDCCE681B666435EC1C
:10C85000FA0D119DAF5C3AA7D167C647EFB14B2CDB
:10C8600062E1D1C9020301000101020203030303D3
:10C87000000000000000000006092A864886F70D27
:10C8800001010105007F7F7F7F7F7F7F7F7F7F7F2B
:10C890007F7F7F7F7F7F7F7F7F7F7F7F7F7F7F7FA8
:10C8A0007F7F7F7F7F7F7F7F7F7F7F7F7F7F7F7F98
:10C8B0003E7F7F7F3F3435363738393A3B3C3D7FCA
:10C8C0007F7F407F7F7F0001020304050607080980
:10C8D0000A0B0C0D0E0F1011121314151617181940
:10C8E0007F7F7F7F7F7F1A1B1C1D1E1F202122231D
:10C8F0002425262728292A2B2C2D2E2F3031323380
:10C900007F7F7F7F7F04010403040204010401048C
:10C9100003010403040104286E756C6C29006D6129
:10C92000696E000A00726300696D61676500646189
:10C930007461006C656E006F666600726567756C89
:10C9400061746F722D3376332D6374726C0073656E
:10C950006E736F722D7077722D6374726C006770D6
:10C96000696F40383432353030006770696F403855
:10C970003432383030006D783235723634333566C3
:10C98000403000626F6172645F6364635F61636D16
:10C990005F7561727400666C6173682D636F6E748D
:10C9A000726F6C6C65724035303033393030300026
:10C9B000636C6F636B403530303000696D61676563
:10C9C0007300736C6F7400686173680076657273CE
:10C9D000696F6E002568752E2568752E25687500AF
:10C9E0002E257500303132333435363738394142EF
:10C9F0004344454600737973776F726B7100000092
:10CA00000000000099B700000000000099B7000086
:10CA10000000000099B700000000000099B7000076
:10CA20000000000099B70000895C00003DA90000EB
:10CA30000000000099B700000000000099B7000056
:10CA40000000000099B700000000000099B7000046
:10CA50000000000099B700000000000099B7000036
:10CA60000000000099B700000000000099B7000026
:10CA70000000000099B700000000000099B7000016
:10CA80000000000099B700000000000099B7000006
:10CA90000000000099B700000000000099B70000F6
:10CAA0000000000099B70000000000002D310000D8
:10CAB0000000000099B700000000000099B70000D6
:10CAC0000000000099B700000000000099B70000C6
:10CAD0000000000099B700000000000099B70000B6
:10CAE0000000000099B700000000000099B70000A6
:10CAF0000000000099B700000000000099B7000096
:10CB00000000000099B700000000000099B7000085
:10CB10000000000099B700000000000099B7000075
:10CB20000000000099B700000000000099B7000065
:10CB30000000000099B700000000000099B7000055
:10CB40000000000099B700000000000099B7000045
:10CB50000000000099B70000F55B00003DA900004F
:10CB60000000000099B700000000000099B7000025
:10CB70000000000099B700000000000099B7000015
:10CB80000000000099B700000000000099B7000005
:10CB90000000000099B700000000000099B70000F5
:10CBA0000000000099B700000000000099B70000E5
:10CBB000C54000003DA90000255B00003DA9000024
:10CBC0000000000099B700000000000099B70000C5
:10CBD0000000000099B700000000000099B70000B5
:10CBE0000000000099B700000000000099B70000A5
:10CBF0000000000099B700000000000099B7000095
:10CC00000000000099B700000000000099B7000084
:10CC10000000000099B700000000000099B7000074
:08CC20000000000099B70000BC
:10CC28002DE9F041036883F30888002383F314880F
:10CC3800BFF36F8FBFF36F8FDFF818C0064F4FF049
:10CC48000058D0F804E0A7EB0C0770460047BDE891
:10CC5800F08100BF0000002040000020000000001C
:10CC680000000000000000000000000000000000BC
:10CC780000000000000000000000000000000000AC
:10CC8800000000000000000000000000000000009C
:10CC9800000000000000000000000000000000008C
:10CCA800000000000000000000000000000000007C
:10CCB800000000000000000000000000000000006C
:10CCC800000000000000000000000000000000005C
:10CCD800000000000000000000000000000000004C
:10CCE80000000000000000000000000030010020EB
:10CCF8001C01002000C20100000008000000000024
:10CD0800000000000000000000000000000000001B
:10CD1800F0000020F00000200100000001000000E9
:10CD280000010020000100200000000001000000B8
:10CD38000000000000000000000000002870002033
:10CD480000000000000000000000000000040000D7
:10CD5800287400200000000000000000000000000F
:10CD680000040000E90F000080000000C94C00002A
:10CD780000000000C94C0000800000005C01002099
:08CD88005C0100200090D003C3
:10CD90000000000000000000000000000000000093
:10CDA000000000000000000001770000000000000B
:10CDB0000000000000000000900100209001002011
:10CDC000A9B6000000000000000000000000000004
:08CDD00000000000000000005B
:10CDD800B0010020B0010020A86D00200000000074
:0CCDE8002000000014000000000000000B
:10CDF400CC010020CC010020000000000000000055
:04CE04000E0000001C
:10CE0800E0010020E0010020010000000100000016
:10CE18000000000000000000F8010020F8010020D8
:10CE280012010002EF020140151900530404010227
:10CE3800030109020000000100C032080B000202D1
:10CE4800020000090400000102020000052400108D
:10CE58000105240102010424020205240600010739
:10CE680005800310000A09040100020A00000007F7
:10CE78000580024000000705000240000004030985
:10CE88000432034E6F726469632053656D69636F82
:10CE98006E647563746F7220415341000000000096
:10CEA800000000000000000000000000000000007A
:10CEB8000000002A03426F6F746C6F616465722012
:10CEC8005468696E67793A35330000000000000045
:10CED80000000000000000000000000000220330F5
:10CEE80031323334353637383941424344454600C8
:10CEF800000000000000000000000000000000002A
:01CF08000028
:10CF0C000000000023020020B7A50000094F00001C
:10CF1C00F1120000000000000000000003000000FF
:04CF2C00440100209C
:04CF30004553000065
:04CF340015E015E00F
:0400000300008FED7D
:00000001FF
